text,label
What is my money worth in other countries?,inquiry
Will my money be of equal value when I travel abroad?,inquiry
Do you know the rate of exchange?,inquiry
What foreign exchange rate will I get on weekdays and on the weekends?,inquiry
What is the exchange looking like?,inquiry
How is the exchange rate doing?,inquiry
I would like to know how exchange rates are calculated when transferring funds.,inquiry
I would like to know what exchange rates you use?,inquiry
"If I need to cash foreign transfers, how does that work?",inquiry
Do you know what your exchange rates are?,inquiry
How do I know what exchange rate I will get?,inquiry
What are you exchange rates?,inquiry
Do you have the best exchange rate?,inquiry
Where can I find your exchange rates?,inquiry
Your exchange rates come from where?,inquiry
I need to know what your exchange rates are.,inquiry
What's the process for exchanges?,inquiry
What do you think of the exchange rate?,inquiry
How are exchange rates calculated at this bank?,inquiry
What do you use to figure out the exchange rate for the card?,inquiry
What's the foreign exchange rate I will receive?,inquiry
I need to know what foreign exchange rate I can get.,inquiry
What are the current exchange rates?,inquiry
What exchange rate will I receive?,inquiry
What is the basis of your exchange rates?,inquiry
How's the exchange rate?,inquiry
How do you determine your exchange rates?,inquiry
How do the foreign exchange rates work?,inquiry
Where are you getting your exchange rates from?,inquiry
How is the exchange rate calculated?,inquiry
I'm interested in what your exchange rates are based on.,inquiry
How do you decide what the exchange rates are?,inquiry
What is the current exchange rate?,inquiry
What is the formula for your exchange rate?,inquiry
What method do you use for the exchange rate?,inquiry
What are Interbanks current exchange rates?,inquiry
from where are coming your exchange rates?,inquiry
How do you calculate exchange rates?,inquiry
Why is your exchange rate different on different days?,inquiry
Where can I find the exchange rate for my transfer?,inquiry
Where can I get your exchange rates from?,inquiry
How do you find the exchange rate?,inquiry
How are exchange rates determined?,inquiry
What value can I get for my currency?,inquiry
Please explain your exchange rate policy.,inquiry
What are your exchange rates calculated from?,inquiry
What is an exchange rate?,inquiry
What is your opinion on the exchange rate?,inquiry
What are the exchange rates you assign?,inquiry
How do you determine exchange rates?,inquiry
How are your exchange rates calculated?,inquiry
How is an exchange rate calculated?,inquiry
"When exchanging, how much are the rates?",inquiry
What is the exchange rate for EUR?,inquiry
How can I find your exchange rates?,inquiry
Could you please tell me your exchange rates?,inquiry
Is there an exchange rate?,inquiry
How does the exchange rate work?,inquiry
What is the present state of the exchange rate?,inquiry
How are foreign exchange rates determined?,inquiry
How's the exchange rate looking right now?,inquiry
Please explain the exchange rates.,inquiry
What is the foreign exchange rate you will apply?,inquiry
explain the interbank exchange rate,inquiry
What will my exchange rate be?,inquiry
how do you get exchange rates,inquiry
What exchange rates do you use?,inquiry
How will I know what the exchange rate is?,inquiry
What factors effect the exchange rate?,inquiry
Where does the exchange rate stand right now?,inquiry
I'd like to know what the foreign exchange rate will be.,inquiry
Does the exchange rate change?,inquiry
How do your exchange rates factor in?,inquiry
Will I know which exchange rate I will get?,inquiry
How do I know what the exchange rate will be when I make an exchange.,inquiry
Is the exchange rate the same on weekends as the weekdays?,inquiry
How do you do exchanges?,inquiry
On what do you base your exchange rates?,inquiry
How do you come up with your exchange rate,inquiry
What factors determine your exchange rate?,inquiry
How are the exchange rates determined?,inquiry
I would like to know what your exchange rates are.,inquiry
Is the exchange rate current?,inquiry
What are the exchange rates?,inquiry
How much are the rates of exchange?,inquiry
How do you decide what your exchange rates are?,inquiry
Your exchange rates are coming from where?,inquiry
Is there a specific source that the exchange rate for the transfer I'm planning on making is pulled from?,inquiry
How are the exchange rates for transfers calculated?,inquiry
How do I know how much money I will have when I travel abroad?,inquiry
How do you do currency exchanges?,inquiry
Can you explain your exchange rates basis?,inquiry
How did you guys get your exchange rate?,inquiry
Can you tell me your exchange rates?,inquiry
Could you tell me what your exchange rates are?,inquiry
Does this app have the same exchange rate as third parties?,inquiry
what are your exchange rates at?,inquiry
How is the current exchange rate?,inquiry
What is the system for determining the exchange rate?,inquiry
I am travelling and I was wondering what your exchange rates are,inquiry
How can I tell what foreign exchange rate I will get?,inquiry
Tell me your opinion on the exchange rate.,inquiry
I'd like to know what you guys look at to decide an exchange rate,inquiry
How does the exchange rate work on this app?,inquiry
where do you find your exchange rates?,inquiry
I want to know your exchange rates.,inquiry
What exchange rate is it?,inquiry
What is the source of your exchange rates?,inquiry
i need to know about exchange rates,inquiry
Where do you get those exchange rates?,inquiry
How do you determine the exchange rate?,inquiry
What foreign exchange rate will I get?,inquiry
How many different currencies can I hold money in?,inquiry
Do you allow currency exchanges?,inquiry
How many currencies can I have money in in my account?,inquiry
Is the EUR accepted for exchanges?,inquiry
Is it okay to hold money in multiple currencies?,inquiry
Can I have money in more than one currency in my account?,inquiry
What currencies can I have?,inquiry
What currencies can my account be in?,inquiry
How many currencies can I have?,inquiry
Are EUR exchanges allowed?,inquiry
I want to have multiple currencies in my account if possible.,inquiry
Do you convert to Euro?,inquiry
What fiat currencies can I use for holding and exchanging?,inquiry
Can exchanged be made to EUR?,inquiry
I need to know what flat currencies you support for holding and exchange.,inquiry
Do you support other currencies?,inquiry
Can you convert to EUR?,inquiry
What are the fiat currencies used?,inquiry
"What currencies can I not hold many in, if so what are they?",inquiry
How many different currencies can I have my money in?,inquiry
Which fiat currencies are supported by you?,inquiry
What currencies do you offer?,inquiry
Are there any fiat currencies that you will not work with?,inquiry
I wondered if multiple currencies is okay?,inquiry
Are all fiat currencies supported?,inquiry
Can you tell me the names of the fiat currencies that I can use at your institution?,inquiry
Can I change or hold different currency?,inquiry
Which flat currencies are supported for holding and exchange?,inquiry
What other fiat currencies can I use?,inquiry
What fiat currencies do you allow exchange with?,inquiry
Are all European currencies available for holding and exchange?,inquiry
Can you tell me how many currencies I can hold?,inquiry
What types of foreign money can be used with this service.?,inquiry
Am I allowed to hold money in multiple currencies?,inquiry
What fiat currencies do you support?,inquiry
"I need to hold money, what currencies can I use?",inquiry
Can you do exchanges of EUR?,inquiry
What are all the fiat currencies that are supported for both exchange and holding?,inquiry
What currencies can I hold?,inquiry
what currencies do you accept?,inquiry
Are there limitations to what currency I can hold?,inquiry
What types of fiduciary currencies are supported for tenure and exchange?,inquiry
Can I hold more than one currency?,inquiry
What fiat currencies are used with holdings and exchanges?,inquiry
Is it possible to hold money in multiple currencies?,inquiry
Can I have multiple currencies in my account?,inquiry
I need to know which fiat currencies I can use with you.,inquiry
How can I solve my issue with holding multiple currencies?,inquiry
What currencies do you support?,inquiry
Do you support fiat currencies?,inquiry
Can my account have different types of currency in it.,inquiry
What kind of money can I hold?,inquiry
Will you be able to exchange to EUR?,inquiry
Is my country's currency supported by your system?,inquiry
What flat currencies do you support for holding and exchange?,inquiry
What kind of fiat currencies are supported for holding and exchange?,inquiry
Can you make exchanges with the EUR?,inquiry
Is EUR one of the currencies you deal with?,inquiry
Are EUR exchanges acceptable?,inquiry
What currencies can I exchange?,inquiry
What fiduciary currencies are supported for tenure and exchange?,inquiry
Will you be adding more currencies in the future?,inquiry
How can I hold and exchange fiat currencies?,inquiry
What currencies are available for my use in holding and exchange?,inquiry
I would like for someone to tell me which fiat currencies that your company supports.,inquiry
Which currencies are allowed?,inquiry
"I'm interested in using fiat currencies, which do you support?",inquiry
How do I go forth on holding money in multiple currencies?,inquiry
Which currencies will you exchange?,inquiry
I need a list of currencies you accept for exchange.,inquiry
What type of fiat currencies do you support?,inquiry
What currencies are supported?,inquiry
Please tell me which fiat currencies you support.,inquiry
Do you offer services that hold money in different types of currency?,inquiry
What currency is supported for exchanges and holding?,inquiry
What fiat money can I used in the exchange and holding?,inquiry
What fiat currencies are used for exchange?,inquiry
Do you provide currency exchange to Euros?,inquiry
What country's money can I hold currency in?,inquiry
What other currencies can I hang onto?,inquiry
"I'm interested in holding and exchange for flat currencies, what do you support?",inquiry
Do you have a problem with EUR exchanges?,inquiry
Can I exchange currency to Europe?,inquiry
What are eligible holding and exchange currencies?,inquiry
"In the exchange and holding, what fiat is allowed?",inquiry
How can I exchange to EUR?,inquiry
Do you allow exchanges of EUR?,inquiry
Are you able to make exchanges to EUR?,inquiry
Does my account have the option to hold multiple currencies?,inquiry
Which fiat currencies can I use through this app?,inquiry
"Do you hold money and if so, what currencies do you accept?",inquiry
Please tell me the types of currency I can hold.,inquiry
can I have multiple currencies?,inquiry
Will you work with any fiat currencies?,inquiry
Which flat currencies can I use from you?,inquiry
What fiat currencies are used for holdings?,inquiry
Which fiat currencies do you currently support? Will this change in this future?,inquiry
Can you make exchanges using the EUR?,inquiry
Is it possible to hold money in different currencies?,inquiry
Tell me the currencies that you support.,inquiry
are multiple currencies acceptable?,inquiry
Do you deal with EUR?,inquiry
"I heard that you support more than one type of fiat currency, would you tell me which ones please?",inquiry
Which fiat currencies are supported for holding and exchanging?,inquiry
What fiat currencies are supported?,inquiry
What are my options for holding money in multiple currencies?,inquiry
What flat currencies do you use for holding and exchanges.,inquiry
"I want to hold and exchange fiat currencies, what can I use to do so?",inquiry
Do you have EUR currency available for me?,inquiry
"If I was travelling abroad, would I be able to hold currencies in euros?",inquiry
Which fiat currencies are compatible for exchange and holding?,inquiry
Is my fiat currency supported for both hold and exchange?,inquiry
I need to know which flat currencies are supported by you.,inquiry
Please list what fiat currencies are supported for both holding and exchanging.,inquiry
Do you have support for flat currencies?,inquiry
I would like to know which fiat currencies are recognized by your organization.,inquiry
Can you change my currency to EUR?,inquiry
Are you okay with exchanges to EUR?,inquiry
Can I exchange my money for EUR?,inquiry
Can I have money of different country of origin.,inquiry
What are the currency types that I can keep money in.,inquiry
I need assistance with understanding which fiat currencies that you support.,inquiry
Could you tell me the fiat currencies that you work with?,inquiry
Which fiat currencies are supported?,inquiry
Which flat currencies do you support for holding and exchange?,inquiry
Can you tell me if I can hold money in several currencies?,inquiry
Can it specifically be delivered on a certain date?,inquiry
I need to get my card quickly,inquiry
When can I expect my card? I live in the US.,inquiry
Help! When will the card arrive at my home?,inquiry
Can I get my card fast tracked?,inquiry
How long is the wait for my card?,inquiry
i need to expedite my card,inquiry
When should I expect to receive my card?,inquiry
How long until my card will get here?,inquiry
How long is the delivery time to the US?,inquiry
Can I have it delivered on a specific date?,inquiry
"i am express delivering my card to the us, how long will that take",inquiry
I need my card soon.,inquiry
Can I choose when my card is delivered?,inquiry
When will my card be here?,inquiry
How long will delivery to the US take?,inquiry
When can I expect delivery?,inquiry
Can I specify a day for my card to be delivered?,inquiry
I'm worried my card might be lost in the mail? How long does it usually take to arrive?,inquiry
When will my card be delivered?,inquiry
can the delivery be specific to my needs?,inquiry
how long does delivery take?,inquiry
"To deliver to the US, how long will it take?",inquiry
How quickly can you get me my card?,inquiry
can I choose delivery times to suite me?,inquiry
Can I choose the day it's delivered?,inquiry
How long will this take to get to me?,inquiry
When shipped to the US how long is delivery time?,inquiry
"Give me my card, I need it now!",inquiry
I'd like to have it delivered on Saturday.  Is that possible?,inquiry
How long will I have to wait for my new card?,inquiry
How long is a delivery to the US?,inquiry
What is the delivery time to the US?,inquiry
How long does it take for deliver to the US?,inquiry
If I order a card when does it arrive?,inquiry
When can I expect my card?,inquiry
How long is delivery to the US?,inquiry
What is your shipping policies for cards?,inquiry
I ordered my card and it isn't here yet. I need it ASAP. When can I expect to get it?,inquiry
how long should I expect to wait for my card to arrive?,inquiry
When will my card come? I need it as soon as possible!,inquiry
How long should I wait for the card to arrive?,inquiry
What is the wait time for delivery to the US?,inquiry
Can you tell me when my card will arrive?,inquiry
When can I expect my card to arrive?,inquiry
Can I have it delivered on the date I need it delivered?,inquiry
What is the length of time for one of these items to come to the U.S?,inquiry
How long will it take to have my card mailed to me?,inquiry
Can cards be dispatched on a specific date?,inquiry
Can I have it by a certain date?,inquiry
I need my card as quick as possible,inquiry
How long will it take my card to get here?,inquiry
Is there a specific date it can be delivered by?,inquiry
I need my card to be delivered fast,inquiry
Is there a specific date i can have it delivered?,inquiry
How long will it take to deliver to the US?,inquiry
I need my card ASAP!,inquiry
How long will it take to get to the US?,inquiry
How soon will I get my card?,inquiry
What is the estimated date for delivery to US?,inquiry
How long does it take for the card to come?,inquiry
When will I receive the card?,inquiry
When should I expect my card to arrive?,inquiry
Can I pay more to get it deliver quicker?,inquiry
How long is the delivery to the US?,inquiry
Send me my card now! ASAP,inquiry
"I haven't received my card yet, how long does it normally take?",inquiry
How long is US delivery?,inquiry
can you express my card to me?,inquiry
When will it get delivered?,inquiry
how soon will my card arrive?,inquiry
I ordered my card a couple weeks ago and haven't received it yet. When can I expect it?,inquiry
How long does it take for cards to be delivered after ordering them?,inquiry
"If I need delivery on a certain day, is that something that could be accommodated?",inquiry
how much to get my card in 2 days?,inquiry
When are cards shipped?,inquiry
My card is needed soon,inquiry
What is the delivery time for US?,inquiry
I placed my order a week ago. Is it ok that my card isn't here yet?,inquiry
How soon do cards arrive after I order them?,inquiry
How will I get my card?,inquiry
How long does it take to receive my card?,inquiry
How long until the card arrives?,inquiry
Can I have my card delivered on Tuesday?,inquiry
Can you tell me how long it takes for a new card to come?,inquiry
i need to add express delivery if that's an option,inquiry
I need my card right away.,inquiry
Can i choose a specific delivery date?,inquiry
When will I get my card shipped to me?,inquiry
Do I have a say when it's delivered?,inquiry
I need my card delivered as soon as possible.,inquiry
I would like to make sure it is delivered on a certain date.,inquiry
When will I receive my card?,inquiry
Could I chose the date to have it delivered?,inquiry
How long does it take for a card to arrive?,inquiry
Will my card be here soon?,inquiry
Please send my card as quickly as possible.,inquiry
how long does it take to get my card i am in a rush,inquiry
When can I expect to receive my card?,inquiry
Are the delivery days flexible?  My schedule only allows me to be a available on specific dates.,inquiry
How many days to deliver to a US customer?,inquiry
When can I expect my new card to get here?,inquiry
How long are deliveries to the US?,inquiry
Can it be delivered on a certain date?,inquiry
What is delivery speed to the United States?,inquiry
How long does it take for something to be delivered to the U.S?,inquiry
How long does it take for my physical card to be delivered.,inquiry
what is the leadtime for a new card to show up in the mail?,inquiry
What's the earliest time to receive my card?,inquiry
are you sending me my card?,inquiry
I need my card immediately.,inquiry
When will it be delivered to the US?,inquiry
I can't use my card because it is not working.,complaint
I can't seem to be able to use my card,complaint
"My card isn't working at all, I need assistance. It's really frustrating.",complaint
Can you tell me what the problem with my card is? It was declined at a restaurant today.,complaint
How do I fix a broken card?,complaint
My card was working but now it doesn't.,complaint
I cannot seem to use my card.,complaint
I think my card is broke it's not working anymore,complaint
I have not been able to use this card.,complaint
What do I do if i accidentally broke my card?,complaint
How come my card doesn't work anymore?,complaint
"For a week now, I have tried to use my card and it is still not working.",complaint
My actual card isn't functioning.,complaint
I can't get the card itself to work.,complaint
What should I do if my card doesn't work?,complaint
Why won't my card work.,complaint
My card will not work,complaint
My card is not working.,complaint
HOW LONG THE CARD VALIDITY,complaint
My card seems to not be working at all.,complaint
My card gets rejected when I try to use it,complaint
I am unable to use my card for some reason.,complaint
Why can't I use my card?,complaint
I think my card is broke?,complaint
What do I do?  My card is broken.,complaint
"My Netflix subscription says that there is an issue with my card information, but I thought everything was fine. Why would it be declined?",complaint
My card was declined at a restaurant today and I don't know what the problem is.,complaint
WHAT IS THE REASON FOR THAT,complaint
My card is not working when I try to use it.,complaint
How do I check security settings on my card?,complaint
My card isn't working at all. What happened?,complaint
Today I was out eating and my card was declined. Why's that?,complaint
What are ways to test why my card might not be working?,complaint
Currently my card is broken.,complaint
My card won't work at all for anything.,complaint
How do I fix my card if it is broken?,complaint
Why doesn't my card work for any transactions?,complaint
"I tried using my card, but it doesn't work.",complaint
My card hasn't been working for even small transactions today.,complaint
What do I do if the machine rejects my card?,complaint
Something's wrong my card won't work.,complaint
I tried to use my card today in the restaurant but it didn't work and just got declined. What's wrong?,complaint
"Suddenly, my card won't work.",complaint
My card hasn't been working when I try to use it.,complaint
My physical card is not working,complaint
"
I can't seem to be able to use my card


",complaint
Why is my physical card not working?,complaint
Help.  My card is broken.,complaint
I am unable to use my card.,complaint
"No transactions are being accepted, what's wrong with my card?",complaint
Is my card frozen?,complaint
My card was declined at a restaurant today and I am not sure why.,complaint
What do I do now that I can't use this card?,complaint
My card doesn't seem to work anymore,complaint
"Out of the blue, my card stopped working.",complaint
I can't seem to use my card. Can you help?,complaint
How do I re-order a damaged card?,complaint
Why is my card not working anymore?,complaint
I can't use my card for anything,complaint
What's wrong with my card? The clerk at the grocery store said it was declined.,complaint
What should I do if I can't use my card?,complaint
Can I use app to reset PIN attempts?,complaint
Please help.  The card won't work.,complaint
I wasn't able to use my card today when I went out for lunch. Wondering why that is?,complaint
My card doesn't seem to work.,complaint
Currently I can't get my card to work.,complaint
WHAT IS THE MAIN REASON OF THIS PROBLEM,complaint
How do I get my card to work?,complaint
What can I do to make my physical card work?,complaint
Can you tell me why I can't make any transactions?,complaint
There is something wrong with my card. Tried to use it a few times today in different places and it just didn't work. The transactions I tried to make were really small so not sure what's going on,complaint
Can you tell me whats going on with my card it seems to be not working?,complaint
How do I check security settings using the app?,complaint
I tried using my card at multiple vendors and now it's not working.,complaint
"Can you help me with my card, I think it's broke.",complaint
The card is non-functional.,complaint
I haven't been able to complete any transactions on my card today. Do you know what's wrong?,complaint
Today I used my card at a restaurant and it was declined. Why?,complaint
Did you deactivate my card it's not working anymore,complaint
Need help to get my card to work.,complaint
Why isn't my card working anymore?,complaint
Why won't my card work anymore?,complaint
Why won't the machine accept my card anymore?,complaint
When I was in a restaurant today my card was declined and payment wouldn't go through and I need help. Can you fix this?,complaint
What to do if my physical card is not working?,complaint
My card stopped working after multiple transactions. Why?,complaint
Why won't my card accept any transactions?,complaint
"I think my card is broken or something. I tried using it and it wouldn't go through, please help.",complaint
My card is broken,complaint
I tried to purchase airline tickets online this morning and my card information isn't working. Is there something going on with my account?,complaint
My card no longer works.,complaint
I seem to be unable to make any transactions.,complaint
I can't get my actual card to work,complaint
My card doesn't work when I use it.,complaint
What do I do if my card gets broken?,complaint
I am having problems with my physical card.,complaint
How can I get my card to work?,complaint
I need help with understanding why my card is not working.,complaint
Please help me!  My physical card isn't working right.,complaint
My card stopped working. How do I check if there is a freeze on it?,complaint
"I don't know what's wrong with my card, but it has not worked at multiple places today.",complaint
I need clarity on why my card is not working.,complaint
My card won't physically work.,complaint
What's going on? My card wont accept any transactions.,complaint
My card don't work.,complaint
My card won't work right now.,complaint
How can it be that my Card is not functioning anymore?,complaint
What's going on with my card? I've tried multiple times and it never goes through.,complaint
HOW LONG TO TAKE THE TIME TO SOLVE,complaint
What do I do if my card is not working?,complaint
What should I do if my physical card isn't working?,complaint
The card that I have isn't working. This is the physical card.,complaint
Has there been any activity on my card today?,complaint
I lost my wallet and all my cards were in it.,complaint
I'm panicking!  I lost my card!  Help!,complaint
I need to report a stolen card,complaint
How do I replace a stolen card?,complaint
Can you provide information for freezing my card immediately?,complaint
What's the phone number to freeze a card?,complaint
I can't find my card! Can you help?,complaint
"Hi, I am on vacation in Spain and someone stole my bag with my phone and wallet with cards and everything. Can you block it ASAP and then I want to order a new one also ASAP.",complaint
Help! I lost my card!,complaint
My card is missing.  Please help.,complaint
I think that my card has been stolen!,complaint
My card was stolen,complaint
A fee shouldn't apply to me if my card was stolen.,complaint
"My card has been stolen. I reported it with the police, but I need to report it with you as well.",complaint
Can you tell me the status of my new card?,complaint
My card has been stolen what do I do?,complaint
"I can't find my card, it is lost.",complaint
My card is lost!  Please help me!,complaint
I believe that my card has been stolen!,complaint
What should I do if I think my card was stolen?,complaint
Can you send me a new card and block my current one. I'm in Spain and my wallet was stolen.,complaint
"I thought I left my card at a restaurant, but they claim not to have it and now I don't have any idea where it is. I'm so worried that someone might be using it fraudulently. Is there any way to look into this?",complaint
My bag got stolen with all my cards. Can you please cancel my card and send a new one?,complaint
I think my card is stolen!,complaint
"Help!  I fear that my card was stolen,",complaint
Someone stole my card!,complaint
Are you able to guide me to my card's location?,complaint
How can I report that my card was stolen? I made a police report first.,complaint
My card is missing!  Help!,complaint
"My wallet was stolen, along with my cards. How do I put a freeze on my cards and order a new one?",complaint
Could you please freeze my card immediately?,complaint
"i need help, i lost my card",complaint
What can I do if I lost my card?,complaint
I think that the card is stolen.  What are my next steps?,complaint
What do I do if my card is stolen?,complaint
My card is stolen.  Help!,complaint
I lost track of my card,complaint
Report stolen card,complaint
Help!  My card is stolen.,complaint
"My card was lost on vacation, I don't know where it is. Can you help me take care of this immediately?",complaint
I have lost my card! What is my next step?,complaint
My card has been lost! help!,complaint
What do I do if my card has been lost or stolen?,complaint
Help Me!  I lost my card.  What should I do?,complaint
Someone stole my wallet with my card in it while vacationing in Spain. I really need my card blocked and a new one ordered.,complaint
Who can I speak with regarding a lost card?,complaint
My card has gone missing.,complaint
oh my god I lost my card! what should I do?,complaint
I can't find my card!  What should I do?,complaint
What is the first step that I should take after my card has been stolen?,complaint
I seem to have lost my card.,complaint
My card was stolen. What do I need to do?,complaint
Someone took my card without permission,complaint
I lost my card n need a new one.,complaint
My card has been lost / stolen,complaint
I misplaced my card and I dont know where the last place is where I used the card last. Can you look at my account and tell me the last place I used the card?,complaint
Please help me.  My card is missing.,complaint
"I lost my card, what do I do now?",complaint
I need to order a new card as my other one was stolen.,complaint
I think someone stole my card because I can't find it.,complaint
What are the steps I need to do if I have a stolen card?,complaint
I cant find my card.,complaint
I think my card is lost.  What do I do?,complaint
What should I do if my card is stolen?,complaint
How do I deactivate a stolen card?,complaint
"I want to block my card or deactivate it or something, it's been stolen and I don't want it misused. I want this handled right away.",complaint
Someone took my card without my permission.,complaint
Need help with a stolen card.,complaint
"help, lost my card",complaint
What do I do if my card was stolen.,complaint
I think my wallet fell out on the Tube today! I realized as soon as I got to my desk. How do I cut off the card?,complaint
My card is missing.,complaint
How do I report my card as lost or stolen?,complaint
Is there any way for you to find my card?,complaint
I've lost my card. What can I do about that?,complaint
I left my card at a restaurant and now its missing.,complaint
Can you help me retrieve my card?,complaint
I lost my card. Can you help me?,complaint
What should I do?  My card has been stolen!,complaint
My card was stolen last night.,complaint
Could you assist me in finding my lost card?,complaint
I want to open an account for my children,inquiry
How old do you need to be to use the banks services?,inquiry
Whats the minimum age to have an account,inquiry
Can my children open an account?,inquiry
How old do I need to be?,inquiry
What are age requirements for opening an account?,inquiry
Is there any age limit?,inquiry
We want to start a college fund for my daughter.,inquiry
Hold old do my kids have to be to use the service?,inquiry
Can I start an account for my kids?,inquiry
How old does my daughter have to be to open an account?,inquiry
What is minimum age for an account?,inquiry
What is needed for my daughter to open an account?,inquiry
What about my children?,inquiry
What is the process for setting up and account for my child?,inquiry
Is there an age limit to open an account,inquiry
How old do my kids have to be use this?,inquiry
Can I make an account for my kids?,inquiry
I'd like to open an account for my kids can I do that?,inquiry
Would it be possible to open up an account for children?,inquiry
Do you have any age limit?,inquiry
If I want my son to have his own account is that possible?,inquiry
Could I open an account for children?,inquiry
What does my daughter need to open an account?,inquiry
Can my children get an account?,inquiry
What is the age limit for an account?,inquiry
What age do you have to be?,inquiry
What is the appropriate age for my child to be able to open an account?,inquiry
How do I open an account for my children?,inquiry
What are the requirements to open an account for a minor?,inquiry
are there age requirements,inquiry
Is there an age limit for opening an account?,inquiry
Can my 8 year old grandson open an account at the bank?,inquiry
What is the minimum age required to open an account with your service?,inquiry
"If I want to get an account for my daughter, can I do that?",inquiry
How old do you have to be to open an account?,inquiry
I have young kids. Can they use this service?,inquiry
Do you have an age limit?,inquiry
How old do you have to be?,inquiry
Could my daughter open an account?,inquiry
Can I open an account for my children?,inquiry
What would the age limit be?,inquiry
What are the age requirements for service?,inquiry
I am 16 and just started working at McDonalds can I deposit my checks at your bank?,inquiry
Is there a possibility to open an account for my sons and daughters?,inquiry
Is there an age limit to get an account?,inquiry
what is the age limit for opening a new account,inquiry
Is my daughter eligible to open an account?,inquiry
How do I set up an account for my children?,inquiry
May I get an account for my daughter?,inquiry
What is the minimum age limit?,inquiry
How old must I be to open an account?,inquiry
What is the age limit?,inquiry
Can my children have an account?,inquiry
Is there any way I could open an account for my daughter?,inquiry
Can I get an account for my daughter?,inquiry
How old do you need to be to open an account?,inquiry
Do you offer account services for children and teens?,inquiry
From which age can my kids use your service?,inquiry
What is the youngest age for an account?,inquiry
I have kids and I'm curious at what age could they start to use your service.,inquiry
At what age can I open an account?,inquiry
I'd like to open an account for my children. How can I do that?,inquiry
Can I open up an account for my child?,inquiry
Is there a limit for age?,inquiry
How can I open an account for my children?,inquiry
Do you have a children account available?,inquiry
At what age can my children use your service?,inquiry
I want to open an account for my child.,inquiry
At what age can a person open an account?,inquiry
How old do kids have to be to open an account?,inquiry
What is your age limit?,inquiry
How old do my kids need to be to use your service?,inquiry
I would like to get an account for my child.,inquiry
Would I be able to open an account for my daughter?,inquiry
Can my teenager have an account?,inquiry
What age do you have to be to open an account?,inquiry
How old do my kids need to be to open an account?,inquiry
As my kids get older are they able to get set up with their own accounts?,inquiry
Is there an age limit to when my child can use these services?,inquiry
How many years old do I have to be?,inquiry
Do you have a limit for someone's age?,inquiry
Do you have any accounts for children ?,inquiry
Can my daughter make an account?,inquiry
"I need to set up an account for my daughter, how would I do that?",inquiry
How old can one use your service?,inquiry
Do you have to be 18 to make an account?,inquiry
Would I be able to get an account for my child?,inquiry
Can I get an account for my son?,inquiry
DO I have to be 18 to open an account?,inquiry
Am I allowed to get an account for my daughter?,inquiry
My daughter needs to open account.,inquiry
Can I open an account for my offspring?,inquiry
Do you offer account's for minors?,inquiry
What are the age limits for your service?,inquiry
How old do you need to be to have an account?,inquiry
How old does my daughter need to be to have her own account?,inquiry
"My son has just turned 13, is he old enough for an account?",inquiry
Do you guys have any age restrictions?,inquiry
Is there a minimum age for having an account?,inquiry
How old does one need to be?,inquiry
My daughter needs an acount.,inquiry
What is the age requirement?,inquiry
Is there a certain age I need to be?,inquiry
Is my child too young to sign up?,inquiry
Am I able to open an account for my children?,inquiry
Can I make an account for my daughter?,inquiry
What's the youngest I can be to open an account?,inquiry
Do you have an age requirement when opening an account with your service?,inquiry
Is it possible for me to set up separate accounts for my kids?,inquiry
I have exceeded the number of PIN attempts,support_request
I mistook my pin and now I am locked.  Can you unlock me?,support_request
Please help me unblock my pin which I put the wrong one too many times.,support_request
Help me unblock my account.  I entered the PIN wrong too many times.,support_request
"I locked myself out of my account, how do I unblock my PIN?",support_request
My PIN tries have run out. Now what?,support_request
Can I reset my PIN if it is blocked?,support_request
"After inputting the wrong pin too many times, can you now help me unblock my pin?",support_request
Where do I find PIN for my card?,support_request
Can someone help me unblock my pin?,support_request
I attempted to enter my pin to many times.,support_request
I forgot my PIN and now it is blocked.,support_request
Can someone assist me with explaining how I can unblock my pin?,support_request
"My pin needs unblocking, unblock it please?",support_request
What do I have to do to get my PIN unblocked?,support_request
I tried my PIN too many times and now my card won't work!,support_request
I entered a wrong PIN too many times. How can I fix this?,support_request
How can I unblock my PIN?,support_request
When I was drunk I got my card stuck in your machine because i mis-typed my PIN. What do I need to do to get it restored?,support_request
I cannot try my PIN anymore.,support_request
What's the web address to unblock my pin?,support_request
How do I make my PIN work again?,support_request
What steps do I take to unblock my PIN?,support_request
My PIN was entered wrong and now I am blocked.  Please unblock.,support_request
Can I use app to unblock my card?,support_request
I tried the wrong PIN too many times.,support_request
Help me unblock my PIN.,support_request
Can I unblock my PIN in the app?,support_request
How can I get my PIN unblocked?,support_request
I forgot my PIN number.,support_request
I tried entering my pin several times incorrectly. Why isn't my pin working?,support_request
I need my PIN unlocked.,support_request
I can't input my pin again.,support_request
How do I take a block off my card?,support_request
Will you help me unblock my pin after putting in the wrong pin too many times?,support_request
What do I do if I forgot my PIN?,support_request
What is the process for unlocking the pin?,support_request
How do I go about unlocking a pin?,support_request
"I enetered the wrong information, I need my account unblocked How do I do that?",support_request
"My PIN is locked, how do I unlock it?",support_request
I entered in the wrong PIN.  Please help me unlock my account.,support_request
"If my PIN number is rejected, how do I solve it?",support_request
Why was my PIN blocked?,support_request
"
I put the wrong pin too many times and now it is blocked. Can you help me unblock it?",support_request
Where can I go to get my PIN unblocked?,support_request
What is the procedure of unblocking my PIN?,support_request
I accidentally exceeded my PIN tries.  Please advise.,support_request
"I logged in wrong and am blocked, how do I log in?",support_request
"While I was drunk, I goofed my PIN number and your machine ate my card. How can I get it back?",support_request
Can you unblock my blocked pin?,support_request
How can I reset my darned PIN number?,support_request
"My PIN is unlocked, what do I do?",support_request
My account is locked because I used the wrong pin too many times.  Please help.p,support_request
"My PIN can't access my card, can you help?.",support_request
"After putting in the wrong PIN too many times, I was blocked. Can you assist me in changing it?",support_request
"
How do I unblock my PIN?",support_request
What happens if I forget my PIN?,support_request
I put the wrong pin too many times and now it is blocked. Can you help me unblock it?,support_request
I managed to drunken block my card :(( Help!,support_request
Why is my PIN blocked?,support_request
I used my pin too many times.,support_request
My PIN has been blocked.,support_request
"My card got blocked, how do I reset?",support_request
"My PIN number was incorrect, and I can't access it.",support_request
Is there a way to reset my PIN?,support_request
What do I do if I have exceeded all my PIN tries?,support_request
How do I get unblocked?,support_request
"I blocked my card by mistake, how do I unblock it?",support_request
What should I do if I exceed my PIN tries?,support_request
How come I got blocked for entering wrong pins?,support_request
What should I do if I have used all of my PIN tries?,support_request
My PIN isn't working.,support_request
I forgot what my pin number is and now am blocked can you help me get in?,support_request
Where am I able to get my PIN unblocked?,support_request
I forgot my pin and am blocked now. Can I reset it somewhere?,support_request
I must have entered my PIN wrong.,support_request
I am locked out from entering my pin.,support_request
What do I do to unblock my PIN?,support_request
I entered my pin wrong  too many times.,support_request
"I have used all my PIN tries, what now?",support_request
Where do I go to unblock my PIN?,support_request
What if I type in the wrong PIN too many times?,support_request
What do I do if my PIN was blocked?,support_request
Can I unblock my pin using the app?,support_request
How many times can I enter a wrong PIN before it is blocked?,support_request
My PIN was blocked.,support_request
I accidentally put in the wrong pin too many times and now I need to unblock it. Can you assist with this?,support_request
I have exceeded all my PIN tries,support_request
How to unblock my PIN?,support_request
How many incorrect attempts cause card to be blocked?,support_request
Guide me on how to unblock my PIN,support_request
"Would you please unblock my pin? I don't know why, but it's blocked.",support_request
I have used all of my PIN tries. What should I do now?,support_request
Is there a number to call to get my pin unblocked?,support_request
"My PIN seems to be blocked, help me access it?",support_request
How do I unblock my card?,support_request
I may have entered the PIN wrong and the account is blocked.  What do I have to do to get it unblocked.,support_request
I cannot use my PIN.,support_request
"My PIN got blocked, help.",support_request
Where do I unblock my PIN?,support_request
"I am blocked now because I entered the wrong pin, need help.",support_request
"My PIN has been blocked, what should I do?",support_request
Too many times I entered the incorrect PIN.  How can I get my account unblocked?,support_request
My account is blocked because I entered the wrong pin too many times.  Help me unblock.,support_request
I entered the wrong pin too many times and now I think it's blocked. What do I do?,support_request
"I was blocked by using the wrong pin too many times, can you help me?",support_request
"My PIN is not working, can you help?",support_request
How do I unlock my account after typing in the wrong PIN too many times?,support_request
I entered the pin incorrectly too many times and now it is blocked. Can you help?,support_request
Can you unblock my pin because I put the wrong one too many times.,support_request
I need a new PIN number.,support_request
Can you unblock my account?  I entered the PIN wrong.,support_request
I tried my PIN too many times,support_request
I punched in the wrong pin too many times and I'm locked out.,support_request
I can't figure out how to unblock my pin number. Can you help me?,support_request
Cancel a transaction,cancel_request
Am I able to cancel a transfer I just made,cancel_request
"I needed to make a payment on my account, but I typed in the incorrect number.  The app won't allow me to cancel this transaction.  I need it cancelled ASAP!!",cancel_request
I made a mistake this morning when I did a transfer. How do I reverse it?,cancel_request
Can I cancel a transaction?,cancel_request
"Hi, I sent a payment to the wrong account number - can you cancel it as soon as possible?",cancel_request
How do I revert a transaction?,cancel_request
I just realized I made the wrong transaction yesterday. Would  you please make it correct?I need it by tomorrow Please.,cancel_request
How do i cancel a charge?,cancel_request
"I didn't want to make a transaction, I want to revert it",cancel_request
Is there a way to undo a transaction?,cancel_request
"I accidentally made a payment from the wrong account yesterday. It's my rent payment, and it's very large, so the account I paid from won't be able to cover the amount. It's really important that the payment be made from the right account?",cancel_request
I would like help to revert a transaction I did this morning,cancel_request
Please help revert my transaction from this morning.,cancel_request
Is there any way to cancel my transfer,cancel_request
I messed up a transfer and need to reverse it.,cancel_request
"Please cancel my most recent transfer, it was a mistake. This is an emergency. It needs to be canceled before it goes through.",cancel_request
I made a mistake and performed a transaction on the wrong account!,cancel_request
I want to revert a transaction I did this morning,cancel_request
I need to change a transfer.,cancel_request
How do I cancel a transaction?,cancel_request
I need to cancel a transaction please!,cancel_request
I want to revert a transaction I did,cancel_request
"Could I please cancel my transfer, I paid it into the wrong account. I need to pay it into the right account by tomorrow.",cancel_request
I need a transfer cancelled.,cancel_request
I did a transaction this morning and now I want to cancel it.,cancel_request
A transfer has to be cancelled.,cancel_request
Is it possible to cancel a transaction?,cancel_request
I messed up and made a transaction using the wrong account.,cancel_request
One of my transactions needs to be canceled.,cancel_request
I need to stop a transaction that I made.,cancel_request
I need to cancel a transfer I made.,cancel_request
"My transfer was wrong, are you able to stop it before it goes through please?",cancel_request
I used the wrong account.,cancel_request
I've made a horrible mistake!  I transferred money to the wrong account by accident!  I entered one of the digits wrong.  I need this cancelled immediately please.,cancel_request
What are the steps I need to take to cancel a transaction?,cancel_request
I would like to cancel a transfer...is this possible?,cancel_request
I want to cancel the transaction I made earlier,cancel_request
I submitted a transaction but it was for the incorrect account.,cancel_request
"I stupidly initiated a rent payment from the wrong account yesterday. It can't be paid from that account, but it really needs to get paid on time. Am I able to move the payment to the right account?",cancel_request
Can you help me to quickly cancel a transaction I accidentally did to the wrong account?,cancel_request
"I don't think the transaction has gone through, so can I cancel a transfer?",cancel_request
I wanna revert a transaction i did this morning.,cancel_request
I did a transaction to a wrong account!,cancel_request
Please help me cancel a transaction.,cancel_request
I entered a typo when I was transferring money and now I've sent it to an incorrect account.  This is so bad!  I need it cancelled now.,cancel_request
How fast can you fix an error in payment?  I made a payment in the wrong account yesterday and it needs to be adjusted by tomorrow for my rent.,cancel_request
Please cancel my last transaction.,cancel_request
How to cancel a transaction,cancel_request
I need to cancel a transfer,cancel_request
Help me cancel a transfer.,cancel_request
"who do I talk to, to cancel a transfer?",cancel_request
Help! I need to cancel a transaction.,cancel_request
I made a mistake and need to cancel a transfer.,cancel_request
If I make a mistake can I cancel the transaction?,cancel_request
I need to cancel a transaction.,cancel_request
I don't need to transfer anymore and I want to cancel it.,cancel_request
How do I cancel a transfer?,cancel_request
"I made a mistake on the last transfer I made, who must I speak with to cancel?",cancel_request
Who do I call to cancel a transfer?,cancel_request
It is extremely important that I cancel the transfer I made yesterday and put the money into a different account.  Is this possible?,cancel_request
I made a transaction to the wrong account!,cancel_request
Is there any way to cancel a recent transfer?  I did not mean to make it and need to make sure it does not go through.,cancel_request
Is there a way to revert a transaction?,cancel_request
I have a transaction and would like to know if I it's cancelable?,cancel_request
I accidentally made a payment to a wrong account. What should I do?,cancel_request
How can I cancel my transfer?,cancel_request
I just realized I made the wrong transaction  yesterday. Would  you please make it correct?I need it by tomorrow.,cancel_request
Am I able to stop a transfer?,cancel_request
"I made a transaction, but I made it to an account I didn't mean to make it to.",cancel_request
stop the transaction,cancel_request
I need to reverse a transaction,cancel_request
I just realised I made the wrong payment yesterday. Can you please change it to the right account? It's my rent payment and really really needs to be in the right account by tomorrow,cancel_request
"I've just made a money transfer to the wrong account, I need to stop the money from being moved as it may be going to someone I don't know.  Please can you help?",cancel_request
Please help!  The app won't let me cancel a money transfer.  I accidently sent money to an account that wasn't mine.  I need this cancelled immediately.,cancel_request
Help me cancel a transaction.,cancel_request
"I already made a transfer and want to cancel it, how do I do that?",cancel_request
"Hi , I just came to know I made the wrong transaction  yesterday. Would  you please make it correct?I need it by tomorrow.",cancel_request
I sent a payment to the wrong account number - can that transaction be reversed? I am worried about accidentally giving my money away.,cancel_request
I want to reverse a transaction I did this morning,cancel_request
"I need you to stop the transfer I just started as soon as possible, I just realized it's not correct!",cancel_request
I would like to cancel my previous transaction,cancel_request
I need urgent help. I realize I sent my payment to the wrong account number. I made a typo. Please cancel the transfer now. There isn't an option from the app.,cancel_request
"I made a mistake and did a transaction to a wrong account, can I cancel?",cancel_request
"Hi, I made a transfer yesterday that I need to reverse.  I need to put the money in a different account.",cancel_request
I need urgent help. I realize I sent my payment to the wrong account number. I made a typo. Please cancel the transfer immediately. I cannot do anything from the app.,cancel_request
I want to cancel a transaction.,cancel_request
"I made a rent payment from the wrong account yesterday. It absolutely has to go through tomorrow, so can you please reroute the payment to the right account?",cancel_request
"I no longer want to transfer funds, can we cancel that transaction?",cancel_request
"I made a mistake when sending a payment, sending it to the wrong account number (with a typo) - can you please cancel the transaction?",cancel_request
I need to cancel my recent transfer as soon as possible. I made an error there. Please help before it goes through.,cancel_request
I am trying to revert a transcation I did this morning,cancel_request
A payment I made is for a wrong amount can you help me correct the mistake.,cancel_request
I inadvertently completed a transaction on a wrong account.,cancel_request
I used the wrong account number!,cancel_request
How can I cancel a transfer I made,cancel_request
"I made a mistake of transferring, can I cancel my previous transfer?",cancel_request
"I made a mistake when making my last transfer, please cancel before it goes thru.",cancel_request
Can I stop a transaction?,cancel_request
I wish to cancel a transfer,cancel_request
I want to take back my transaction,cancel_request
Is it possible for a transaction to be cancelled?,cancel_request
"Hey i need help urgently. I just realised I sent my payment to the wrong account number, there is a typo! Please cancel it immediately, I can't do it anymore from the app",cancel_request
is it possible to cancel transactions?,cancel_request
Help! I made a transfer in error and need to cancel it before it's complete!,cancel_request
I made a terrible mistake when typing in my account number.  I accidently sent money to the wrong account.  I noticed the app won't allow me to void the transaction.  Can someone help me with this immediately?,cancel_request
Is it possible to cancel my transfer?,cancel_request
How do I fix a transaction to the wrong account?,cancel_request
I goofed up and used the wrong account.  Please help.,cancel_request
I want to cancel a transfer I just made.,cancel_request
Cancel Transaction,cancel_request
"Could you refund my transaction, I paid it into the wrong account. I need to be able to pay it into the right account by tomorrow.",cancel_request
My transaction is on the wrong account.,cancel_request
"I paid my rent into the wrong account, could you please pay it into the right account, it needs to be done by tomorrow.",cancel_request
How do I go about cancelling a transaction?,cancel_request
"I have arranged a transfer, but no longer need to send it. How do I stop the transfer?",cancel_request
I would like to cancel a transfer,cancel_request
"Please help me, there is a transaction in the incorrect account.",cancel_request
How can I revert a transaction from this morning?,cancel_request
How do I cancel a recent transfer?,cancel_request
Please can you block the transaction I just sent from my account? It was a payment but I accidently typed in the wrong details and think it might have gone to the wrong place.,cancel_request
I made a transaction this morning but I need to revert it now.,cancel_request
I made the incorrect payment for my rent yesterday and this needs to be fixed by no later than tomorrow. How can you help?,cancel_request
I recently made a transfer but I need to cancel it as soon as possible.  Please let me know when this happens.,cancel_request
I made a transfer into my account and now I need to cancel it,cancel_request
"Cancel my transfer, please.",cancel_request
I need to cancel a transaction immediately.,cancel_request
Please help me!  A payment I made had an error on the account number and I can't cancel on my side.  Can you cancel it?,cancel_request
I need to cancel my recent transfer quickly since I made a mistake. Please help before it goes through.,cancel_request
Can I cancel a transfer I made,cancel_request
Where do I go to cancel a transaction?,cancel_request
How can I cancel a transaction to a wrong account?,cancel_request
There's been a transaction to the wrong account.,cancel_request
Please cancel the transfer I just made.  I put in the wrong account number and can't seem to stop it on the app.,cancel_request
I want to revert this mornings transaction.,cancel_request
"I didn't mean to do the transfer, is there any way to cancel it?",cancel_request
I need immediate assistance in canceling a transfer which was a mistake. Please help me quickly so this does not go through.,cancel_request
Cancelling a transaction,cancel_request
The wrong account was used during a transaction.,cancel_request
I just initiated a transfer but I'd like to cancel it.,cancel_request
My morning transaction needs to be canceled.,cancel_request
My transaction from earlier needs to be reversed.,cancel_request
I recently made a transfer that I would like to cancel,cancel_request
"Yesterday, I made an incorrect payment to the wrong account for my rent payment. I need this addressed as soon as possible and the funds transferred to the correct account by no later than tomorrow.",cancel_request
What do I need to do to cancel a transaction?,cancel_request
How can I cancel this transaction?,cancel_request
Help please!  My rent payment is coming out tomorrow and I made a payment mistake yesterday! Can you put in in the correct account?,cancel_request
I need help right now. I realize I sent my payment to the wrong account number after making a typo. Please cancel the transfer now since I can't do it from the app.,cancel_request
I need help as fast as possible! I made a mistake on my most recent transfer; can you please stop it before it goes through?,cancel_request
I want to cancel a transaction from this morning.,cancel_request
A transfer has been made in my account that I need to cancel.  This was a mistake on my part and I hope we can get this resolved quickly.,cancel_request
I need to cancel my recent transfer. I made a mistake. Please help quickly before the transfer goes through.,cancel_request
I'm really upset because I made a typo during a transfer and now I've sent money to the wrong account.  I can't fix this with the app.  Please help me immediately!,cancel_request
There was a transaction this morning that I'd like to reverse.,cancel_request
What do I have to do to cancel a transfer?,cancel_request
"I wanted to transfer money to another account, but now I don't have to so I'd like to cancel said transfer. How can I do that?",cancel_request
please cancel the transaction,cancel_request
Why did I only receive a partial amount of what I tried to withdraw?,complaint
my atm transaction was wrong,complaint
why did i only get 20.00,complaint
Why is my cash request and the amount I received different?,complaint
"I tried to withdraw $100, all it gave me was $20.",complaint
The ATM didn't give me enough money.,complaint
When I went to withdraw cash today the ATM gave me the wrong amount of cash. The app is showing a larger amount.,complaint
I didn't get the all the cash i wanted from the atm,complaint
I received $20 but I entered $100,complaint
"Hi, I used an ATM today to take money out of my account, but the amount it gave me is not the amount I requested. What should I do?",complaint
Did a WD earlier at an ATM.  The amount showing in the App is more than I got though.,complaint
I didn't get the correct amount of money from the ATM machine,complaint
Some cash was missing at ATM.,complaint
I didn't get all the cash I asked for,complaint
I tried to withdraw $100 but only got $20. What happened?,complaint
how come when i asked for 100 it only gave me 20.00 in the app,complaint
Asked for $100 but only got $20. Why would this happen?,complaint
I wanted to withdraw $100 from the ATM but I only got $20,complaint
I got less money than I asked for.,complaint
"Hi, Please help me to request cash back. As i have been withdrawn money from ATM, but i got wrong amount. in Application its showing the amount i have been charged through.",complaint
The cash I wanted wasn't there.,complaint
I requested a higher amount for my cash withdrawal,complaint
The amount of cash I received did not match the amount I requested,complaint
The ATM didn't give me the full requested amount,complaint
The amount of cash I received was not the full amount,complaint
How can I request cash back? The ATM just gave me the wrong amount that I've been charged though...,complaint
I was only given $20 after trying to withdraw $100,complaint
I received less cash than the amount I specified in the ATM.,complaint
I went tot the ATM earlier today and didn't realize this till now but I did not get all the money I requested.  I believe my account was charged for 100 but I only got 80.  Is there any way we can solve this problem?,complaint
I got less cash than what I specified at the ATM.,complaint
Why did I not get the amount of money I requested?,complaint
I'm at the ATM right now and it only allowed me to withdraw 10 pounds instead of my requested 30. What's going on? How can I fix this?,complaint
I got $20 when I should've gotten $100,complaint
How can I request cash back? The ATM gave me the wrong amount that I've been charged though...,complaint
I didn't receive the amount of cash I requested for the ATM.,complaint
my cash balance less than what I thought,complaint
It didn't give me my cash,complaint
It kept my cash,complaint
I only got $20 of the $100 that I attempted to withdraw.,complaint
"Hi, I draw out some money from the ATM today. The ATM has given me wrong amount and the application is displaying more amount than i withdraw.",complaint
I tried taking out 30 pounds from the ATM just now and it only gave me 10. Why would it do that? I need the 30 pounds now!,complaint
"HELP! I tried to get cash and it gave me some, but not the right amount!",complaint
"I am calling because the ATM didn't give me the right amount of cash, but my app shows the actual amount I wanted to withdraw. What should I do to get my money back?",complaint
Why didn't I receive the right amount of cash?,complaint
Why didn't I receive the right amount of cash at the ATM?,complaint
I received the wrong amount of cash back,complaint
Why did I only get $20 now the full amount I wanted?,complaint
The amount of cash I selected to withdraw is different than what I received.,complaint
What do I need to do to get cash back? The ATM gave me the wrong amount that I requested but the app is showing the amount to be correct.,complaint
What do I need to do to request cash back? The ATM actually just gave me the wrong amount. The app I actually chose the right amount.,complaint
I was just giving the wrong amount by the ATM. How do I request cash back at this point? The app is showing the amount that I actually requested even though that's not what I got.,complaint
"I normally don't use ATMs, but I was in a rush today and had to withdraw some cash. The ATM gave me the wrong amount of money and now my app is not showing the same amount as it should. What do I do?",complaint
I received incorrect amount of cash from an ATM today. It was more than I wanted. What do I do now?,complaint
ATM is broken. It did not give me the full amount (30 pounds.)  I'm standing here with only 10 pounds and it's telling me it gave me 30 pounds. I need assistance now!,complaint
Why didn't the ATM give me all my money,complaint
I did not get the right amount of cash from the ATM.,complaint
Why did I get less from the ATM?,complaint
The ATM only gave me 10 pounds when I withdrew 30. What do I do?,complaint
Machines make mistakes too! The ATM gave me the wrong amount of money. Too much!,complaint
I could only take the amount of money that was available to me which was less then I expected.,complaint
I was given less cash then I wanted.,complaint
"Hello, I didn't receive the right amount on my ATM transaction,  the app shows the correct amount how can we fix this",complaint
I did not receive my full withdrawal amount,complaint
I received a different amount of cash than what I entered.,complaint
"I only received $20, but I requested $100.",complaint
"Help, your app is showing a larger WD than I actually did earlier at an ATM.",complaint
"I think something went wrong, I didn't get the right amount.",complaint
What do I do if I got the wrong amount at the ATM?,complaint
I did not receive the right amount of cash I requested,complaint
I attempted to withdraw some money from an ATM this morning and received the wrong amount. Your app says I have enough money available in the account. Can someone tell me what's wrong?,complaint
What happens if the ATM doesn't give the right amount of money?,complaint
I asked for more cash than what was received,complaint
Why can't I take $100 out,complaint
I requested $100 but only got $20,complaint
"I took out cash from the ATM, but something must have went wrong, My account shows the correct amount of cash I took out, but the ATM didn't give me that amount. How do I get my money back?",complaint
I tried withdrawing but my cash is not showing up?,complaint
I was not able to receive the correct amount of cash.,complaint
I didn't receive the correct amount of cash,complaint
I did not get enough cash,complaint
"I tried to withdraw some money from an ATM this morning but wasn't able to get the amount of cash I needed. The amount in the app says what I was trying to withdraw was deducted, but I don't have any money. What do I do about this?",complaint
The ATM is showing it gave me the money I requested but I didn't get that amount.,complaint
The correct amount of cash was not received.,complaint
I am so angry right now!  I went to the ATM and did not get the correct amount of money I chose to withdraw.  How could this happen?  I need my money and want to know how I can get it ASAP!,complaint
I was given the wrong amount of cash,complaint
The atm didn't give me all my cash,complaint
"Why did I not get all the money that I asked for? I asked for all the cash in my my account, but I only got about half. Why is that??",complaint
I did not ask for the amount of cash that I received.,complaint
Got only $20 when I tried to withdraw $100.,complaint
The app is showing that I received alot more money than I actually received from the ATM. This occurred earlier today.,complaint
The ATM gave me less cash than requested,complaint
Why didn't I receive all the cash I requested?,complaint
I tried to withdraw 40 pounds but only 20 came out. Did you steal my money?,complaint
Yikes!  I didn't get the amount of money that I requested.  What do I do now?,complaint
How can I request cash back? The ATM just gave me a different amount than what I've been charged though...,complaint
I selected to withdrawal 30 pounds but only received 10. I'm still standing in front of the ATM. The app shows i took out 30 pounds also. How do i fix this?,complaint
My cash received does not match what has been requested,complaint
I was not given the amount of cash I withdrew,complaint
I was not distributed all of cash that I requested,complaint
The machine gave me the wrong amount of cash.,complaint
"I asked for a certain amount of money from the ATM, but it gave me a different amount. Less than what I asked for.",complaint
"I asked for $40 and I only received $20, what happened?",complaint
Why didn't I get the amount I requested at the ATM?,complaint
The ATM didn't give me enough money! I asked for more than it gave. What do I do?,complaint
I received the wrong amount of cash.,complaint
I haven't received my cash yet.,complaint
I did not get all the cash at ATM.,complaint
"If the ATM only gave me 10 pounds instead of the 30 I requested, what do I do?",complaint
Earlier today I took money out the ATM. After checking the app the amount is so much higher than the amount I received.,complaint
Why did I get less cash than what I asked in the ATM?,complaint
My cash withdrawal was short.,complaint
I was not distributed the correct amount of cash that I asked for,complaint
The ATM shows a withdraw of the amount of money I requested but I didn't revieve that amount in cash.,complaint
"When I went to $100, all the machine would give me was $20.",complaint
What happens if the ATM gives me the wrong amount of money?,complaint
i did not get any money but still was charged,complaint
You shorted me money when I tried to make a withdrawal.,complaint
i asked for 100 only got 80,complaint
"I got some cash at an ATM earlier, but now app is showing that I withdrew more than I did.  Help!",complaint
Cash withdrawal was incorrect at ATM.,complaint
"I withdrew money from an ATM today, and now my account is showing a different amount than what I withdrew. I checked the amount the ATM gave me, and it looks like it gave me the wrong amount of money. What is the best thin for me to do to get this fixed?",complaint
Why did the ATM give me less money than what I requested?,complaint
I did not receive the right amount of cash.,complaint
How can we correct a mistake on an ATM transaction?  The app shows what I should have gotten.,complaint
Why did I not get the amount I specified at the ATM?,complaint
The ATM didn't give me what I asked for but my balance says it did,complaint
I got less cash than what I specified for through the ATM.,complaint
What happened! I asked for 30 pounds at your ATM and only go 10. The machine lied about it too. It said I received the full 30 pounds. Someone better help me asap on this.,complaint
A wrong amount of cash we sent to me.,complaint
"I took out money, and didn't get all of it.",complaint
How can I get cash back? The ATM just gave me the wrong amount that I've been actually charged though...,complaint
"Please help me with the amount that i have withdrawn from the ATM today, the ATM has given me wrong sum of amount, and i could see that the app is displaying the greater amount than taken out.",complaint
I withdrew $100 but only received $20,complaint
I requested money from the ATM and it didn't give me as much as I requested.,complaint
"Hey I am standing in front of an ATM here, it only gave me 10 pounds even though I wanted to withdraw 30! Seems like the app has 30 pounds, what do I do??",complaint
$20 came out instead of $100,complaint
How can I fix this? The ATM gave me more cash than I'd asked for.,complaint
I could not get the cash I wanted,complaint
I wanted to take out $100 but I only got $20.,complaint
"Help, the ATM didn't give me all the money I requested",complaint
The cash I asked for still hasn't been received,complaint
I wanted $100 but only got $20,complaint
The ATM didn't give me the amount I asked for,complaint
Where'd the rest of my cash go from the ATM,complaint
I got less cash at the ATM than I asked for. Why?,complaint
There was a limited amount of money available at the time of my transaction.,complaint
My cash withdrawal was not entirely complete,complaint
The atm didn'y give me all the cash,complaint
The ATM is messed up. It gave me less than I wanted.,complaint
I received the wrong amount of cash from the ATM. Can you help?,complaint
ATM only gave me $20 instead of $100,complaint
I was only given $20 when I tried to get $100,complaint
I needed $100 but all it gave me was $20.,complaint
I tried pulling out money at the ATM and it gave me an incorrect amount back.,complaint
Why did I only get $20 when I asked for $100?,complaint
The amount of cash i have received is not correct.,complaint
How can I get my money that I didn't get from the ATM?,complaint
"Hi, Today i have withdrawn cash from ATM but i got wrong amount and in the app it is showing much more amount than that.",complaint
I didn't get all the money I asked for,complaint
The ATM did not give me as much cash as I requested.,complaint
How can I request cash back? The ATM just gave me a different amount than what I've been actually charged though...,complaint
Why is my withdrawal wrong? I took out $100 but only received $20.,complaint
I asked for cash but I did not receive all the funds,complaint
The ATM I'm standing in front of only gave me 10 pounds rather than the 30 pounds I wanted. The app shows I took out 30 pounds also. What do I need to do to fix this?,complaint
I only got some of the cash I requested from the ATM,complaint
"I am at the ATM and tried to withdraw 30 pounds and it only gave me 10 pounds, what do I do?",complaint
I got the incorrect amount of money given to me from my account,complaint
I did not receive the correct amount of cash.,complaint
I did not receive all of my cash back,complaint
I got some cash but it wasn't the right amount.,complaint
Can you explain why the ATM is giving me less money than what I asked for?,complaint
I tried to withdraw 50 pounds but it only gave me 30. Where is the rest of my money?,complaint
I visited the ATM but got less money than what I requested. Why?,complaint
I couldn't get the money I needed.,complaint
Who should I contact if the amount of my withdrawal doesn't correspond to the amount that I tried to take out of my account?,complaint
I made an ATM withdraw it didn't give me the amount I asked for but is showing a withdraw for that amount.,complaint
So I just went to the ATM to get some cash.  I input that I needed 100 pounds but I only got 80.  I have the receipt  and I am in need of the extra money.  How do I go about obtaining the missing amount?,complaint
The amount of money I pushed at the atm machine did not come out of the machine.,complaint
"I got less than what i asked for in the ATM, why?",complaint
"I'm stuck here at your broken ATM and I don't know what to do next. Asked for 30 pounds, got 10. ATM said I got 30. Something very wrong here and I want my money now!",complaint
The machine only paid me a hundred when I wanted 20,complaint
I am worried that too much time has gone by for a transfer to be completed.,complaint
What is the time frame that it usually takes for a transfer to come through? I have a friend needing it immediately but it has yet to come through.,complaint
My money transaction can't be seen by the person I sent it to,complaint
"How long does it typically take a transfer to go through?  I sent some money to a friend earlier today, and she really needs it.  It still is a pending transfer, even though I sent it a few hours ago.",complaint
"I have done a transfer within the country the day before yesterday, but it's still not there yet. Can you please check what's going on with that, the account number definitely is the right one, I've checked that already.",complaint
"I have done a transfer within the country the day before yesterday, but it's still not there yet. Can you please check what's going on with that, the account number is the right one, I've checked that several times already.",complaint
My money transaction hasn't arrived.,complaint
I sent money to a person and they haven't received the payment yet.,complaint
I do not know where the transaction is.,complaint
I transferred money but the recipient does not see the funds in their account?,complaint
why hasn't a transaction to a friend cleared yet?,complaint
The app isn't showing my transactions,complaint
Why isn't the recipient seeing the transaction? I just sent the money.,complaint
I transferred money and it didn't get there.,complaint
Is there a reason why a recipient might not see my money transaction,complaint
I don't see the transaction I made to a friend on my account.,complaint
why has a transaction to a friend been delayed?,complaint
"A transaction I did to my friend hasn't arrived yet, why?",complaint
Where is my last money transaction,complaint
I am having an issue with an in country transfer I did a few days ago. It has yet to appear in my account. I have checked to be sure that all account information is correct multiple times. What is taking the transfer so long?,complaint
I made a transfer the day before yesterday within this country. It is still not showing up at all. I have double-checked and the account number is certainly right. I've actually type this multiple times. can you look into what is going on here?,complaint
How much time do transfers typically take? I sent money to a friend who needs it urgently. It's been hours and has not gone through.,complaint
A transaction to a friend still hasn't shown up.,complaint
I sent money and the recipient has not received their money after two weeks.,complaint
How long will it take for my transfer to arrive?,complaint
Why did the funds not transfer to another recipient?,complaint
I sent a payment but it isn't showing up in the app,complaint
I tried to transfer some money and it hasn't done it yet - what's going on?,complaint
I made a transfer and they haven't received the money I sent them.,complaint
"how long does it take to transfer money, my retailer is waiting",complaint
"I sent money to someone but they haven't gotten it, what's going on?",complaint
"How long does it take for transfers to process?  I sent funds to a friend, and she says that she has not yet received anything.",complaint
Why hasn't the transaction I did to my friend arrive yet?,complaint
I sent money about 5 days ago and the recipient has not received the money yet.,complaint
I am just waiting on the completion of the transaction.,complaint
My cash transaction isn't showing on my account,complaint
Why hasn't my transaction arrived?,complaint
When are you going to transfer the money?,complaint
"I have moved to a new house and set up a rent payment to my landlord, it was supposed to be in her account a few days ago but it hasn't arrived.  I definitely sent it to the right place, can you confirm where the money is?",complaint
I need to check status as my friend hasn't got money I sent.,complaint
How long do transfers typically take? Is there a way of speeding the process up? My friend needs the money I sent her desperately.,complaint
wheres my money receipt,complaint
Money is not in recipients account.,complaint
How long does it take for money to transfer?  I sent some to a friend and it hasn't gone through yet.,complaint
Why hasn't the transaction I did to my friend arrived yet?,complaint
"How much time do transfers take? I sent money to a friend who needs it fast. It's been hours, and the money has not gone through.",complaint
"How long should a transfer normally take to process completely? I have a friend that needs it right away, but it's already been 2 hours and she hasn't received it.",complaint
My friend says he hasn't received my transaction,complaint
What is the length of a transaction completion?,complaint
I transferred some cash and it has not arrived yet.,complaint
I need to transfer some money to a friend who is in urgent need of some fast cash. How long will it take before she can use that money?,complaint
Two days ago I did a transfer to another account within the country.  It doesn't appear the transfer went through.  I have verified the account number several times.  Could you please check on this for me?,complaint
Where did the money transfer go?,complaint
When will the transaction be done?,complaint
I transferred some money to my mom 2 days ago and she has not received it. I double checked the information and it looks right. Can you help me?,complaint
Why is it taking so long for a transfer to complete!,complaint
Why is my transfer taking so long to complete?,complaint
I am just waiting for the transaction to be completed.,complaint
How long do I have  to wait for my transaction to be completed?,complaint
I did a money transaction and the recipient doesn't see it,complaint
Why hasn't my friend received the money i sent them yet?,complaint
I sent money for my rent to my landlord but she is claiming it hasn't arrived in her account  Can you trace the transfer I made to make sure it arrived so I can provide proof I sent it and that it has been deposited?,complaint
Why didn't my friend's transaction arrive yet?,complaint
Still waiting for transfer to be completed.,complaint
I transferred some money but it is not here yet,complaint
What do I do if I completed a money transfer but the recipient hasn't received it?,complaint
"I have done a transfer within the country a couple days ago, but it's still not there yet. Can you please check what's going on with that, the account number definitely is the right one, I've checked that several times already.",complaint
I'm still waiting for my transaction.,complaint
Why hasn't a transaction I did to my friend arrived yet?,complaint
I set up a payment to a new payee and sent some money but the person I'm sending it to has not received it.  Can you check where the money is?,complaint
My new landlord says he hasn't received the rent payment that I transferred a couple days ago. I've already checked the account numbers and they are correct. Can you tell me what's going on with this transaction that the transfer isn't showing up on my landlord's end?,complaint
"I can't see if the transfer I did a couple days ago is in my account yet. I double checked my info before sending, too. Can you check this?",complaint
My transfer has not arrived.,complaint
How long does it take for the transfer to go through?,complaint
What happens when I money transaction doesn't show up on the receiving side?,complaint
"I'm trying to make a payment to my new landlord. Even though the payment was sent a few days ago, it isn't clearing on their side. Can you verify that payment has been made?",complaint
"i've waited 2 days for a transfer to reach a retailers account, am i going to have to wait longer.",complaint
my friend has not got the money I sent last week.,complaint
Why can't the person I sent the money transfer to see it?,complaint
The money has not yet been placed in recipients account.,complaint
I'm getting concerned here.  I sent a friend some money and she isn't seeing it.  What's going on?,complaint
I completed I transfer the day before yesterday in this country. The transfer still is not complete. I've checked on the account number multiple times to make sure that it is the right one. Can you check to see what's going on with this?,complaint
"I made a transfer for my rent payment about 2 days ago, but my landlord hasn't received it yet. It shows as done on my  side, and I've double check all account numbers and they are correct. Can you verify that the transaction was actually made?",complaint
Why hasn't arrived yet a transaction I did to my friend?,complaint
I'm waiting for my transaction to complete.,complaint
Why hasn't my friend received the transaction?,complaint
I transferred money and it hasn't come yet,complaint
Why hasn't my son received the transfer I sent to him earlier?,complaint
How long do money transfers take? My friend really needs the money i sent a couple of hours ago but it's not there yet.,complaint
Why hasn't the money transfer arrived yet?,complaint
I have not received the completed transaction.,complaint
how long does it take for a transfer to arrive,complaint
How come my money hasn't shown up yet?,complaint
"Hello, a few days ago I transferred my rent check to my landlord, however, he is saying that it has not gone though. On my end everything looks fine and I double checked the account number. Is there anything else that could be holding up the check?",complaint
Why can't the recepient of my money transaction see it?,complaint
The recipient doesn't see the money transaction I made,complaint
How long will my transaction take?,complaint
How long should it take for a transfer to go through? I have been waiting a while.,complaint
"i accidentally entered in my retailers information, what should i do next",complaint
I transferred some cash and it didn't arrive,complaint
where has my transferred money gone?,complaint
I tried doing an in country transfer earlier this week. I thought it would be there by now but I still don't see the money. Can you check the status on my transfer?,complaint
Is there a reason a payment is showing complete on my side but the person who is receiving it has not gotten it?,complaint
I've checked multiple times to make sure the account number listed is the right one after attempting to make a transfer within the country the day before yesterday. The transfer is still not available so can you please find out what is going on?,complaint
I transferred some money but it hasn't arrived.,complaint
Why is my transaction taking so long to complete?,complaint
My transfer isn't in,complaint
I sent money to my family last Friday but they don't have it.,complaint
When will I get my money? It's been too long.,complaint
Why didn't my transfer get to the recipient?,complaint
I haven't received money from a transfer?,complaint
"I transferred a payment a couple days ago and it shows done, but it has not been received.  Could you please help me?",complaint
I payed my rent to my landlord a few days ago and he is saying the it never went though. Everything looks good to me and I even double checked the account number. I don't know what could be causing the confusion. Can you help me please?,complaint
My transaction has not been received. When are you going to process it?,complaint
"Hi, I sent my landlord my rent money a few days ago and while everything seems good on my end he says that he never got the money. I double checked the account number and it's correct. Can you help me figure this out?",complaint
My cash transaction isn't showing on my receipt,complaint
My transfer hasn't arrived,complaint
I did a money transaction and dont have a receipt,complaint
I have a friend who needs money as soon as possibly. If I were to transfer it how long will it take to get to her?,complaint
Why hasn't my friend's transaction arrive yet?,complaint
Hi - I have made a transaction to my new landlord but unfortunately it shows on my end but not on the landlord's end. The numbers are correct. Can you confirm when that will go through?,complaint
I sent money to someone but they haven't gotten it yet,complaint
How long will it take to receive my money from my transfer transaction?,complaint
My transfer didn't arrive to the recipient,complaint
Recipient has not received the money,complaint
The recipient can not locate funds.,complaint
Why has my transfer not arrived yet?,complaint
My new landlord is a lier and is trying to rip me off by saying I've not paid my rent when I have paid my rent.  What is going on?  They say the money hasn't got to them but I see it going out of my account.  Can you check that the money went to the right place?,complaint
I made a transfer to my friend earlier and she hasn't received it yet.  What's the hold up?,complaint
"|I moved out of my old house two weeks ago and cancelled my direct debit to my old landlord, this direct debit was working fine.  Now I've moved in to a new place and set up a transfer to a new landlord but it's not reached her yet, can you check it please?",complaint
Why is the transaction to my friend still pending?,complaint
"The day before yesterday, I performed a transfer within the country. It still has not completed. Can you check on that? The account number is definitely correct, as I've checked.",complaint
"I have checked the account information several times to be sure that it is correct, but the in country transfer I did a few days ago still has not appeared! What is the hold up?",complaint
"I performed a transfer within the country the day before yesterday, but it has not gone through? Can you check on that? The account number is definitely correct, as I've checked.",complaint
The day before yesterday I transferred funds to another account within the country.  The funds have not yet arrived.  I double and triple checked the account number and it was correct.  Why hasn't the transfer been completed yet?,complaint
Why doesn't the person I sent money to see that transfer yet?,complaint
"How long does it take for transfers to be approved?  I sent funds to my girlfriend, and she says that she has not seen any approved funds in her account.",complaint
How long will it be  before the person I sent money to is able to see it?,complaint
I'm still awaiting for the completion of the transaction.,complaint
What is the time for a transfer?,complaint
I dont see my reciept,complaint
Why hasn't my transaction been completed?,complaint
I sent some money and the account hasn't recived the transfer I made.,complaint
I'm still expecting the transaction to be finished,complaint
I transferred some money to a friend of mine who urgently needs some money right now. How long will it take to get to her?,complaint
"I sent a payment, but the person I sent it to says they don't have it",complaint
"I have done a transfer within the country the day before yesterday, but it's still not there yet. Can you please check what's going on with that, the account number definitely is the right one, I've checked that several times already.",complaint
"I need to verify a payment to my new landlord. I transferred the first rent payment a few days ago. While it shows on my side, the landlord is saying he hasn't received it yet. Can you verify that it has processed?",complaint
"I've been waiting since Friday, where is my money?",complaint
I sent some money but the intended recipient says it hasn't arrived,complaint
Could you please help me?  I made my rent payment and have double checked that I sent it to the right account.  The person receiving it says he has not received it but it shows complete on my side.,complaint
I just did a money transaction but its not showing they received it,complaint
Why hasn't my transaction arrived to my friend yet?,complaint
"I just transferred my friend money, but she hasn't received it yet, and it's been a few hours. Can you tell me when to expect it to go through?",complaint
How long will my most recent transfer take to go through? The recipient needs the money urgently.,complaint
My recipient hasn't received the money,complaint
when will my transfer arrive,complaint
I just sent money but the person I sent it to doesn't see it. What happened?,complaint
Why hasn't my transaction completed?,complaint
Why hasn't the transaction I did arrive yet?,complaint
Why isn't the transfer I made to a friend showing?,complaint
Why is my friend not getting a transaction arrival yet?,complaint
How long will a transaction to a friend take?,complaint
Why hasn't my in country transfer gone through yet? I confirmed the account info a couple days ago but the payment hasn't been posted yet.,complaint
"I completed a transfer within the UK two days ago, but it is still not showing received.  I have verified the account number is correct already.  Is there anything else I need to do or is there a problem?",complaint
How can I the person see my money transaction?,complaint
I sent a transfer to a friend that needs it urgently. It has already been 2 hours and still hasn't come through to her. How long does it normally take?,complaint
the money i transferred didnt arrive,complaint
Why is my transfer taking so long. I thought it was supposed to only take 1 day if I made a transfer to someone. Can you wee what went wrong?,complaint
"I sent some money to somebody a couple of hours ago, and they still have yet to receive it.  They really need the money, how much longer are they going to have to wait?",complaint
How long do transfers take? I sent money to a friend who needs it urgently. It's been hours and has not gone through.,complaint
How do I use American express to top up my account?,inquiry
Which currencies do you accept for adding money?,inquiry
Is my credit card supported for top-ups?,inquiry
Am I able to add money into my account using my American Express?,inquiry
Can I use my American Express card to add money into my account?,inquiry
Can you tell me what currencies I can use to add money?,inquiry
I want to use my American Express for adding money into my account.,inquiry
With what currencies can I add money?,inquiry
What are the acceptable currencies for adding funds?,inquiry
how can i transfer money from american express card,inquiry
what cards and currencies are accepted?,inquiry
How can I top up my card with another card?,inquiry
use my credit to add money,inquiry
What types of currencies do you accept?,inquiry
Do you accept any card and currency?,inquiry
can i use my mastercard to add money to my account,inquiry
What types of cards and money do you accept?,inquiry
How can I fund another account with my American Express?,inquiry
What currencies do you accept to add money?,inquiry
How can I top up my account and which currency can I use?,inquiry
Will my other US credit card be accepted?,inquiry
can i top up from a usa credit card,inquiry
How can I get funds into my account from my American Express?,inquiry
Which cards and currencies are supported?,inquiry
What are the currencies and cards that are supported with my account?,inquiry
What currency can I use to add money?,inquiry
Can I use a credit card from the US to top up?,inquiry
why don't you accept american express for adding money to my account,inquiry
Can you tell me what cards and currencies you support?,inquiry
Which foreign currencies do you accept for adding money?,inquiry
I only have one other credit card from the US. Do you accept that?,inquiry
What currencies are approved to add money?,inquiry
I wish to use my American Express to put funds into my account.,inquiry
I have another card from the U.S. Will you be able to accept that one?,inquiry
I want to use a payment card to top up my account. How can I do this?,inquiry
Can I use American Express?,inquiry
I'd prefer to use my American Express when putting funds into my account.,inquiry
What currencies can I use?,inquiry
what cards can i use to add money to my account,inquiry
What currencies and methods can i use to top up my account?,inquiry
Is American Express supported for adding funds?,inquiry
Do you accept credit cards from the US,inquiry
Can you accept my other card from the U.S.?  It is the only other one I have.,inquiry
Do you accept Mastercard?,inquiry
"I am adding money, what currencies do you accept to do this?",inquiry
Which currencies do you handle?,inquiry
what currencies can i use to add money to my account,inquiry
Are there certain cards and currencies you support?,inquiry
why wont my american express work to add money,inquiry
Which currencies can I use to add money?,inquiry
Can I use any card and currency?,inquiry
What kind of cards are supported?  What currency?,inquiry
What US cards do you accept?  I only have 1 other.,inquiry
I have a second credit card from the US. Will you take it?,inquiry
What cards do you accept to top up my account?,inquiry
What currencies do you accept for adding money?,inquiry
Can I top off with a debit card?,inquiry
"I want to deposit funds, what payments are accepted?",inquiry
Are cards from the US accepted?,inquiry
I'd like to use my American Express to place money into my account.,inquiry
Please let me know what currency I can use to top up my account?,inquiry
Do you accept all cards and currencies?,inquiry
I have one other credit card from the US. Do you take that?,inquiry
Which credit card top-ups do you accept?,inquiry
"If I top up by card, what options do I have re: currency and card type?",inquiry
What currencies are accepted to add money?,inquiry
"I want to add money to my card, what payments do you accept?",inquiry
What are my payment options?,inquiry
Can I electronically transfer funds into my account from my American Express?,inquiry
Can I top up my card with other cards?,inquiry
I have one other credit card from the US. Do you take it?,inquiry
Am I able to use my American Express to add money to my account balance?,inquiry
What are the cards and currencies that you support?,inquiry
What US credit cards do you accept?,inquiry
What currencies do you accept for adding money to my account?,inquiry
I have an American Express that I'd like to add money to my account with.,inquiry
What forms of payment do you accept?,inquiry
What type of card can I use to top up?,inquiry
Do you have a list of cards and currencies you support?,inquiry
"I want to top up by using a credit card, which ones do you support?",inquiry
"I have a US credit card, will you accept it?",inquiry
What currencies and cards do you support?,inquiry
how do i add money from my amex card to top up,inquiry
What cards and currencies can I use to top up my account?,inquiry
Will you accept my credit card?,inquiry
"Will you accept my credit card, it my only one.",inquiry
"If I want to add funds to the account using American Express, how do I do that?",inquiry
I just have one additional card from the USA. Do you support that?,inquiry
Why doesn't it work when I use American Express to try to add money to my account?,inquiry
Which cards are accepted for topping up?,inquiry
What kinds of cards can I use to top up?,inquiry
Help me use American Express to add money to the account.,inquiry
What cards and currencies can I use?,inquiry
What currency is acceptable for a top up?,inquiry
What other credit cards can I use?,inquiry
What payment methods are used to top up?,inquiry
how can i add money from my amex card,inquiry
I only have a card from the US is that okay?,inquiry
Is American Express accepted?,inquiry
Which currencies do you work with?,inquiry
Can I use this app for any currency?,inquiry
"For adding money, which currencies do you accept?",inquiry
How can I pay for top-ups?,inquiry
Is American Express supported for adding money into my account?,inquiry
Can you tell me which cards and currencies are supported?,inquiry
"I would like to top up via credit card, which credit cards do you support?",inquiry
"I only have one more US credit card, is it accepted?",inquiry
"If I want to topup by card, how do I do it?",inquiry
"I want to know which currencies and cards are supported, can you provide a list?",inquiry
"I want to top up by card, what do you support?",inquiry
can i add funds  with a card from the united states,inquiry
I want to top up my account. What payment methods are supported?,inquiry
How can I use my American Express to add money into my account?,inquiry
What card or currency can I use to pay?,inquiry
My card wants to be topped what do you guys support?,inquiry
do you accept from usa credit card?,inquiry
What currency can I use to pay for a top up?,inquiry
Do you have a list of the cards and currencies supported?,inquiry
What are the various currencies and cards that you offer support for?,inquiry
What currencies can be used for top up?,inquiry
"Do I have to top up in euros if I use a card, or can I use a different currency?",inquiry
What cards do you support,inquiry
What are the currencies that are accepted to add money?,inquiry
What kind of cards an currency do you support?,inquiry
Which cards do you support for top up?,inquiry
"Top up my card please, which y'all support?",inquiry
Do you accept US credit cards?,inquiry
I need to know if you will accept my credit card.,inquiry
I want to add funds to my account. What payment methods are accepted?,inquiry
"I would like to order a virtual card, where can I get one?",support_request
"I need to order a new virtual card, how do I do that?",support_request
How can I sign up for a virtual card?,support_request
I haven't received my virtual card yet!!,support_request
Can you give me a virtual card?,support_request
I want to get my hands on one of those virtual cards!,support_request
i need a virtual card,support_request
How do I get to the virtual cards?,support_request
want to know how to get virtual card,support_request
Where is my virtual card?,support_request
Where are the virtual cards?,support_request
Is it possible to order a virtual card?,support_request
how to i go about getting my virtual card,support_request
I don't have a virtual card - how do I get one?,support_request
How to receive virtual card?,support_request
Why haven't I gotten a virtual card yet?,support_request
Where do I order a virtual card?,support_request
Can i have a virtual card?,support_request
Please explain to me the process of getting a virtual card.,support_request
my virtual card has not came yet!,support_request
Which part of the app do I order virtual cards from?,support_request
Where do I have access to a virtual card?,support_request
How to order a virtual card,support_request
Where do I get a virtual card?,support_request
Why haven't I been given a virtual card yet?,support_request
Can you help me find the virtual card?,support_request
How do I go about getting hold of a virtual card?,support_request
Where's my virtual card,support_request
How can I go about ordering a virtual card?,support_request
Where can i find the virtual card?,support_request
"I'd rather not use my physical card, how can I get a virtual card?",support_request
What do I have to do to get my virtual card?,support_request
can i use my app to get a virtual card,support_request
How can I obtain a virtual card?,support_request
I'm interested in getting a virtual card.  How do I get one?,support_request
What is the way to go about getting a virtual card?,support_request
How can I receive a virtual card?,support_request
When will my virtual card arrive?,support_request
How do I get my virtual card?,support_request
how to get virtual card,support_request
What is the best way to get my virtual card?,support_request
"I need to make a purchase online, where is my virtual card?",support_request
I look but I see no virtual card. Why is that?,support_request
"Hello, what is a virtual card and how do I get one?",support_request
How come I did not get a virtual card yet?,support_request
"how many virtual cards can i have, i want 8",support_request
How do I get a virtual card on my device?,support_request
How do I access the virtual card?,support_request
I'd like more info on getting a virtual card.,support_request
Do I get to have one of those virtual cards I've heard about?,support_request
where can i have a virtual card,support_request
I would love one of the virtual cards!,support_request
I would like to order a virtual card.,support_request
I have yet to receive my virtual card,support_request
How long will it take to receive a virtual card?,support_request
Why have I not received a virtual card yet?,support_request
I can't find the virtual card,support_request
Can you assist me in acquiring a virtual card?,support_request
I want one of the virtual cards!,support_request
How come I didn't get a virtual card yet?,support_request
And do you have virtual cards instead of physical ones?,support_request
How do I go about getting a virtual card?,support_request
When will I get a virtual card? I haven't gotten one yet,support_request
Where can I order my virtual card?,support_request
Where can virtual cards be ordered?,support_request
How can I locate the virtual card?,support_request
How long do you have to wait to see your virtual card your ordered?,support_request
I want to get a virtual card!,support_request
How to access my virtual card,support_request
Where can I sign up for a virtual card?,support_request
Where do i go to receive a virtual card,support_request
Are there virtual cards,support_request
Please let me know how to place an order for a virtual card,support_request
I ordered a virtual card but it hasn't come through yet,support_request
Is there a way to get a virtual card?,support_request
"I haven't received my virtual card yet, do yo know why?",support_request
why hasn't my virtual card arrived?,support_request
What is the virtual card and how can i get one?,support_request
"I have lost my card, but need to place an online order! How do I get a virtual card instantly?",support_request
I've got to have one of those virtual cards.,support_request
Where is my virtual card located?,support_request
Why have I not yet received my virtual card?,support_request
Where would I order a virtual card?,support_request
"I need to order a new card, can you please direct me to the virtual cards?",support_request
I need my virtual card,support_request
I haven't received my virtual card.,support_request
How do I receive a virtual card?,support_request
I heard you have virtual cards. How do I get one?,support_request
I would like a virtual card...how do I get one?,support_request
explain the virtual card,support_request
I'd like like to know where I can order a virtual card?,support_request
what is a virtual and how do i get one,support_request
why hasn't my virtual card come yet?,support_request
Is there a way to order a virtual card on the website?,support_request
Is there an alternative to a physical card?,support_request
Please tell me how I can get a virtual card.,support_request
"I did not get my virtual card yet, Why?",support_request
Where do I find a virtual card?,support_request
Why is my last cheque deposit taking so long?,inquiry
I am still waiting for a the cash I deposited this morning,inquiry
"I tried using a check to update my balance, but it isn't work? Is something wrong?",inquiry
I deposited cash but it isn't showing up in my account,inquiry
I put some cash into my account but it's not displaying that on my balance.,inquiry
Why hasn't my cash been deposited yet?,inquiry
"Hi, I want to inquire about my balance. Some cash was deposited and it hasn't updated yet.",inquiry
I deposited a check yesterday and im not seeing it posted yet in my account. why is that? can you look into it?,inquiry
"I made a deposit a couple of days back it's, as of yet, not gone in! It would be ideal if you assist me with this",inquiry
"The cheque I sent a few days ago has not been deposited yet, what is the hold up?",inquiry
cash and check deposit has not gone thru,inquiry
"my balance has not changed, despite depositing a cheque",inquiry
Why did my cash deposit not show up?,inquiry
Why is my money not in my account. I have already sent it out.,inquiry
I placed a cash deposit in my account but I can't see it yet.,inquiry
I'm not seeing my cash deposit showing up in my account.,inquiry
Last week I put a cash deposit into my account and it is still isn't there.,inquiry
I checked the app and my balance has not been updated for the cash or cheque deposit.,inquiry
"I put some money in my account the other day and it's not gone in yet, can you help with this?",inquiry
I did a cash deposit to my account but it doesn't show up,inquiry
I can't see my cash deposit in my account.,inquiry
"I deposited money in the form of a cheque, but my balance has not increased.",inquiry
Where is the cash deposit I made?,inquiry
"I can't figure out why I haven't gotten my cash, when I already put the check in the bank.",inquiry
Why is my deposit still pending?,inquiry
I made a cash deposit and the balance wasn't updated.,inquiry
I did a cash deposit to my account but my balance is still the same. What happened?,inquiry
I just deposited cash to my account and can't find it!,inquiry
Online banking is not showing my cheque or cash deposit so the balance is incorrect.,inquiry
i need help. I updated my balance with a check yesterday and Im not seeing it. Can you look at my account to see what went wrong?,inquiry
When will my cheque be processed?,inquiry
What happens if I deposit a cheque accidentally?,inquiry
Why isn't my cheque deposit showing on my account?  I though it would be faster and would like to to look into it and help.,inquiry
When will my deposit from this morning show up?,inquiry
I tried updating my balance by cheque yesterday but it doesn't seem to be working. Shouldn't that be faster? Please check my account something has gone wrong there.,inquiry
Where is my missing cheque I deposited?,inquiry
My balance doesn't show my deposit.,inquiry
My account balance doesn't reflect an update I made by cheque yesterday. Is something wrong or is the system slow?,inquiry
I made a deposit and the balance hasn't been updated.,inquiry
I have yet to receive the cash I added to my account this morning.,inquiry
Why isn't my cash deposit showing up in my account?,inquiry
"I deposited some cash but it hasn't shown up in my account yet, what's going on?",inquiry
I deposited a cheque but the cash hasn't arrived yet,inquiry
I've already sent the money out and still have not received money in my account.,inquiry
I have made a recent check and cash deposit that isn't reflected in my balance.,inquiry
I placed a cheque but the funds aren't there,inquiry
The cheque I sent to you to have deposited a couple days ago has not cleared in my account yet. What is the issue?,inquiry
"the balance has not changed, but I have deposited some money",inquiry
"I am worried about the amount of my cheque, which should be credited to my account few days before. As i have already sent you the cheque.",inquiry
I need my account checked because it appears there is a problem. I attempted to update my balance yesterday using cheque but it doesn't seem to have worked.  Should this not be faster than this?,inquiry
I've deposited a check but the cash isn't showing that it's there yet.,inquiry
Waiting for the cash I deposited this morning still,inquiry
"I put cash in my account, but I don't see it.",inquiry
Where did the money I deposit go??,inquiry
"I Submitted a cheque couple of days ago, nothing happened to my account yet.What could be the possible issue?",inquiry
I made a cash deposit a few days ago and it's still not reflected in my account. Do you know what might have happened?,inquiry
Why is the cash not showing in my account for the check I deposited?,inquiry
When will the check I deposited post to my account?,inquiry
How do I see my updated balance after I make a cheque or cash deposit?,inquiry
Why isn't my deposit in my account?,inquiry
Where is my cash deposit in my balance?,inquiry
Dude I put money in the ATM last week but it ain't there! I need the money now figure this out!,inquiry
"I deposited cash this morning, but it's not showing up in my account. Can you tell me where's my money?",inquiry
How long does it take for a cheque to post to your account?,inquiry
Why has my account balance not changed after depositing a cheque?,inquiry
Where is the cash I deposited?,inquiry
Why is my balance still the same after a cheque deposit?,inquiry
Why is my check still not showing up on my account? It's been a week already,inquiry
Why isn't my balance updating after depositing cheques and cash.,inquiry
My cash deposit isn't in my account. What happened?,inquiry
I updated by balance with a cheque yesterday but it isn't showing on my account. Did something go wrong?,inquiry
I sent you a cheque a few days ago and I noticed that nothing has happened yet. Can you tell me the status of my cheque please?,inquiry
Why isn't my deposit showing up?,inquiry
My balance was not updated with my checque or cash deposit.,inquiry
"Help! I'm missing money, I deposited a cheque but its not showing on my balance.",inquiry
My cash deposit from a week ago is still not in my account. Can you help me please?,inquiry
I made a deposit but it is not showing up in my balance.,inquiry
I sent a cheque a few days ago and i noticed that no money has been put on my account. Can you please tell me the situation of my account?,inquiry
The cheque I deposited isn't showing in my account,inquiry
my check or cash deposit has not shown up,inquiry
Why isn't my cash deposit showing up in my account? I deposited it this morning.,inquiry
"I deposited a cheque, why isn't my balance showing that I did?",inquiry
Why hasn't my cash arrived from a deposited check?,inquiry
"I put money in my account a week ago but its still not there, what is happening?",inquiry
"I made a cash deposit, but it hasn't shown up in my balance yet.",inquiry
"When will I see my cash, since I already deposited my check?",inquiry
"Hi,  My money has not been credited to my account for which i have sent you cheque few days before. I am worried about the money please let me know the status.",inquiry
I haven't seen the cash yet from the cheque I deposited.,inquiry
I've deposited a check in my account but the cash isn't showing as available.,inquiry
"I sent a cheque to you a few days ago and the deposit has yet to appear in my account. I need this money, what is the problem?",inquiry
What's going on with my balance? Shouldn't it be a bit higher since I deposited a cheque a day ago?,inquiry
Why am I not seeing the check I deposited this morning in my account?,inquiry
Do you guys accept cash? Because i deposited some this morning and I can't see it in my account.,inquiry
My cash deposit hasn't posted to my account.,inquiry
"I had a cheque deposited, but I don't see my money yet?",inquiry
My balance is not right. It has not been updated for the cash or cheque deposit.,inquiry
"After I deposited my cash, I still don't see it in my account.",inquiry
I made a cash deposit going to my account but it is not there,inquiry
"I deposited a check yesterday and Im not seeing it in my account. i need the money, is there something wrong with my account? check it out please",inquiry
My cheque deposit didn't seem to work.,inquiry
I still do not see the cash deposit in my account from last week. Why?,inquiry
When will my cheque process?,inquiry
"I deposited a check, but haven't received the funds for it.",inquiry
After depositing a cheque my balance did not change.,inquiry
Cash has been deposited this morning but it hasn't came through.,inquiry
I deposited a cheque a week ago but have yet to receive the cash.,inquiry
"I put money into my account in the form of a cheque, but my balance did not change.",inquiry
"I deposited cash into my account a week ago and it is still not available, please tell me why? I need the cash back now.",inquiry
"My mother deposited a cheque into my account last week, why is it still not showing up?",inquiry
Why hasn't my balance been updated from the check deposit I made?,inquiry
Where is the money I put in the bank?,inquiry
I haven't received the cash from the check I deposited.,inquiry
After trying to update my account balance yesterday by cheque it doesn't seem to working. Shouldn't the process be quicker? I need my account looked at because there appears to be a problem.,inquiry
Is there an issue with my account?  I don't see a cheque deposit that I made yesterday.  Please assist.,inquiry
"Even though I made a cash deposit, I am not seeing it in my account.",inquiry
I put money in my account a week ago but its still not there?? What happened to my money?,inquiry
Why did the cash deposit not show up in my account?,inquiry
What is going on? My balance still hasn't updated and it has been two weeks since I deposited my money!,inquiry
"I deposited cash into my account, why do I not see it?",inquiry
Can you tell me why a cheque deposit isn't showing in my balance?,inquiry
Why is my cash deposit not in my account?,inquiry
Why isn't my money from a check deposit showing?,inquiry
"I put my check in the bank, but I haven't gotten my cash yet?",inquiry
How long should a cheque deposit take to show? My account hasn't updated and I want to make sure everything is okay.,inquiry
i used a check check yesterday to balance my account and it isn't showing up?,inquiry
"I recently deposited some money into my account, but it still isn't showing up. What's going on?",inquiry
"My friend deposited $100 into my account, but it is not showing up!",inquiry
The cash deposit I made this morning has not been credited to my account,inquiry
"I did a cash deposit to my account, but I am not seeing it on my statement.",inquiry
I deposited a cheque but I don't see the funds in my account.,inquiry
When will my deposit post to my account?,inquiry
I am still waiting for the cash to be returned from a cheque I deposited!,inquiry
How long does it take to show a deposit I made to my balance?,inquiry
I deposited cash into my account and I'm having trouble seeing it on my account.,inquiry
"I wrote a check to the account yesterday to add to my balance, but I don't see the amount of the check reflected anywhere.  Is it being held up for some reason?  I should have seen a new balance by now!",inquiry
How long do cheques take to post to your account?,inquiry
I deposited money but my balance hasn't been updated yet.,inquiry
"I deposited cash this morning, but it is not yet available.",inquiry
I have cash deposit to my account but it is experiencing a problem,inquiry
How long will it take for the cash I deposited this morning to show up?,inquiry
The cast deposit from a week ago still is not in my account. Why?,inquiry
Why is the check I deposited this morning not showing up?,inquiry
How long do deposits take to appear? I've been waiting for more than a week and need the money!,inquiry
When will my deposit be processed?,inquiry
I am still awaiting the money I put into my account this morning.,inquiry
Why am I still not able to see the money I deposited a week ago? This is urgent!!,inquiry
I deposited a check a few days ago and it's still not gone in! Please help me with this,inquiry
I made a check and cash deposit that wasn't credited to my account.,inquiry
"I deposited a check yesterday to up my account balance, but that deposit hasn't shown up yet.  It's been a day already!",inquiry
Why hasn't my cheque processed?,inquiry
I am still currently waiting for the cash that has been deposited into the account this morning.,inquiry
I sent a check into the system but still haven't received the cash yet,inquiry
I recently deposited a cheque and cannot find the cash from it.,inquiry
When will I receive the cash payment from the check I deposited?,inquiry
My cheque is slow to cash,inquiry
I attempted to deposit a cheque yesterday but the balance isn't showing today. Is it still pending?,inquiry
Why haven't I seen the cash from the cheque I deposited yet?,inquiry
My cheque is taking a while,inquiry
I made a cash deposit to my account but i don't see it,inquiry
The check I deposited yesterday isn't listed yet.  Isn't that pretty slow?  I need to see the balance increased by that check.,inquiry
where is my money from this morning,inquiry
Why is it taking so long for my money to appear in my account? I have been waiting a week!,inquiry
"I deposited a cheque, but the balance hasn't changed yet.",inquiry
My account balance has not updated since I deposited a cheque recently.,inquiry
How long does a check take to show up in the account balance?,inquiry
What is going on with my cash deposit. I'm looking at my account balance and it is not there. It has been almost a week. Someone better get back to me asap.,inquiry
Why hasn't my account updated?,inquiry
I haven't received the money from the check I deposited.,inquiry
"I deposited a cheque with some money, but the balance hasn't changed.",inquiry
"I deposited a cheque, but my account balance stayed the same.",inquiry
Why hasn't my balance been updated? I've deposited a few cheques some days ago!,inquiry
why hasn't my cash arrived yet from my cheque?!,inquiry
I made a check deposit but the cash hasn't arrived in my account yet.,inquiry
The balance hasn't changed yet after depositing a cheque with some money.,inquiry
What happened to my cash deposit?,inquiry
"Please, tell me why I can't have the funds I deposited a week ago? I need the money now.",inquiry
"After my checque or cash deposit, my balance didn't update.",inquiry
When will my balance reflect a deposit?,inquiry
I made a cash deposit to my account but it is not there,inquiry
I deposited a cheque and its been days and I still haven't received the cash!!,inquiry
"I deposited some money, but the balance has not changed.",inquiry
I am interested in changing my personal details.,support_request
I am here to change my adress.,support_request
I'd like to make some changes to my personal information.,support_request
I would like to change my name after marriage.,support_request
I would like to change my adress,support_request
My address is incorrect on my file.,support_request
My address details have changed and I want to update them,support_request
Where do I go to edit my personal details on my account?,support_request
"I need to change my name, since i just got married",support_request
I moved to a new city and need to change my address,support_request
How can I change my address?,support_request
My last name has changed and I need to update my account details.,support_request
where can I change my address?,support_request
How do I edit the personal details on my account?,support_request
details need to be modified,support_request
Am I able to modify my account details?,support_request
How can I change my name because I just got married?,support_request
Where can I find how to change my name?,support_request
I just moved. How do I give you my new address?,support_request
I need to change my address in the personal details.,support_request
Why can't I edit my personal details?,support_request
I need to change details about my personal account.,support_request
I need to change my phone number.,support_request
How can I change my name in my profile?,support_request
I have a new phone number and need to edit my contact information.,support_request
How do I go about changing my address?,support_request
I need to change my personal details in my account.,support_request
My billing address changed and I need to update my information.,support_request
Tell me how to change my details.,support_request
How do I change my account details?,support_request
How do I change the details in my account?,support_request
I would like to change my address.,support_request
I just had a wedding and I want to take my spouses name.,support_request
I got married and need to change my name.,support_request
need my details changed,support_request
I've just got married and want to change my name.,support_request
How do I edit my details?,support_request
I am looking to change my adress.,support_request
I need to change my last name on my account because I just got married.,support_request
after i got married i need to change my name,support_request
Since I just got married I need to change my name.,support_request
I want to change my account details.,support_request
should i contact customer support if i can't edit details,support_request
Need to report a change of address.,support_request
"Changed details is essential, what steps do I take to do so?",support_request
Please tell me how to edit my personal details.,support_request
How would I change my details?,support_request
How can I change my information?,support_request
I need to add my new address now that I've moved.,support_request
"I moved, can I edit my personal details?",support_request
How do I change my details?,support_request
"my identity hasn't been verified and i can't edit my details, what's next",support_request
I need to change my home address.,support_request
I would like to alter my personal details.,support_request
Can I change my details because I moved?,support_request
How to edit personal details?,support_request
Please tell me where I can update my details since I moved.,support_request
how to change name on account,support_request
I need to update my demographics.,support_request
"Change of location, need to change details",support_request
How can I edit my personal details in the app?,support_request
I would like to change my personal details.,support_request
Can you walk me through how I can edit some of my personal information?,support_request
How do I change my address ?,support_request
Can I change my name?  I am not married.,support_request
"Since I got married, I need to change my name.",support_request
Is it possible to change my address?,support_request
I need to modify my details.,support_request
Is there a way to modify my details?,support_request
Where can I modify my details?,support_request
I got a new address and need to change my old one.,support_request
How to modify my details.,support_request
"My marital status has change, I got to correct my name to reflect that.",support_request
Can I change my address?,support_request
I moved so I need to change my address. How do I do that?,support_request
I've just moved and I need to change my details,support_request
I've just been married and need to update my name,support_request
How do I change my name after marriage,support_request
I moved and would like to change my address.,support_request
Talk me through modifying my details.,support_request
I just got married and need to change my name on the account,support_request
How do I update my address?,support_request
I just got married and I need to change my name,support_request
Can I update my details?,support_request
I need to update my address.,support_request
is there a way to change name?,support_request
I must change my address.,support_request
How do I modify my details?,support_request
My address needs to be changed.,support_request
How do I input a new address?,support_request
Can someone assist me with updating my account details with changing my last name?,support_request
How would I be able to make changes to my personal details?,support_request
How do I edit my personal details?,support_request
"Not living in same place, need to change details",support_request
How can I update my personal information after moving?,support_request
I moved and need to change my address.,support_request
I moved and need to change my personal information.,support_request
Where do I go to change my account details?,support_request
"went somewhere else, need to change details",support_request
"My details need to be changed, how can I do so?",support_request
How can I change to my married name?,support_request
how do i get into my account and edit my details,support_request
I would like to edit my personal information .,support_request
How do I modify my account details?,support_request
How do I change my name?,support_request
Can I edit my personal details?,support_request
I need to change my contact information.,support_request
I need to update my phone number.,support_request
Can I edit my details?,support_request
I got a new address and need to change my information.,support_request
I need to change my data.,support_request
What should I do after I've moved and need to update my personal details?,support_request
Editing my personal details,support_request
Where can I edit personal details?,support_request
How can I change my account details?,support_request
Where do I go to update details?,support_request
I need to change my address,support_request
Where can I modify my information?,support_request
How do I change my last name?,support_request
I have a new email.,support_request
How can I update my details since I moved?,support_request
Can you help me with proving my identity?,support_request
What proof do you need for my identification?,support_request
Are there any reasons that my identity wouldn't be accepted even though everything I've provided is factual?,support_request
I am having some difficulty verifying my id.,support_request
I am not able to verify my id. Why?,support_request
Help me verify my identify?,support_request
I can't verify identity through the app.,support_request
I need help verifying my identity.,support_request
I'm having trouble proving my identity,support_request
Why isn't my id verified?,support_request
This stupid system is not letting me prove my identity.,support_request
The app is having trouble verifying my identity.,support_request
Why is my identity not being verified?,support_request
"You will hear back from us about your verification results in 10 minutes to a one hour timeframe.  If these verification results do fail, please double-check to make sure your images are clear and have no glare or blur; your photos need to be fully readable.  You need to be 18 years of age or older and a resident of Switzerland or the European Economic Area to create an account.",support_request
The app does not know it is me.,support_request
My identity wasn't verified,support_request
Help me verify my identification.,support_request
Unsure how to provide my identity.,support_request
It can take between 10 minutes to an hour before you hear back from us about the verification result.  Please try again if your verification fails.  Make sure you double check that images are clear and all document photos are readable without blur or glare. You have to be 18 or older and live in the European Economic area or live in Switzerland to be able to open an account.,support_request
I can't upload my identification.,support_request
Why isn't my id verifying?,support_request
How long does it take to prove my identity?,support_request
Why am I not allowed to verify my id?,support_request
I am not able to prove my identity,support_request
The app failed to verify my id.,support_request
"Hearing back from us regarding your important verification results may take 10 minutes to one hour time.  If verification results do fail, double-check to make sure all of your images are clear --  make sure your photos have no glare or blurring. Note: These photos need to be readable as well.  You also need to be 18 years of age or older.  You must be a resident of Switzerland or the European Economic Area to open a new account.",support_request
I'm unable to verify my identity,support_request
My identity verification didn't work,support_request
I'm not able to verify my identity.,support_request
The app is not able to realize that it is me.,support_request
The app does not believe that I am myself,support_request
It won't let me verify my identity.,support_request
I am unable to prove my identity,support_request
I dont have identification,support_request
Why isn't this accepting my identity?,support_request
The app won't identify me.,support_request
My identity can't be verified for some reason,support_request
My identity is unable to be verified.,support_request
I have no way to prove my identity.,support_request
The app does not recognize who I am.,support_request
"If you are waiting for verification, it can take 10 minutes to 60 minutes to get results.You will hear from us once we have it.  Please make sure your images are clear and photos of documents are readable. you have to be at least 18 years old and live withing the Economic Area of Europe or in Switzerland in order to open an account.",support_request
Why am I unable to verify my id?,support_request
"Hearing about your verification results from us may take anywhere from 10 minutes to approximately one hour.  If this verification has in fact, failed, double-check to make sure that your images are clear.  Also make sure that your document photos have no blur or glare. They need to be readable.  You must also be 18 years of age or older and be a resident of Switzerland or the European Economic Area to open an account.",support_request
I'm having a hard time proving my identity.,support_request
I'm having problems with ID verification,support_request
I am having a problem with verifying my identity.,support_request
I cant prove who I am,support_request
I am not recognized by the app.,support_request
The app doesn't think that I am myself,support_request
What do I have to do to prove my identity?,support_request
What am i missing to verify my id?,support_request
I do not have the information to verify my identify.,support_request
There is no way for me to prove my identity.,support_request
I will not be able to verify my identity.,support_request
How long does it take for my id to verify?,support_request
The app is telling me that I am not me.,support_request
What do I do if I can't prove my identity?,support_request
The app can't verify my information for identity proofing purposes.,support_request
What should I do if I can't prove my identity.,support_request
What's wrong with my ID? I can't verify it.,support_request
Problem verifying my account,support_request
The app doesn't believe its me.,support_request
"app malfunctioning, does not know its me",support_request
I can get my identification verified.,support_request
I am having trouble with the app recognizing me.,support_request
How long will it take to verify my account?,support_request
How come I can't seem to verify my id?,support_request
I don't have the means to prove my identity.,support_request
My app says that I'm not verified.,support_request
I don't have a way to prove my identity.,support_request
Why hasn't my ID been verified?,support_request
The app doesn't think it's me.,support_request
How long does it take to verify a person's identity?,support_request
I'm not sure how to provide my identity.,support_request
Why is my identity not verified?,support_request
Why is my identity verification process not working?,support_request
My identity verification is not working.,support_request
I'm having trouble with proving my identity.,support_request
I am having a problem proving who I am,support_request
It won't let me prove my identity.,support_request
I am having trouble verifying my id.,support_request
Why am I unable verify my id?,support_request
My identity can't be verified.,support_request
I have trouble proving my identity.,support_request
I can't verify my ID. Why?,support_request
"My identity isn't being accepted, what should I do?",support_request
The app failed to verify me.,support_request
Why hasn't the app verified my identity?,support_request
The app doesn't believe that I am myself,support_request
"The app isn't letting me log in, but my info is correct.",support_request
I need help proving that this is really me and to verify my identity.,support_request
why does it take so long to verify my id,support_request
My identity verification isn't working,support_request
I am having trouble to verify my identity,support_request
Everytime I try to prove my identity it won't let me.,support_request
I'm having difficulty verifying my identity.,support_request
Help me verify my identity.,support_request
I'm still waiting on my identity verification.,support_request
Why can't my ID be verified?,support_request
Help my prove my identity.,support_request
i am under 18 and i am trying to verify my id. why wont it work?,support_request
What do I need to bring for identification?,support_request
"I'm not sure what to do about the PIN, because I don't have one yet.",support_request
Is my PIN sent separably?,support_request
Where can I get my card PIN?,support_request
my pin hasn't arrived in the post! How do I cancel it or get a new one?,support_request
Where is the card PIN located?,support_request
"I have my card, when whill my PIN be available?",support_request
I dont have a pin,support_request
i have yet to get my pin,support_request
Where is my card PIN?,support_request
The card PIN?,support_request
I do not see the card PIN anywhere?,support_request
My pin isn't here yet,support_request
Is my PIN recorded anywhere?,support_request
How will I know my pin number?,support_request
"I need my PIN, where is it?",support_request
I haven't received my pin,support_request
I am not able to see the card PIN anywhere?,support_request
"I don't know my PIN, how can I find that out?",support_request
Where can the pin be located?,support_request
How do I find my PIN?,support_request
Why have I not received my PIN,support_request
When do I get my PIN?,support_request
Where can I locate my card PIN?,support_request
Tell me about the card PIN?,support_request
"In the app, where do I find my card PIN?",support_request
do i have to wait for a physical card before i get my pin,support_request
The card PIN is not visible anywhere?,support_request
I cannot see the card PIN anywhere?,support_request
How will I receive my PIN?,support_request
My card arrived but I don't know how to get my PIN.,support_request
Where should I look for my PIN number at?,support_request
Where can I locate my PIN at?,support_request
Where is the PIN for my card located?,support_request
I do not have my pin yet,support_request
Do I have a card PIN?,support_request
Where is my PIN located?,support_request
I can't find the PIN.,support_request
What can you tell me about the card PIN?,support_request
Where can I find my card PIN?,support_request
How do I find my PIN number?,support_request
I am yet to receive my pin.,support_request
i cannot find my card PIN,support_request
How do I set up my card PIN?,support_request
I cannot find my PIN.,support_request
How do I request the PIN?,support_request
I haven't received the PIN yet.,support_request
"I signed up, but don't have a PIN. Where can I find it?",support_request
How is the PIN delivered?,support_request
"Help, I don't know what the PIN is to my card?",support_request
I didn't get a PIN yet. What gives?,support_request
Where's my card PIN?,support_request
How do I set my physical card PIN?,support_request
wheres my pin,support_request
When will I have access to my pin number?,support_request
What's my pin number?,support_request
Where do i find my PIN?,support_request
When do I set up my card PIN?,support_request
Can you tell me how to locate my PIN?,support_request
Do i have to wait to get the pin or can i set up a pin,support_request
How do I locate my PIN now that I have my card?,support_request
Where is my PIN?,support_request
Explain the card PIN to me.,support_request
How do I find the PIN?,support_request
Will the PIN come separately?,support_request
Where can I find my PIN? I haven't gotten it yet.,support_request
Where is my pin? I don't have it yet,support_request
How do I know what my PIN is?,support_request
How long does it take for me to get my pin,support_request
How long do I wait for my PIN,support_request
still need to get card pin,support_request
I have not received my pin yet,support_request
How do I get my card PIN?,support_request
I havn't received my PIN yet.,support_request
I haven't received my PIN yet. Do I need to get it from you?,support_request
In regards to the PIN of the card?,support_request
Does the PIN come under separate cover?,support_request
do i need to wait to get my card before getting a pin,support_request
Will my pin number be sent with my card?,support_request
I can't find my PIN anywhere.,support_request
I have a question regarding the PIN of the card?,support_request
How do I get a PIN?,support_request
I haven't been sent my new pin!,support_request
"So, the card PIN?",support_request
can i go into my app to find my pin,support_request
Is the PIN separately delivered?,support_request
I don't have a PIN at this point.,support_request
do i need to wait for my card before i get pin,support_request
Where do I find my card PIN?,support_request
I can't find the card PIN.,support_request
Where is the PIN number found?,support_request
When do I get my card PIN?,support_request
How is my PIN sent?,support_request
Is the PIN sent in another message?,support_request
Do you deliver the PIN separately?,support_request
Is my PIN the same thing as my passcode?,support_request
"I'm looking in the App and can't find my PIN, where should I look?",support_request
I've been waiting ages and my PIN hasn't gotten here.,support_request
How do I get started when I get my card?,support_request
Show me where I can see the PIN?,support_request
How do I find my new pin?,support_request
can i create my own pin right away,support_request
how to get card pin?,support_request
Where do I find my PIN for my new card?,support_request
Can you deliver the PIN separately?,support_request
is my pin the same as my passcode,support_request
how do i get a pin for my card,support_request
Is there a way I can have a mastercard?,inquiry
is it just visa or can i also use mastercard?,inquiry
I do not want a VISA card.,inquiry
"I prefer using Mastercard, can I substitute?",inquiry
I prefer Mastecard.,inquiry
may I have a Visa and a Mastercard from you.,inquiry
I'd prefer Mastercard.,inquiry
Will my card be a MasterCard or a Visa?,inquiry
I want a mastercard,inquiry
I prefer mastercard.,inquiry
Please give me both a visa and a mastercard.,inquiry
Is it possible to get a Visa and Mastercard from you?,inquiry
If I can't choose my card type will I be able to use it everywhere?,inquiry
Do I get  a mastercard and visa?,inquiry
Why can I not choose the card i want?,inquiry
"Can you send me a Mastercard, instead of a Visa?",inquiry
Can I pick between Visa and Mastercard?,inquiry
"I have a Visa and Mastercard, can I use these?",inquiry
I want to apply for a Visa card.,inquiry
Can you issue both a Visa and a Mastercard to me?,inquiry
I would like a Visa card.,inquiry
"I am looking to get a Visa credit card, what must I do to achieve this?",inquiry
Is there a way I can get a Visa card?,inquiry
Can I get the Mastercard?,inquiry
Do I have a Visa card as an option?,inquiry
Are visa and mastercard accepted,inquiry
What credit cards do you carry,inquiry
would a visa or mastercard be more suited to me?,inquiry
I am interested in a Visa or Mastercard. Do you offer them?,inquiry
is it ok if i use both visa and mastercard,inquiry
Do I have a choice for a Mastercard?,inquiry
Can I use visa or mastercard with your service,inquiry
Can I choose from either Visa or Mastercard?,inquiry
Can I have a Visa card?,inquiry
Would I get a Visa or Mastercard?,inquiry
Am I able to get both a Visa and MasterCard from you?,inquiry
Is it possible to get both a Visa and a Mastercard?,inquiry
Can I choose my Visa or Mastercard?,inquiry
My preference is Mastercard.,inquiry
What card types can I choose from?,inquiry
I want to get a Visa,inquiry
Can I choose whether I receive a Visa or a Mastercard card?,inquiry
Which type of card will I receive?,inquiry
I would like to have a Mastercard.,inquiry
Can I get a Visa or Mastercard?,inquiry
Do you give out Visa or Mastercards?,inquiry
Do I have to pick a creditcard brand?,inquiry
Please give me a Mastercard instead.,inquiry
Visa or Mastercard?,inquiry
Can both Visa and Mastercard be chosen?,inquiry
Do you let me choose between Visa and Mastercard?,inquiry
What cards do you offer?,inquiry
Does it matter if I use Visa or Mastercard?,inquiry
How can I choose between Visa and Mastercard?,inquiry
I'm happy with Mastercard and want to stick with just that credit card.,inquiry
Can both a Visa and Mastercard be received from you?,inquiry
I prefer to get a Mastercard.,inquiry
I'm wanting to get a Visa card today.,inquiry
What do I have to do to get a Visa card?,inquiry
I would like to get both a Visa and MasterCard?,inquiry
Would you give me a mastercard and visa?,inquiry
I'd like to apply for a Visa Card.,inquiry
My first choice would be Mastercard.,inquiry
"I want to get a Visa and Mastercard, is it possible to get both from you?",inquiry
Are you Visa or Mastercard?,inquiry
Please help me get a Visa card.,inquiry
I won't be pleased unless I get a Mastercard.,inquiry
Can I select my card scheme or do you choose it for me?,inquiry
No Visa please. I want to continue with Mastercard.,inquiry
Will the card be a Mastercard or a Visa?,inquiry
Can I choose my card scheme?,inquiry
Does it matter which card I use,inquiry
What type of card will I receive?,inquiry
Can I get a Visa or does it have to be something else.,inquiry
"I'd like to get a Visa card, please.",inquiry
Visa and Mastercard can both be received from you?,inquiry
Can I choose between Mastercard and Visa?,inquiry
"I prefer Visa, can I get that instead?",inquiry
Will I be able to get both a visa and a mastercard?,inquiry
I anticipate getting a Visa card,inquiry
What type of card can I get?,inquiry
Will I get Visa or MasterCard?,inquiry
"Visa and MasterCard, can I get them both?",inquiry
Can I choose between Visa or MasterCard?,inquiry
I need a Visa card,inquiry
Do you take both Visa and Mastercard?,inquiry
"Which card would I get, Visa or Mastercard?",inquiry
Could I get a MasterCard and Visa from you?,inquiry
I want to get a Visa card,inquiry
Is it possible to get both Visa and Mastercard from you?,inquiry
Can I get both a Visa and a Mastercard from you?,inquiry
Do you accept Visa or Mastercard?,inquiry
"Given a choice, I'd rather have Mastercard.",inquiry
can i use both visa and mastercard,inquiry
Is it possible to obtain both a Visa and a Mastercard from you?,inquiry
"If I can, I would like to get both Mastercard and Visa from you.",inquiry
Mastercard is preferred to me.,inquiry
I need a Visa and a Mastercard from you.,inquiry
This transaction needs both a Visa and a Mastercard.,inquiry
"I want a Mastercard, instead.",inquiry
I need to get visa and mastercard,inquiry
Could I get a mastercard if that's reasonable?,inquiry
I need mastercard as well as visa,inquiry
Will I get a Visa card or Mastercard?,inquiry
I would like to get a Visa card,inquiry
How can I get a Visa and Mastercard?,inquiry
Can I get a Visa instead of a MasterCard?,inquiry
Can I obtained a Visa Card,inquiry
"Please give me both Visa and MasterCard, is it possible?",inquiry
Do I get Visa or Mastercard?,inquiry
Why did I get a different card then requested?,inquiry
Can I use a Visa or Mastercard?,inquiry
Can I choose between Visa and Mastercard?,inquiry
Mastercard is my preferred company.,inquiry
Is it possible to get both Mastercard and Visa card from you?,inquiry
I'd prefer a Mastercard.,inquiry
Can I have a mastercard?,inquiry
How do I get selected for a visa card?,inquiry
Do I have an option between Visa and MasterCard?,inquiry
Can I get a Visa from you?,inquiry
I hope to get a Visa card,inquiry
Which one are you?  Visa or Mastercard?,inquiry
How can get a Visa card?,inquiry
Can you make sure I get a MasterCard and not a Visa?,inquiry
I would prefer a Mastercard.,inquiry
I would like to get both Mastercard and Visa card from you if that's possible.,inquiry
Will I get a visa or Mastercard?,inquiry
Will you guys do Visa or Mastercard?,inquiry
Do you only use Visa or do you have Mastercard too?,inquiry
Can I get a Visa card?,inquiry
I would like to know if you use Visa or Mastercard.,inquiry
Is it acceptable to use either Visa or Mastercard?,inquiry
"Please tell me, do you use Visa or Mastercard?",inquiry
Can I choose what card I can use,inquiry
Do you supply both Visa and Mastercard?,inquiry
Help me!  I don't know what my password is.,support_request
"I thought I knew my password but I guess I was wrong, what can I do now?",support_request
I am unable to access my app due to forgetting my passcode.,support_request
I can't recall my password.,support_request
What should I do if I don't know my password?,support_request
Need a new passcode.,support_request
I can't log in with this passocde,support_request
I forgot my passcode. Now what?,support_request
What are the steps to reset my passcode?,support_request
Where do I go to reset the passcode?,support_request
I am unaware of what my password is.,support_request
I can't remember my passcode.,support_request
I forgot my code,support_request
Help me.  The passcode doesn't work.,support_request
The passcode isn't working for me.,support_request
Is there a way to recover my password?,support_request
Can you lookup my password?,support_request
What is my password?,support_request
I forgot my password to get into the app!,support_request
Why doesn't my passcode work?,support_request
I happened to forget my password,support_request
I forgot the passcode on my app.,support_request
I seem to of forgotten my passcode.,support_request
I do not understand why my pass-code is not working.,support_request
My passcode won't work.,support_request
How do I reset my passcode?,support_request
Not sure what my password is.,support_request
how to recover my passcode,support_request
I don't remember my login code,support_request
I need a new login code,support_request
Help!  I forgot my password.,support_request
I happened to forget my passcode,support_request
"what is going on, i have entered my passcode and its not working",support_request
passcode retrieval,support_request
My passcode is not being accepted,support_request
I would like to better understand why my pass-code is not working.,support_request
I can't find my code,support_request
My password doesn't work.,support_request
My passcode was denied.,support_request
I don't know the code for the app.,support_request
I can't remember my password.,support_request
Please help me.  I don't know my code to get into the app.,support_request
"I used to know my password, but not anymore.",support_request
I've forgotten my passcode. Can I reset?,support_request
I am entering my passcode but getting an error.,support_request
I don't remember my password,support_request
Where can I get a new passcode?,support_request
What are the steps for changing my passcode?,support_request
I lost the code and can not get into the app. Help!,support_request
I think my passcode was changed,support_request
How can I reset the passcode if I need to do that?,support_request
I can't log into my account because I lost my password,support_request
What do I do if I can't access my passcode?,support_request
The app passcode has completely slipped my mind.,support_request
Can you help me reset my passcode? I forgot it.,support_request
How do I change my passcode?,support_request
I cannot remember my passcode.,support_request
I don't have a password.,support_request
Where do I go to reset my passcode?,support_request
What do I do if I forgot my passcode?,support_request
I've completely forgot the code to get into the app.,support_request
How can I go about resetting my passcode?,support_request
How can I change my password?,support_request
Is there a way to reset the passcode?,support_request
I can't log in,support_request
Help! I've forgot my app passcode!,support_request
"I need to reset my passcode, this one isn't working",support_request
I don't remember my passcode?,support_request
What do I do if I have forgotten my passcode?,support_request
Can you tell me my code to get into the app?,support_request
"I cannot remember my passcode, is there a way to retrieve it?",support_request
What should I do if my passcode won't work?,support_request
I have forgotten my passcode,support_request
Can my password be reset if I do not have it?,support_request
I can't access my account.,support_request
Lost password,support_request
"I'm locked out of my account as I can't remember my code, what do I do now?",support_request
"Disaster, I've totally forgotten my passcode, can you help me?",support_request
"I want to reset my passcode, how can I do that?",support_request
I tried entering my passcode and it isn't working. Can you help?,support_request
I can't get into the app with the passcode.,support_request
For some reason I forgot the passcode I have.,support_request
I've forgotten my app passcode completely.,support_request
How do I reset my password?,support_request
I lost my passcode.,support_request
I don't know my password anymore.,support_request
Instruct me how to reset the passcode.,support_request
I can't remember what my password is,support_request
I need to reset my passcode. Where do I go to do that?,support_request
How can I reset my passcode?,support_request
How do I get the passcode reset?,support_request
Can someone please help assist me by explaining to me why my pass-code is not working?,support_request
I don't have my passcode to access the app.,support_request
Can I reset the passcode?,support_request
Are there directions to get a new passcode if I forgot mine?,support_request
I need to reset the passcode.,support_request
I can't enter my passcode.,support_request
I think I forgot my passcode,support_request
I don't know my password,support_request
I forgot the code I need to get into the app.,support_request
"I don't know what my passcode is, can you help?",support_request
How can i reset my passcode ?,support_request
What can I do if my passcode won't work?,support_request
"I can't remember my app code, can you reset it?",support_request
Can someone help with my passcode?,support_request
"I tried to withdraw cash and got declined, why is that?",complaint
Why was I declined when I tried to get my money?,complaint
I could not access my money at the ATM,complaint
"i needed money for a night out with the girls but i was declined, why?",complaint
Why was I blocked from withdrawing from the ATM?,complaint
I tried to get funds in hard cash but it was rejected!,complaint
Why won't cash come out of the ATM?,complaint
My withdrawals were going smooth until I got declined today. What is going on?,complaint
I tried to use my card to withdrawal money from the ATM in Notting Hill but it didn't work. This is the first time I've tried using it. Is my card working?,complaint
Why was my request for cash declined?,complaint
Where did my money go? I'm not able to withdraw it from my ATM.,complaint
Why was my withdrawal declined,complaint
How come I can't get money at the ATM,complaint
Why was my ATM withdrawal cancelled?,complaint
I couldnt get cash in an ATM,complaint
Why can't I get cash out?,complaint
Why can't I take cash out of the ATM?,complaint
Every ATM I visit is rejecting my card and I don't know why. There should be money on it. Can you check it to see if something is wrong or if I'm doing something wrong?,complaint
I can't get money out of the ATM. Is my card actually working? It's the first time I tried using it,complaint
The ATM keeps declining my Transaction . I tried two different ATMs already Would you please check if everything is okay with my account?,complaint
Is there a reason my cash withdrawal was declined?,complaint
My card won't let me withdraw money.,complaint
I can't withdraw money,complaint
Could you tell me why my cash withdrawal was declined?,complaint
"The ATM would not give me cash,why?",complaint
My ATM transaction was cancelled.,complaint
I was denied cash at an ATM,complaint
I was not able to use the ATM to get cash,complaint
Why did I get declined when trying to get cash?,complaint
The ATM keeps declining my card! I tried two different ATMs already can you please check if everything is alright with my account??,complaint
Why wouldn't the ATM give me my money?,complaint
Why are my withdrawals suddenly being declined?,complaint
Can you tell me why I was declined from getting cash?,complaint
Why couldn't I make a withdrawal from the ATM?,complaint
Why is my ATM cash withdrawal not working?,complaint
Is my card broken? I can't get cash out of the ATM,complaint
I went to the Notting Hill ATM to use my card the first time for a cash withdrawal but it didn't work. Does this mean that my card isn't working yet?,complaint
i tried to withdraw money but was told i didn't have funds,complaint
The ATM keeps declining my Transaction . I tried two different ATMs already can you please check if everything is okay with my account?,complaint
"Please double check my card - withdrawal was working fine so far, but this morning on the way to work it suddenly got declined!",complaint
I was declined when trying to withdrawal cash!,complaint
I needed cash from the ATM but I couldn't get it.,complaint
My ATM withdrawal was declined.,complaint
"When I went to get cash, it was declined!",complaint
"Is my card working? It's the first time I tried using it I tried to get money out of an ATM, but got nothing.",complaint
The ATM machines keep declining my card and I don't know why. I thought I had money in my account. Why is this happening?,complaint
Why was my withdrawal requested cancelled by the ATM?,complaint
I have tried using my card for the first time at the ATM of Notting Hill to withdrawal cash but it didn't work. Does this mean my card isn't working?,complaint
A withdraw I tried to make at the ATM was declined I don't know why.,complaint
Tried using my ATM card earlier at one of your locations for the first time.  It didn't work.  What is going on?,complaint
Why can't I take money from my account?,complaint
"This morning I wanted to make a withdrawal before work, but my card was declined! Please double check it for me as this is the first time it was declined.",complaint
Why was I declined from getting cash?,complaint
"I tried to get money out of the Notting Hill ATM earlier, but wasn't able to. Is my card working okay? It's the first time I tried using it.",complaint
My ATM card isn't working for a withdrawl,complaint
Is my card actually working? It's the first time I tried using it,complaint
Is there a reason why my card was declined when I attempted to withdraw money?,complaint
Is the ATM broken? I can't get cash from it.,complaint
what is my monthly spending limit because i was refused my money at an atm,complaint
I can't get cash from the ATM!,complaint
"When I tried to access my cash, I wasn't allowed!",complaint
"My card has been declined by two separate ATM, and I'm worried something is wrong with my account. Would you please see if my account is okay?",complaint
Has my account been frozen?  I tried to use my card but the ATM would not dispense cash.,complaint
I tried to withdraw cash from the ATM machine and it did not work. Can you tell me why?,complaint
ATM withdrawal not working.,complaint
I tried using my ATM card at your Notting Hill location today.  It did not work.  Am I doing something wrong?,complaint
"I tried to get money out of an ATM in Notting Hill earlier, but it didn't work. Is my card actually working? It's the first time I tried using it",complaint
I cannot withdraw money from the ATM,complaint
My withdrawal from the ATM was cancelled.,complaint
I'm trying to take money from my account but its not letting me. Help!,complaint
Why won't the ATM let me withdraw money?,complaint
My cash withdrawal was declined.  Why?,complaint
Why couldn't I get cash from an ATM?,complaint
I attempted to get cash in the ATM but it was not authorized,complaint
Is there something wrong with my ATM Card?  Tried using it earlier and it did not work.,complaint
The ATM keeps rejecting my Payment. I tried two different ATMs but did not work .Can you please check if everything is okay with my account?,complaint
Why can't I withdraw cash from this ATM?,complaint
I was getting some cash out of the ATM but it cancelled on me without warning.,complaint
I wasn't able to withdraw money at an ATM,complaint
Why can't I withdraw funds from my account?,complaint
I tried to get cash in the ATM but it was not approved,complaint
My card rejected a cash withdrawal. Why?,complaint
Why was my cash withdrawal declined by the ATM?,complaint
I could not get the ATM to work,complaint
totally unacceptable.  I'm stranded with no cash because the ATM wouldn't give me any money!,complaint
Help! My card isn't working at the ATM and I know I used the right PIN. Trying to get my money.,complaint
I tried to pull cash from an ATM but it wouldn't let me.,complaint
"I tried to get money out of the Notting Hill ATM earlier, but I wasn't able to get it to work. Is my card with issue? It's the first time I tried using it.",complaint
Can you please tell me why I cant get money from the ATM?,complaint
"How do I get money from an ATM using my card? I can't seem to get it to work? I used the pin I had, but maybe it's wrong? What do I need to do to fix this?",complaint
"Hello, is there any way to double check my card? I have never had issues with withdraws in the past, but this morning on the way to work it was unexpectedly declined.",complaint
My card didn't work at the ATM in Notting Hill.  Is my card working?,complaint
Why am I not able to get cash from the ATM?,complaint
my card was frozen due to putting in the wrong pin too much.  how many tries do i have,complaint
I cant get money out of the ATM with my card.  I just put my card in the ATM but it will not allow me to take any money out.  What do I need to do to fix this?,complaint
Why was I not able to take cash from the ATM?,complaint
"Would you please check my Card. As Withdrawal was working fine so far, but this morning suddenly got declined. Can you please check the problem?",complaint
Why would the ATM machine fail to give me the cash withdrawal I requested?,complaint
I am having trouble withdrawing cash.,complaint
Why is the ATM not allowing me to get cash?,complaint
Why can I not take out cash?,complaint
I tried to get cash but it was declined!,complaint
"Hi, I am unable to use my card in ATM. I had tried my card in two ATMs but both ATMs declined it. Could you please check my account?",complaint
The ATM won't let me take out cash,complaint
I'm not able to withdraw money from the ATM but I'm not sure why.,complaint
why wouldnt the atm give me money,complaint
"My cash withdrawal was declined, why?",complaint
"I think there may be something wrong with my card. I have never had issues with withdraws before, but this morning on the way to work it was suddenly declined.",complaint
Why can I not get cash from the ATM?,complaint
Why was I not able to get cash from the ATM?,complaint
My card doesn't work. I can't get cash out at an ATM,complaint
Why am I not able to withdraw cash from this ATM?,complaint
Why can't I withdraw money?,complaint
The atm wouldn't give out cash,complaint
What caused my cash withdrawal to be declined?,complaint
Why wont the ATM give me cash?,complaint
Why do I get declined when I try to withdraw cash?,complaint
What was the cause for my card to be declined?,complaint
The ATM cancelled a transaction on me when I was trying to get some cash out.,complaint
Why can't I get cash from the ATM?,complaint
atm refused to give me money,complaint
I was declined when I tried to withdraw cash!,complaint
I couldn't get money from the ATM,complaint
I tried to use the ATM today but it would not accept my card.,complaint
The ATM wouldn't let me withdraw cash.,complaint
"I tried to get money out of the Notting Hill ATM earlier, but I wasn't able to get anything out. Is there a problem with my card? It's the first time I tried using it.",complaint
Please help me with my card. As i have tried to use my card in two different ATMs but repeatedly it was declining by ATM.,complaint
The ATM wouldn't allow me to withdraw money,complaint
Why am I unable to withdraw my money through this card?,complaint
Is there a problem with my account? When I tried to withdraw cash at an ATM I was denied.,complaint
ATM apparently not working?  Couldn't access funds in my account?,complaint
Why is my card being declined at the ATM? I have tried multiple ATMs and i keep running into the same problem. Could you verify that everything is okay with my account?,complaint
The ATM wouldn't let me have my money.,complaint
I tired to get cash in the ATM but it was cancelled,complaint
Is there something wrong with the ATM? It would not let me pull cash out of my account.,complaint
"Hi, In morning, i was trying to withdraw money from my card, but it got declined. So far it was working fine. Could you please check my card.",complaint
When going to the ATM to take out some cash today my withdrawal was  declined.  I need to fix this problem as soon as possible. whats going on?,complaint
I can't get any money from my account.,complaint
"I tried to withdraw cash, but got declined!",complaint
"The ATM will not let me get cash, WHY?",complaint
I can't withdraw any money from my account. Ive tried a couple different ATM machines and both of them wouldn't give me my money. What's going on? Is my account frozen or something?,complaint
Why was my atm withdrawl declined,complaint
why would i be declined if i had money iin my account,complaint
Why was my cash withdrawal cancelled at the ATM?,complaint
Why can't I withdraw cash?,complaint
Why am I unable to withdrawal cash?,complaint
I just had my card get declined at the ATM! I need to get money out but I am unable to.  Why has this happened?,complaint
I entered the correct pin but I still couldnt get funds.,complaint
My card wont work at an ATM,complaint
"Why does the ATM continually decline my card? I've tried multiple times on different machines with the same results. I thought I had enough funds for this, so please help me understand why this is happening.",complaint
i entered my pin in wrong and got it frozen. how many tries do i have,complaint
This is the first time I've tried to get my money out of an ATM and it didn't work. Please give me my money,complaint
Why am I having trouble withdrawing cash?,complaint
"I tried to make a withdrawal from the ATM, but it was cancelled.",complaint
I could not get money from an ATM,complaint
I think I am having an issue with withdraws on my card. It was declined on the way to work this morning. This hasn't happened in the past.,complaint
I attempted to get money in cash but it was refused!,complaint
My ATM withdrawal was cancelled,complaint
I might need a new card because it's not working at any of the ATMs. I don't think ive used all my money. Why is it doing this?,complaint
"Please check my Card. As Withdrawal was working fine so far, but this morning suddenly got declined. Can you please check the problem?",complaint
"I tried to withdraw some funds from my card, but was declined. How can I get my money?",complaint
I can't get the ATM to give me any cash,complaint
I am unable to get cash from the ATM,complaint
How come the ATM won't give me my money?,complaint
I tried to withdraw cash from your ATM but my transaction was cancelled.,complaint
Why did the ATM cancel my transaction,complaint
Why wouldn't the ATM give me cash?,complaint
Why wouldn't my withdrawal go through?,complaint
I attempted to get cash in the ATM but I was denied,complaint
The ATM didnt let me get cash,complaint
Why am I unable to withdraw money even though in the past I've done it just fine?,complaint
I was declined when I tried to take out cash!,complaint
how come i was declined,complaint
How long does it take to get a refund on something I bought?,refund_replace
Please tell me how to get a refund for something I bought.,refund_replace
Can i cancel this purchase?,refund_replace
I want to return an item for a refund can I do that?,refund_replace
Can I request a refund,refund_replace
"I am not sure how this will work, but I have not received a product I ordered.  I want a refund, but should I just cancel the payment?",refund_replace
Where do I go for a refund?,refund_replace
I'm interested in learning more about product refunds.,refund_replace
do you offer refunds? i would like to return purchase.,refund_replace
What's the procedure for canceling a purchase?,refund_replace
I need to cancel a purchase that I made the other day.,refund_replace
Hello. How do i go about getting a refund of an item i bought ? I want to cancel the payment since i have not received the item yet.,refund_replace
"I need a refund and cancel a transaction on an item I purchased and i need it as soon as possible, please!",refund_replace
i bought the wrong size and would like a refund,refund_replace
I want to know about your refund policy.,refund_replace
Can I cancel an order if I haven't received the item yet? And how can I get my money back? Please help. Thanks.,refund_replace
"Hey I want to get a refund on something I bought, but not sure how to go about it. Can you please just cancel the payment, I have not received the item yet.",refund_replace
I am quite aggravated that I ordered online almost a month ago and I never got my package and I paid for it. I would really appreciate it if I could get a full refund back now.,refund_replace
My statement has a charge that shouldn't have been made.,refund_replace
My product hasn't arrived even though I ordered it a while ago. I want a refund!,refund_replace
Is there a way you can have money from a purchase I made refunded to my account.,refund_replace
I've changed my mind on an item.  How do I get a refund?,refund_replace
"I decided I no long want something that I ordered, and want a refund. How do I go about doing that?",refund_replace
How do I get a refund for something I bought?,refund_replace
I made a purchase recently but I have decided that I'm not buying it and I need to receive my money back. Can you please give me a refund ASAP. It's extremely urgent.,refund_replace
Please help me get a refund?,refund_replace
What is the refund policy?,refund_replace
I just bought an item and changed my mind.  I have not received it yet how can I get refunded.  Thank you.,refund_replace
Are refunds allowed for certain items.,refund_replace
I need to cancel a purchase?,refund_replace
I have an incorrect charge and would like a refund.,refund_replace
I want a refund on the things i bought,refund_replace
I would like my money back for an item I purchased,refund_replace
Please could you give me a refund,refund_replace
"If I bought something I didn't like, can I get a refund?",refund_replace
I bought something that I need a refund for.,refund_replace
I want to cancel a purchase,refund_replace
Am I able to get a refund for something I bought?,refund_replace
"My order hasn't shown up yet, what can I do?",refund_replace
My package is taking too long to arrive and I don't want it anymore. Can I get a refund?,refund_replace
I would like to cancel my order.,refund_replace
I want this fee reversed from my account.,refund_replace
I want a refund,refund_replace
I'd like to discuss an order I placed quite a long time ago. I have yet to receive it and am growing upset.  I want a refund as I now refuse to pay for the product.,refund_replace
I ordered something online a while ago and I haven't gotten it. I would like a refund.,refund_replace
"I received the wrong color and size, can I return it?",refund_replace
Is it possible to get a refund?,refund_replace
What's your refund policy if I bought an item from you?,refund_replace
I want to cancel my purchase,refund_replace
Can I get an item refunded?,refund_replace
Please help! I need a refund on a transaction on something I bought and I need the refund right away!,refund_replace
I purchased this item and would like a refund,refund_replace
Hello I changed my mind and really need a refund on one of things I bought recently. Can you please cancel the transaction and get me my money back. Pls it's urgent,refund_replace
How can I get a refund for an item I purchased but has not yet arrived?,refund_replace
Can you please assist on my item that needs to be refunded?,refund_replace
I didn't enjoy my tutor session and want a refund back. How do I go about doing this?,refund_replace
I would like to cancel my previous purchase.,refund_replace
Can you please refund my item?,refund_replace
I made a purchase and would like to get a refund for what I bought can you have the money put back in my account?,refund_replace
"Hey, I ordered a thing but changed my mind and want a refund on it. Since I haven't received the thing, would you just go ahead and cancel the payment for me?",refund_replace
Can I have my money refunded for an item,refund_replace
What do I need to do for a refund?,refund_replace
I am interested in cancelling a purchase,refund_replace
"It's been over a month and i still haven't received my goods! I ordered a pencil for crying out loud, it's not that hard to deliver that! I'm done with these people, give me a refund immediately! I'll search for my Japanese exclusive pencil elsewhere!",refund_replace
How do I get my money back for something I bought?,refund_replace
"Hi need your help for getting the refund or cancel the payment of an item, i have ordered but still have not received it.",refund_replace
"I need your help to get a refund for an item I just bought, can you cancel the payment since what I bought hasn't arrived yet.",refund_replace
How do I reverse a transaction on my account?,refund_replace
Am I able to get a refund for a purchase?,refund_replace
I need a refund for something I bought.,refund_replace
I want a refund for my item,refund_replace
Can I receive a refund for an item I purchased?,refund_replace
Give me a refund,refund_replace
I want a refund on this.,refund_replace
Is it possible to have an item refunded?,refund_replace
I made an online purchase and the order has not shown up. Give me my money back.,refund_replace
What is the refund procedure?,refund_replace
Hello I changed my mind and really need a refund on something I bought recently. Can you please cancel the transaction and get me my money back. Please it's urgent.,refund_replace
How do I begin the process of a refund?,refund_replace
I bought something and want the money refunded can I get some help with that?,refund_replace
What is your refund policy for products I have purchased?,refund_replace
I would like to receive a refund for something I bought.,refund_replace
My product was faulty.,refund_replace
I need a refund. This is not what i wanted.,refund_replace
I bought something online a week ago and i never got it in the mail.Can I just get my money back now I don't want to keep waiting on something that isn't going to show up.,refund_replace
Can I get a refund on an item?,refund_replace
I think I deserve a refunded on a certain item.,refund_replace
"I bought a product a week ago, but may need to return it.",refund_replace
I would like to cancel my purchase.,refund_replace
"Hello, I recently ordered an item and I need help with cancelling and processing a refund as soon as possible. It's very important that I get my refund quickly.",refund_replace
I would like to cancel a purchase.,refund_replace
I ordered online weeks ago and I never received my package in the mail and I don't want to wait any more. So if I could get my money back now that would be great.,refund_replace
Can i have the item refunded?,refund_replace
I did not get the item I ordered.  How should I go about this?  Should I just cancel my order or my payment?  Please help me.,refund_replace
It has been forever ago that I made an order online. The product simply is not coming. Just give me back my money because I'm not paying these people.,refund_replace
"I want a refund, but I haven't received the item yet. Can I cancel it and get my funds back? How do I do that.",refund_replace
I'm going to cancel a purchase.,refund_replace
Am I able to return an item for a refund?,refund_replace
How do I go about getting a refund?,refund_replace
How can i get a refund for something i just bought?,refund_replace
Do you give refunds?,refund_replace
tell me how to get a refund for something I bought.,refund_replace
"I don't want to buy this car anymore, can I cancel the transaction and get a quick refund back?",refund_replace
"I'd like to get a refund for something I bought, is that possible?",refund_replace
I changed my mind on something I purchased through you and I need the transaction canceled and a refund as soon as possible. Can you help me please?,refund_replace
is it possible to get a refund for something I purchased?,refund_replace
I want to get a refund.,refund_replace
How do I request a refund?,refund_replace
How do I get my refund back?,refund_replace
Would I be able to refund an item?,refund_replace
I want my purchases cancelled.,refund_replace
How can I get a refund for a purchase?,refund_replace
"I need to refund my item, can you please help?",refund_replace
How do I get a refund for an item I bought?,refund_replace
"How can I get my money back on an order. I haven't gotten the item yet, so I want to cancel the order. How?",refund_replace
Do you have a return policy?,refund_replace
I am unhappy with an item I bought. How do I get a refund?,refund_replace
I would like to report an issue with my product and want to get it refunded,refund_replace
"I've been waiting for something that i've ordered for months now and it still hasn't arrived. I genuinely don't know what this company is doing, but put plainly, i've had enough. Please issue a refund immediately, i would not like to waste anymore of my time on these people.",refund_replace
How can I go about getting a refund?,refund_replace
"the product is not working, can I get a refund?",refund_replace
My order needs to be canceled.,refund_replace
"Give me back my money, I'm not paying the sellers. It has been a long time ago that I made an order and it just isn't coming.",refund_replace
"I ordered something, and now I have buyer's remorse. Since what I ordered hasn't come yet, can you just cancel the payment since I already know I want a refund for it?",refund_replace
Can I return an item?,refund_replace
I need my purchase cancelled.,refund_replace
How do I cancel a purchase?,refund_replace
I would like it if I could get an item refunded,refund_replace
I bought an item and now I want a refund.,refund_replace
I need to cancel a payment. Something i purchased a while ago still has not arrived and i'm not going to pay them if they won't send me what I purchased.,refund_replace
I would like to return my purchases,refund_replace
What is the refund process?,refund_replace
Can you please help me in canceling my order.,refund_replace
Can you refund my purchase?,refund_replace
"I just bought an item and would like to stop payment, is this possible?  The item has not been received yet.",refund_replace
"Hello, I have recently made a purchase and have decided to cancel my purchase. Is there any way that you can cancel that transaction for me so I can get the money back? It's very important.",refund_replace
I have not received an item i ordered yet so i want to cancel it and get a refund. Can you please guide me on how to go about it?,refund_replace
I bought something and now I want a refund.,refund_replace
Canceling my order is what I need to do right now.,refund_replace
Are purchases returnable for full refund?,refund_replace
I want to talk about an order that I placed a long time ago and have yet to receive. I demand a refund due to lack of delivery of the product!  I refuse to pay for something I never got.,refund_replace
I need this item refunded,refund_replace
It's been some time ago that I placed an order and it just isn't coming. At this point just give me back my money because I'm not paying them.,refund_replace
"Hello-Can you please help me get a refund from this merchant?  I ordered a product and would like to return it. I have been unsuccessful in getting the merchant to return my request for the past several days.  I understand it can take up to 45 days to process the dispute and issue a refund, however, if this can be expedited faster it would be very helpful to me.",refund_replace
I need to have an item refunded.,refund_replace
I want a refund for an item,refund_replace
How do I return something for a full refund?,refund_replace
"I did not receive my purchase, how do I cancel it?",refund_replace
How does on apply fora refund on an item he ordered? I ordere an item and have not received it yet so i want to cancel it and get a refund,refund_replace
Is it possible to get a refund for the item?,refund_replace
Can you help me process a refund?,refund_replace
Is it possible to refund an item?,refund_replace
I just bought an item and would like to stop payment can you tell me if the item has been sent yet?,refund_replace
i haven't received my order and want a refund,refund_replace
Hello I changed my mind and want a refund on one of things I bought recently. Can you please cancel the transaction and get me my money back. Please it's urgent.,refund_replace
I would like my refund for this item I bought.,refund_replace
Can I get my money back on an item?,refund_replace
I would like to retract my purchase.,refund_replace
I would like to get an item refunded,refund_replace
"Hello, i'd like to inform you of an issue i'm currently experiencing. The goods i have ordered from your website have still not arrived yet; it has been over 3 weeks. I would like to be issued a refund swiftly and be redirected to more competent people. Thank you for your assistance.",refund_replace
What is the return policy?,refund_replace
I'm cancelling this charge. I still have not received what I bought from these people a while ago.,refund_replace
Can I get a refund?,refund_replace
Can I have a refund for one of your products?,refund_replace
Can I exchange an item for a refund?,refund_replace
I want to have an item refunded can I do that?,refund_replace
"Can you explain your refund policy, please?",refund_replace
How do I receive a refund for my item?,refund_replace
I no longer want this can i cancel my purchase?,refund_replace
"Transfer unable to be completed, states 'declined'",complaint
Why was my transfer request decline?,complaint
My transfer was rejected,complaint
I tried to buy something online yesterday and got a message saying declined. I tried again today and got the same message. What's the problem?,complaint
"I am having trouble doing a transfer. A ""Decline "" message appears after making the transfer.",complaint
the bank transfer was declined,complaint
"Why do you keep declining my transfers? It's been working well so far, but when I just tried to buy something, the card got declined. I tried it a few times, but same thing happened every try.",complaint
why was a transfer declined,complaint
"While doing a transfer, it says declined.",complaint
I have transfered to my account before but it is being declined now?,complaint
Transfer was declined.,complaint
Please check and let me know why my transfers are getting declined.,complaint
Tell me why my transfer is declined.,complaint
I see my transfer was declined.,complaint
Explain to me why a transfer would be declined.,complaint
Why has my transfer been declined?,complaint
Why would my transfer be declined?,complaint
Why did you decline my transfer?,complaint
Why do you keep declining my transfers? it's always been working really well so far but when I tried to buy something just now the card got declined . I tried couple of times already  but same thing is happening .,complaint
I have a problem with a transfer. It didn't work. Can you tell me why?,complaint
Transfer declined.,complaint
I am trying to make a transfer to a different account but they keep getting declined. I have double checked all the details and the information is correct.,complaint
"Why did my transfer not work, it says it was declined?",complaint
I have no idea why but my transfers keep getting declined. I have double checked all the recipient details several times already and they're definitely correct.,complaint
I tried to buy something over the Internet yesterday and got a declined error. I tried again today and got the same message. What is the issue?,complaint
"I was doing a transfer and received a ""decline"" message.",complaint
How do I make my transfer go through,complaint
My transfer was not approved,complaint
I noticed my transfer was declined.,complaint
I tried to buy something online yesterday but it kept saying declined. Tried another time today but same thing happened. What's Broken?,complaint
Why would I get a decline message in a transfer?,complaint
Why was one of my transfers declined?,complaint
Why am I getting declines when trying to make a purchase online?,complaint
I have been trying to make transfers to another account but I keep getting a declined notice. I have checked all of my information more than once and my information is accurate.,complaint
"I tried to buy something and it was declined and my transfers keep getting declined, Why?",complaint
"I have been doing some online shopping, but when checking out, it keeps getting declined. I tried a few times and it wouldn't work. What could be wrong?",complaint
"It seems you keep declining my transfers. Before, it's always worked very well.Just now when I tried to buy something the card was declined. I tried more than once and it was the same thing each time.",complaint
I need to make a transfer but it keeps getting declined I need Help!,complaint
Can you tell me why my transfer declined?,complaint
"On my transfer there was a ""decline"" message",complaint
"Hello, my transfers are getting failed continuously, in spite of the fact that all the recipient details are correct. Please advise.",complaint
"I get a ""decline"" message when doing a transfer",complaint
It declined my transfer.,complaint
My recent transfer didn't go through - why not?,complaint
How do I make sure my transfer isn't goin to an unsupported merchant?,complaint
What went wrong with my transfer?,complaint
"I'm having issues with my card. You guys keep declining it for some reason. I haven't had any issues up until this point. What is going on? I've tried a handful of times with the same, unfortunate, result!",complaint
How can I check for an unsupported merchant for my transfer request?,complaint
Why are my transfers getting declined?,complaint
I couldn't make a transfer because it was declined,complaint
Shopping on line I was declined when trying to buy something.,complaint
How come my transfer got declined,complaint
What does the decline message mean,complaint
"I can't make any transfers, they won't go through, the details are correct as I checked them.  Can you look in to this please?",complaint
How do I contact customer support about my declined transfer?,complaint
"Transfer was declined, could not complete request.",complaint
It appears my transfer was declined.,complaint
"Hello. My credit keeps being declined, last night and again today, as I try to buy something. What is the status of my card?",complaint
I have a transfer that was declined.,complaint
I don't have any idea what's going on but all of my transfers keep getting declined. I have double-checked over all of my recipient names and they are correct.,complaint
What would be a reason my transfer got declined?,complaint
I was declined a transfer,complaint
Why did my transfer get declined?,complaint
I am unable to transfer money. I believe it is not working because it states it was declined.,complaint
I was making a purchase and it was declined and I wanted to know why.,complaint
Why do transfers get declined?,complaint
"Hi, during online shopping payment is getting declined yesterday and today as well. Please check the issue.",complaint
Please help me as my online payment is getting declined since yesterday while i am trying to purchase something online.,complaint
"It's declining my transfers. Normally this works, but my card is being declined now and I've tried more than once.",complaint
I tried to transfer but it was declined,complaint
Seems like my transfer was declined how come?,complaint
Help me figure out why my transfer was declined,complaint
I didn't see any reason why my transfer was declined. What gives?,complaint
Tell me why my transfer was declined.,complaint
I got a message that my transfer was declined.,complaint
My transfer was declined. What might the reason be?,complaint
I tried to do a transfer but I got a message that it was declined.,complaint
"I had everything lined up to make a transfer, and then it rejected it.",complaint
Why are my transfers and purchases keep getting declined?,complaint
how come my transfer declined,complaint
"What do I do with my ""decline"" message on a transfer?",complaint
I tried to buy something online yesterday and was told declined. I got the same error today after trying again. What is the problem?,complaint
Why did my payment get declined?,complaint
"My transfer was declined, why is that?",complaint
I've made more than one attempt to make a purchase and the card keeps getting declined. Why do you keep denying my transfers?,complaint
"Could not complete transfer, states 'declined'",complaint
I'm having problems making a transfer to another account. I keep getting a declined message. I know that the information I'm putting in is accurate because I have checked it more than once.,complaint
My transfer has been declined.,complaint
I wanted to know why my transaction didn't go through.,complaint
"Unable to complete transfer, states 'declined'",complaint
I received a decline message on a transfer,complaint
"I wanted to buy something online yesterday, but I could not because the card got declined on the day of and the following day. What is wrong with the card?",complaint
why did i get declined transfer,complaint
I am sure I have plenty of money to transfer but my transfer is being declined.,complaint
Why are my transfers being declined? It normally works but now it's declining my card. I've tried it a few times but it's still not working.,complaint
Is there a reason my transfer would have been declined?,complaint
"I received a ""declined"" message when doing a transfer",complaint
Why did I get declined during a transfer?,complaint
It says the transfer wasn't accepted.,complaint
I can't seem to figure out why my transfers are getting declined.,complaint
I tried to do a transfer and it's saying it declined.,complaint
I tried to buy something online yesterday but it kept saying declined. Tried again today but same thing happened. What's wrong?,complaint
"I'm trying to move money from my account to elsewhere, but it's giving me an error message.",complaint
I have tried a couple of times to make a purchase and my card keeps getting declined. Why do you keep denying my transfers? I have already tried a couple of times and it's not working.,complaint
unsupported transfer declined,complaint
Why would my transfer result in a decline message?,complaint
The transfer that I was trying to complete was declined. What was the cause?,complaint
I got declined when attempting a transfer,complaint
What are the reasons for a declined transfer?,complaint
Why would you cancel my transfer?,complaint
My transfer was declined. Why did this happen?,complaint
Why does my card continually get declined? I thought I had enough money in there but I've tried several times now and it still isn't working.,complaint
"please help me with this transfer, for some reason i can't transfer to a cryptocurency account",complaint
Transfer could not be completed due to being declined.,complaint
I just noticed my transfer was declined and I don't know why. Can you help me?,complaint
I have been trying to make a transfer and it won't go through. I have checked all the receipts and its all correct but still won't let me do it.,complaint
I got a declining message during a transfer? please tell me why,complaint
I think there has been a mistake with my transfer,complaint
I have double-checked all of my recipient details but for some reason all of my transfers keep getting declined. I have no clue as to why.,complaint
Why are my transfers getting declined?  I havent had a problem in the past.,complaint
Help me. My transfer was declined. How could this happen?,complaint
"i have tried everything to complete a transfer but can't, what should i do next",complaint
I don't know what's going on but all of my transfers keep getting declined. I have checked over the recipient details twice. These details are all correct.,complaint
"Hi, Yesterdays i was unable to do online shopping as it was getting declined. Today I am facing the same issue. Please help me in this respect.",complaint
"My transfers keep on getting declined. My card was working fine up until now, however it has suddenly stopped working. Why is this?",complaint
I went to do a transfer and it was declined.,complaint
"Why are all my transfers failing?  I have the details right and they won't complete.  I've been trying all day and they still won't go through, this is URGENT, please help.",complaint
"Declined, transfer not completed.",complaint
I saw that my transfer was declined.,complaint
"Why do you keep declining my transfers? it's always been working really well so far but when I tried to buy something just now the card got declined, I tried couple of times already  but same thing is happening.",complaint
How can I find a way to transfer money without it being rejected?,complaint
I have a problem with my account. I tried to transfer some funds and the message came back declined. Can you help me?,complaint
Please explain why my transfer attempt was declined. Thank you.,complaint
"I don't see my refund money yet in my account. I asked the merchant a while ago for a refund, so I don't know what's taking so long.  Can you look into it and see if the money is there, just not in my account yet?",refund_replace
Why am I missing my refund,refund_replace
Please help me.  I am still waiting on a refund.,refund_replace
I requested a refund but am unable to see it in my account. Why is that?,refund_replace
When will my refund come through,refund_replace
Why is my refund not showing up on the statement?,refund_replace
I need my refund,refund_replace
why cant you just refund me instead of a merchant,refund_replace
Why haven't I received a refund yet?,refund_replace
when will I get my refund?,refund_replace
They said I would get a refund but I don't see it on my statement.,refund_replace
A refund is taking too long.,refund_replace
"I requested a refund from a merchant a while ago, and upon repeatedly checking my statement, the merchant has yet to refund me my money.  I don't know what's going on, or why the money is getting into my account--could you please help?",refund_replace
Why isn't my refund showing up in my statement?,refund_replace
I can't see a refund for a return I completed recently.,refund_replace
How come my refund hasn't appeared on my statement?,refund_replace
Why am I still waiting for my refund,refund_replace
I keep checking my statements but nothing shows up. I requested a refund a long time ago but seems it's not reaching my account for some reason. Would you please help me get the money back from the seller.,refund_replace
Why is my refund not visible on my statement?,refund_replace
The refund doesn't show in my account,refund_replace
I have not received a refund.,refund_replace
Where is my recent refund in the my statement?,refund_replace
I am missing a refund amount on my account.,refund_replace
I asked for a refund but its not here yet,refund_replace
I have a missing refund,refund_replace
i need a refund right away but the funds aren't available in my account,refund_replace
When will my returned transaction show up on my account?,refund_replace
There is a refund missing.,refund_replace
"My refund has not arrived, and I am unsure why. Who do I contact?",refund_replace
I need my refund as soon as possible. What else do I have to do?,refund_replace
I can't see my refund in my history.,refund_replace
The refund isn't appearing in my account,refund_replace
How can I check if I have received a refund if it is not yet on my statement?,refund_replace
Why isn't a refund showing on my statement?,refund_replace
I can not find my refund.,refund_replace
"I requested a refund from a merchant several days ago, but don't see anything showing up in my account yet.  Can you check on your end to see if the money has reached you guys?",refund_replace
I am waiting on the refund,refund_replace
How can I investigate a missing refund?,refund_replace
"Hi, Last week I have contacted the seller for a refund as directed by you, but i have not received the money yet. Please look into this issue with seller and help me in getting the refund.",refund_replace
I still don't have a refund.,refund_replace
Transaction refund missing from my statement.,refund_replace
I am suppose to be getting a refund from something I purchased but it hasn't showed up in my account.,refund_replace
I've been waiting for a refund where is it?,refund_replace
I was supposed to get a refund but it is not showing up on my card,refund_replace
I've been waiting for a refund to show up and I don't see it on my statement yet.,refund_replace
I cannot see a refund in my account,refund_replace
Give me a refund now!! I am still waiting.,refund_replace
I made a purchase a few weeks ago but wasn't happy with it so recently requested a refund from the supplier.  Can you check where the money is?,refund_replace
my refund has not hit my account yet,refund_replace
Why hasn't my refund been appiled to my account?,refund_replace
My refund has not yet been credited on my statement,refund_replace
My refund is not showing.,refund_replace
When do I see my recent refund in my statement,refund_replace
Why isn't my refund shown on my statement?,refund_replace
"Hello. I bought an item a while ago, and have since requested a refund.  However, upon checking my online statements, it seems that I haven't been issued a refund yet.  How can this be remedied?",refund_replace
"Hurry and refund me, I am waiting",refund_replace
"I received a refund, however I cannot see it in my account",refund_replace
I was supposed to get a refund but I do not see it on my statement. When is it going to be updated?,refund_replace
I did all that was asked of me and I am rather frustrated. I don't understand why you just won't credit me my money back. I have contacted the seller and nothing has been done. It's been a week!,refund_replace
How will I know when I get my refund?,refund_replace
"It's been more than a week since I had a return charged to my card, why hasn't it showed up?",refund_replace
My refund isn't going fast enough.,refund_replace
My account isn't showing the refund,refund_replace
I requested a refund from a merchant but don't see the money in my account.  Are you able to check with the merchant or process the refund manually?,refund_replace
The refund I asked for isn't showing up,refund_replace
The refund on my account hasn't shown up,refund_replace
I'm supposed to have a refund but it isn't there,refund_replace
My statement has not shown my refund.,refund_replace
No refund showing in my statement.,refund_replace
I can't see all the refunds in my statement,refund_replace
"I'm expecting a large refund from a store I returned merchandise to recently.  They say they have sent the money but I don't see it in my account, can you help.",refund_replace
A while ago i requested a refund from a seller. I keep checking my statement but I have not been refunded yet. I'm confused why i haven't gotten my money back yet but I need your help getting it please.,refund_replace
Please update me on whether you have received the funds for the refund of the large purchase I made recently. I have requested this from the merchant days ago but still haven't got anything.,refund_replace
I cannot find my refund on my statement.,refund_replace
"I have received my statement but I do not see my refund, why is that?",refund_replace
What is taking so long with my refund?,refund_replace
Can you tell me why a refund I'm owed is not showing on my statement?,refund_replace
I requested a refund directly from the seller but I still don't have it. I just want you to send me my money back. I did what you said to do and I still don't have it.,refund_replace
when should I receive my refund,refund_replace
Card refund is not showing up in my statement.,refund_replace
Why is my refund missing in my statement?,refund_replace
Please send my refund now.,refund_replace
"Hi! A seller that I requested a refund from a long time ago has yet to send the money into my account, even though I keep checking it. Can the seller be contacted by you guys to see what's going on?",refund_replace
Why is the refund not on my statement?,refund_replace
My refund is still pending,refund_replace
I requested a refund from Next because the dress I purchased had three arm holes. They said they sent the refund last Wednesday which is nearly a week ago and I still don't have it.  Why not?,refund_replace
Where is my refund? it appears to be missing.,refund_replace
who should i contact if my refund doesn't go through?,refund_replace
"Please, I need your help as to whether or not you have money for a large refunded purchase I made. I requested it some time ago from the seller, but nothing is showing up.",refund_replace
I requested a refund for a large order the other day and don't think I received the funds. Can you tell me if you see them or not?,refund_replace
Why isn't my refund showing up?,refund_replace
I contacted the seller and he won't respond.  Please just refund me my  money.,refund_replace
I am still waiting for a refund,refund_replace
"I requested a refund from a seller a while ago, but when I check my statements it doesn't show up. Can you help me get my refund.",refund_replace
I was supposed to get a refund but I do not see it.,refund_replace
I contacted a seller about a refund last week but he still hasn't returned my money. I am frustrated and need these funds. Please help me get my money back.,refund_replace
I am noticing that a refund of a large purchase still has not been credited to my account. I contacted the merchant a few days ago and he assured me that he would submit it right away. Is there a status update?,refund_replace
Hi I'm waiting for a refund for an item I bought. I have contacted the merchant directly but had nothing back. Can you tell me whether or not you are able to refund me for the item?,refund_replace
"Would you please tell me the status of my refund request for a large purchase I made not long ago? I contacted the merchant nearly a week ago, but haven't received it.",refund_replace
I can't find my refund. Please help.,refund_replace
I requested a refund but can't see it.,refund_replace
"I keep checking to see if I've received a refund that I requested from a seller, but I'm not seeing the refund. I need you to help me get the refund.",refund_replace
how does my statement get updated so i know when a refund will reflect on my balance,refund_replace
Can I check my recent refund in my statement?,refund_replace
"I was suppose to be getting a refund for something I purchased a while ago, but It still hasnt been applied to my account. When will I get my money back?",refund_replace
My refund has not shown up on my statement.,refund_replace
what is the status of my refund,refund_replace
"Hello. Please, would you tell me if you have or have not received funds for a refund that I recently requested for a big purchase? I've contacted the merchant, but I can't tell that they have taken any action on it.",refund_replace
Did I not get my refund? I don't see it.,refund_replace
I am still waiting to find out the status of my refund. I have made previous attempts to find out what the status is to no avail. Will you please look into this for me?,refund_replace
I keep checking my statements but nothing shows up! I requested a refund a long time ago but seems it's not reaching my account for some reason. Can you please help me get the money back from the seller for me,refund_replace
I contacted the seller for a direct refund last week but he still hasn't give me my money. What should I do?,refund_replace
I cannot view the refunded amount in my account.,refund_replace
Why hasn't my refund appeared on my statement?,refund_replace
My refund is not showing up in my account. Where is it?,refund_replace
My refund has not shown up in my account.   Where is it?,refund_replace
When can I expect my refund?,refund_replace
How long will it take to refund me,refund_replace
I keep checking my statements but no progress.I requested a refund but seems it's not reaching my account for some reason. Can you please help me get the money back from the seller for me,refund_replace
"Can you let me know where my refund money is? I requested a refund a few days back, but it's not showing up yet.  Do you guys have the money yet? Maybe it's just not in my account.  Let me know when it will become available, please.",refund_replace
My statement does not reflect that a refund has been issued,refund_replace
Why isn't my refund on my statement?,refund_replace
When will I be able to see the refund,refund_replace
My refund isn't showing up on my statement.,refund_replace
A refund for a recent return has not arrived on my card.,refund_replace
I am missing my refund.,refund_replace
I keep checking my statements but nothing shows up.I requested a refund a long time ago but seems like it's not submitting my account for some reason. Can you please help me get the money back from the seller for me,refund_replace
"Three months ago I bought a new house for my cat, fluffy.  Unfortunately Fluffy was not a fan of the house and it had to be returned to Pet Smart last week.  They said they have sent a refund but it's not there, can you tell me where it is?",refund_replace
How do I find the refund on my statement?,refund_replace
"i need a refund from you because the merchant is refusing, can you do that?",refund_replace
I returned an item but don't see it on my account?,refund_replace
"As advised by you, i requested seller to refund my money. A week has passed but i haven't got any update from seller. Please track the refund with the seller.",refund_replace
Why isn't my refund showing in my statement?,refund_replace
"I'm looking at my statement, and my refund is not on there.",refund_replace
I'm due a refund and it is not on my statement.,refund_replace
Why did I not get my refund yet?,refund_replace
Why hasn't my return cleared my account?,refund_replace
I was told I would be getting a refund but I have yet to see it,refund_replace
My refund isn't showing up,refund_replace
Is there a reason my refund isn't showing on my statement?,refund_replace
Are the funds I requested from a merchant a few days ago in my account? I do not see them.,refund_replace
"I'm supposed to be getting a refund but it hasn't shown up, now what?",refund_replace
My refund for a purchase hasn't  cone through yet.,refund_replace
How long does it take for a refund to appear?,refund_replace
I don't see a refund in my account.,refund_replace
My refund is not here yet,refund_replace
"I am waiting on this refund, hurry up.",refund_replace
I returned something to a  store but can't see my refund.,refund_replace
Can you tell me if a credit/refund is coming from a seller? I asked for refund directly from them and am still waiting. It's been a week now and i still havn't seen my refund yet.,refund_replace
Why can't I see my refund in my statement?,refund_replace
Where is the refund on my statement?,refund_replace
I should have a refund in my statement but I can't see it,refund_replace
I'm expecting a refund but it's no where to be seen,refund_replace
There is not a refund in my statement.,refund_replace
"I have checked my statements multiple times, but my refund that I requested a while back is not showing on my account. Is there a reason for this? Can I get some help getting my money back from this transaction?",refund_replace
Im not sure if a seller is giving me my money back! I asked them to refund my money for the item but It's been a week now and still nothing has been given back to me. Can you resolve this for me?,refund_replace
When will a refund post to my account?,refund_replace
When will I be able to see my refund?,refund_replace
"I made a big purchase that I regretted and cancelled, the merchant said that my refund was submitted. Can you confirm to me that all of my money was truly returned to me?",refund_replace
I've been checking my statement to see if I've received a refund I requested from a seller a while ago has arrived. But it has not. This should have come back to me already. Can you help me figure out why it's not here and get my money back?,refund_replace
Still waiting on my refund...,refund_replace
I can't see my refund on my account,refund_replace
I'm not sure why my card didn't work,complaint
My card is not working at stores.,complaint
Do you know why my card payment has been declined?,complaint
Why isn't my card working? I was pumped to use my new card but it keeps getting declined. Help please.,complaint
I could not use my card in a store.,complaint
If my card payment isn't working what do I do?,complaint
I'm not sure why the card payment didn't work.,complaint
Tell me why my card payment has been declined.,complaint
I was just shopping online for some tickets and the payment was declined by you.  Why has this happened?  I am certain I have the right amount of funds in my account.,complaint
I am very upset that i went to use my new card today and it kept getting declined. Why is this happening and what do I do to not have it declined?,complaint
What are the reasons why a card payment would be declined?,complaint
The card payment I attempted to make failed.,complaint
Why has my card been declined?,complaint
I went to use my new card today and the card was repeatedly declined. I would really like to use this card and need to know what to do about it.,complaint
"I was out today looking forward to paying with my new card, but the payment just kept getting declined. This is really sad, what's going on?",complaint
What is the reason my payment was not accepted?,complaint
"May monthly payment to Apple has been declined but I don't know why, they are going to re-try the payment and it must go through, can you tell me what is going on please?",complaint
You have declined my  payment.,complaint
Can you tell me why my card keeps getting declined every time I try to use it?,complaint
Can you tell me why my card is not working? I keep trying to use it but it keeps rejecting my payment. I am being careful and entering the info correctly but it still happens.,complaint
"Apparently, I went out today to use my new card and was informed my payment was decline. This is really embarrassing, what happen?",complaint
I NEED HELP WITH MY CARD!!!!! please. It keeps getting declined when I try to use it. I have tried a few times to use it and it keeps getting rejected. I have no idea why.,complaint
How do I check to see why my card payment was declined?,complaint
Why was my card declined in a shop?,complaint
The payment for the card did not go through,complaint
My card was rejected,complaint
I use this card all the time so why did it get declined at the store today?,complaint
I couldn't pay with my card,complaint
Why are all my card payments being declined?,complaint
I couldn't pay with card in a shop,complaint
Why is my payment declined? It looked like everything worked ok and my account was fine.,complaint
My card payment failed.,complaint
"My payment has been declined!! What's going on, I thought everything was alright and working well?",complaint
My latest payment was declined! What happened! I was told everything had been resolved and was back to working order again.,complaint
My card wasn't working in a shop,complaint
I'm sure I have enough money so why didn't the store accept my card?,complaint
Why has my payment been declined? I paid by card.,complaint
can you tell me why my card was declined?,complaint
My card didn't go through.  It doesn't make sense.  You told me that everything was ok.,complaint
Please explain why my payment was declined? I thought everything was good.,complaint
"When I use my card, it says decline?",complaint
My card payment didn't work,complaint
"I was just shopping and my payment was declined in a store!  It was very embarrassing, what is going on and when will it be fixed?",complaint
Why was my card declined?,complaint
I tried to make a purchase in the store but my card was declined.,complaint
My card payment wasn't accepted.,complaint
is there a reason that my payment didnt go through,complaint
My card payment did not go through.,complaint
Explain the payment that was declined!,complaint
Explain why my card payment wouldn't go through.,complaint
Why didn;t my payment work,complaint
My card couldn't pay in a shop.,complaint
My payment card was declined - could you tell me why?,complaint
"Hi, is everything in good standing with my card? I am receiving multiple ""decline"" messages.",complaint
Why didn't my card payment work?,complaint
My card payment didn't go through.,complaint
How can a payment be declined,complaint
The store card reader would not accept my card.,complaint
Why was my payment declined? I keep trying my card but it's not working.,complaint
My card was declined,complaint
my payment was rejected,complaint
I was wondering why my card was declined,complaint
"Please help me in this, as i was unable to make any payment by my new card,  it was getting declined repeatedly. I am not very happy with this incident.",complaint
Why did my card payment not work?,complaint
"my card payment has been declined, do you know why?",complaint
My credit card has been declined.,complaint
Why did my card payment get declined?,complaint
Why won't you accept my payment? I keep trying with this card and it's not working.,complaint
My card payment is being declined and I've tried several times.,complaint
For some reason my card payment didn't work,complaint
Why has my card declined,complaint
A shop I go to didn't let me pay.,complaint
Why did my payment fail?,complaint
Can you tell me why my card payment did not work?,complaint
My card would not work at a shop.,complaint
I could not get my card to work at a shop.,complaint
My card payment has been declined,complaint
I've tried using my card multiple times and it keeps getting declined.,complaint
My card was refused,complaint
Why is it saying my card payment is declined when I made it?,complaint
My card failed to work when I was shopping in a store,complaint
why couldn't I use my card at a store?,complaint
My card did not work at store.,complaint
Why does is payment not going through? Did my account get frozen or some other issue I don't know about. What can I do to fix this problem?,complaint
Why was my new card declined?,complaint
Why do you keep declining my payment?I tried several times with this card and it is just not working.,complaint
Why do you keep declining my payment? I tried several times already with this card and it is just not working.,complaint
Why am I being declined?,complaint
Could you explain why my card payment did not work?,complaint
"Hi, Today i have tried to make payment by my new card, but payment got declined many times. I am very disappointed, please look into this.",complaint
I don't know why my card payment did not work,complaint
"my card was refused, why?",complaint
I don't understand why my payment was declined. I thought everything was ok.,complaint
I tried to pay with my card and it didn't work,complaint
Why do you keep declining my payment?I tried several times already with this card and it is just not working.,complaint
The card payment is declined.  Please inform me why.,complaint
"My card payment has been declined, why?",complaint
Why would you decline my card?,complaint
My payment for my card is not working,complaint
Why would a card payment be declined?,complaint
I was so embarrassed. Why didn't my payment clear?,complaint
It seems like my card payment didn't work.,complaint
"I've tried many times to make a payment, but it's not going through.  What's wrong?",complaint
Why has my card been declined?  whats the deal?,complaint
For some reason my card payment hasn't worked. what can I do to look into that?,complaint
Could you please tell me why my card payment didn't work?,complaint
"my payment was rejected, do you know why?",complaint
My card payment doesn't work.,complaint
"I made a card payment, but it has been declined?",complaint
"Everything seems fine with my account, so why did it decline my payment?",complaint
"I'm not sure why my payment has been declined? Please tell me why, I thought it was all good.",complaint
My payment has been declined several times.  Can you help me?,complaint
I had a decline on my card. Why?,complaint
When I tried to pay in a store my card din't work,complaint
I was just needing to know why my card got declined,complaint
My payment was declined,complaint
Why was the payment on my card declined?,complaint
I made a card payment but it didn't work. Why not?,complaint
"I was out today looking forward to paying with my brand new card, turns out the payment just kept getting declined. This is pretty sad, what's going on?",complaint
Do you know the reason why my card payment was declined?,complaint
What is going on with it saying my card payment was declined?,complaint
"I keep trying to make a payment, but it doesn't work.",complaint
What could the reason be that my payment card was declined?,complaint
My card did not go through in a shop,complaint
Is there an issue with my card payment as it has not gone through.,complaint
Why wasn't my card payment accepted?,complaint
I keep trying to use my card to buy some things and you keep declining it. Why? I've tried multiple times to make it go through but it won't.,complaint
The card payment I made didn't work.,complaint
"I received my new card and tried using it today, just to have it show declined over and over again.  Why is this happening?",complaint
My card payment won't work.,complaint
My card payment has failed.,complaint
Whats the reason for my payment being declined? It looked like everything went through ok and my account was good.,complaint
I just got my new card and tried using it and it was declined?,complaint
"I know there's money in my account, why did my account decline me?",complaint
Why are the payments being declined on my new card?  I tried several times to use my new card to pay for my gas at the Shell station in my neighborhood.  I am very distressed about my new card not working.,complaint
Why would my card payment not work?,complaint
My card payment wasn't declined,complaint
Reason for my card to decline,complaint
Why have you declined my card payment?,complaint
My card was not accepted in a shop,complaint
I had a card payment that was declined.  Why?,complaint
How come my card payment has been declined?,complaint
"I have enough money in my account, so why is my card being declined?",complaint
Can you please advise if there is something wrong with my card? I have had multiple rejections and do not know the reason. Thanks!,complaint
"Card payment was declined, do you know why?",complaint
I've tried several times to make a payment and every time my card is declined? Could my card be locked? I don't know what to do.,complaint
"I had a problem with my card payment, can you help?",complaint
I tried to used my card in a shop and the transaction was declined.,complaint
"I was out today looking forward to paying with my new card, turns out the payment kept getting declined. This is really sad, what's going on?",complaint
Card payment didn't go through.,complaint
Please help to explain to me why my new card was declined when I tried to use it at my grocery store this morning to pay for the items I needed.  I tried three times to use it and it kept being declined.  I was very embarrassed standing there trying to buy my groceries.,complaint
My card payment was not successful.,complaint
Tell me why my card payment was declined.,complaint
How do I deactivate my account?,cancel_request
Remove my account immediately.,cancel_request
Are you able to delete my account?,cancel_request
How do I discontinue my account?,cancel_request
please delete account,cancel_request
I need you to delete my account now.,cancel_request
"I would like to delete my account now, please.",cancel_request
I would like to invalidate my account.  I am very disappointed with your services.,cancel_request
I need to delete my account.,cancel_request
Can you delete the account?,cancel_request
"for god sake, just delete my account i am sick of this",cancel_request
"I need to delete my account, please.",cancel_request
unhappy with service need to delete account,cancel_request
"This company is bad, delete my account now.",cancel_request
How do I shut down my account and get out of this company?,cancel_request
How do I close my account?,cancel_request
I want to shut down my account as soon as possible.,cancel_request
cancel my account,cancel_request
Help me close my account.,cancel_request
I want to close my account due to poor customer service.,cancel_request
"I would like to close my account, as I'm not happy.",cancel_request
What's the process for terminating an account?,cancel_request
What steps do I need to do to delete my account?,cancel_request
How do I delete my account now,cancel_request
I want to cancel my account.,cancel_request
"I want to get rid of the account, and delete personal information .",cancel_request
if im not using my account should i close it or just let it sit,cancel_request
i'm not satisfied with the services and no longer want to be a customer,cancel_request
I am not satisfied with your company and wish to delete all accounts immediately.,cancel_request
I want to delete my account.,cancel_request
I am not happy with your company. Please delete my account asap.,cancel_request
"How can I close my account, I don't want it.",cancel_request
I am upset with your service.  Please delete my account.,cancel_request
I would like to cancel my account.,cancel_request
"I don't like the services, please close my account",cancel_request
I'd like to delete my account.,cancel_request
I want to stop my account,cancel_request
Please delete my account immediately.,cancel_request
How do I delete my account? I am dissatisfied with the service.,cancel_request
This place has been too much work so I'd just like to close out my account & be done.,cancel_request
do i have to talk to someone to close an account or can i in the app,cancel_request
I want to close my account now.,cancel_request
"your company is awful, i would like to delete my account please",cancel_request
I hate this company! Can you delete my account?,cancel_request
I am asking to end my account.,cancel_request
I want to delete my account. How do I do this?,cancel_request
I am not happy with your service and request that my account be terminated!,cancel_request
I want to terminate my account,cancel_request
How can I delete my account?,cancel_request
I want to end my account,cancel_request
Delete my account now please.,cancel_request
Help me terminate and close my account.,cancel_request
Your company is lame. Shut down all my account services right now.,cancel_request
I am not satisfied with your company.  Close my account.,cancel_request
How do I terminate my account.,cancel_request
How to I close my account?,cancel_request
I need to terminate my account.,cancel_request
I'm not happy with the services I'm getting with this company. Can you please delete my account?,cancel_request
I want to close my account. The service you provide is unsatisfactory to me.,cancel_request
Delete all of my account information and my account right now.,cancel_request
I want to close my account & I will never do business with you again.,cancel_request
What are the steps to finishing up with this account?,cancel_request
Help me delete my account.  I am not satisfied with the service.,cancel_request
Can you close my account please?,cancel_request
What do I do to close my account?,cancel_request
I need to terminate my account immediately.,cancel_request
How can I close my account?,cancel_request
"I don't want this account anymore, how do I delete it?",cancel_request
Please delete this account.,cancel_request
I want to inactivate my account.,cancel_request
I no longer want to keep this account.,cancel_request
I am trying to delete my account.,cancel_request
Where do I go to terminate my account?,cancel_request
I'm not happy with service and would like to delete this account.,cancel_request
Please delete my account now.,cancel_request
I would like to terminate my account.,cancel_request
how do i cancel my account,cancel_request
"how to delete account, not happy",cancel_request
"How do I close my account, since I'm dissatisfied?",cancel_request
make my account go away,cancel_request
Please help me delete this account.,cancel_request
I would like to delete my account. I'm not happy with the service you're providing,cancel_request
terminate my account please,cancel_request
Your service is bad.  Close my account.,cancel_request
I'm dissatisfied with the service and would like to terminate the account.,cancel_request
I am looking to delete my account. I'm not happy with the service provided by you.,cancel_request
I wish to remove my account.,cancel_request
Close down my account.  I don't like your service.,cancel_request
I am very dissatisfied with the services that you are providing.  I want to cancel my account.,cancel_request
I need you to delete my account right now.,cancel_request
I want to deactivate my account.,cancel_request
"This is terrible, i want to delete my account",cancel_request
I'd like my account to be deleted. I'm not satisfied with the service you provide.,cancel_request
Is it possible to delete the account?,cancel_request
I need to close my account.  Your company is terrible!,cancel_request
Tell me how to delete my account.,cancel_request
Please delete my account and personal information.,cancel_request
"I'm not happy, I want to close my account.",cancel_request
Delete my account please. Now!,cancel_request
"The service here is horrible, I want to delete my account.",cancel_request
How do I delete an account?,cancel_request
Can you please disable my current account.,cancel_request
"The company is no good, please terminate my account.",cancel_request
"I am dissatisfied, I would like to close my account.",cancel_request
I'm not satisfied with the services that you are providing.  I would like to end my services and delete my account.,cancel_request
I need to close my account as soon as possible.,cancel_request
I am not satisfied with your service.  Close my account.,cancel_request
"I no longer want this account, what should I do?",cancel_request
What do I do if the ATM took my card?,complaint
What do I do now my credit card has been swallowed by the ATM?,complaint
An ATM machine didn't give me back my card.,complaint
"My card got trapped inside an ATM, what should I do?",complaint
What do I do if I can't get my card out of the ATM?,complaint
My card got stuck in an ATM.,complaint
Your machine took my card. How do I get it back?,complaint
"I can't get my card out of the ATM, what should I do now?",complaint
My card is stuck in the ATM?,complaint
I didn't get my card back from the ATM.,complaint
"The ATM at Metro bank on High St. Kensington didn't return my card, and the bank is now closed. How do I get back a card swallowed by an ATM?",complaint
I need a new card because the ATM took mine.,complaint
The ATM stole my card!,complaint
How can I get my card out of the stupid ATM that ate it?,complaint
The ATM took my card.,complaint
The ATM won't give me my card back. I need it back now!,complaint
How do I get my card back quickly from a bank machine that it?,complaint
The ATM sucked my card in.,complaint
The ATM did not give me my card back?,complaint
I was getting cash and the card got stuck inside,complaint
What should I do since my card is trapped in the ATM?,complaint
what do I need to do if the ATM kept my card?,complaint
The ATM machine would not give my card back,complaint
I can't get my card out of the ATM,complaint
Why did the ATM take my card and keep it?,complaint
What are the steps to get my card back that was kept by the ATM?,complaint
How do I get my card out of the ATM?,complaint
Why did the ATM eat my card?,complaint
Please send a new card; the ATM ate mine.,complaint
The ATM didnt return my card!,complaint
I was removing a dollar amount from my account and now don't have access to my card.,complaint
A Bank ATM did not give my card back. What do I do now?,complaint
Why did the ATM swallow my card?,complaint
lost my card in atm,complaint
I cannot get my card out of the ATM.,complaint
An ATM machine didn't return my card.,complaint
My card is stuck inside the ATM.,complaint
The bank machine didn't give my card back how do I get a new one fast?,complaint
What should I do if the atm eats my card?,complaint
What do I do?  The ATM took my card!,complaint
The ATM kept my card?,complaint
Who do I talk to about the ATM swallowing my card?,complaint
An ATM swallowed my credit card!,complaint
What do I do if the ATM swallowed my card?,complaint
"Please help, the atm swallowed my card, what do I do?",complaint
I have lost my credit card in the ATM!,complaint
how can the money machine keep my card what do i need to do?,complaint
How do I get a new card as your machine swallowed mine!,complaint
The ATM machine ate my card.,complaint
how to get new card after atm eats it,complaint
My card was eaten by the cash machine what do I do?,complaint
What do I do after the ATM takes my card.,complaint
How can I get my card out of the ATM?,complaint
Will you please help me get my card back?,complaint
The ATM ate my card; how do I get a new one?,complaint
How do I get my card back after the ATM swallowed it.,complaint
"My card is stuck in an ATM machine, how do I get it back quickly?",complaint
atm ate my card,complaint
What are the steps I should take to recover my swallowed card?,complaint
"My card is stuck inside the ATM, what am I supposed to do?",complaint
What should I do with my stuck ATM?,complaint
A transaction shows duplicate times.,refund_replace
There is a repeat charge for the same item,refund_replace
How can I fix this?  There is a double charge on my account.,refund_replace
My card got charged twice for the same thing!,refund_replace
"My husband and I went out for our weekly ""dinner and a movie,"" and it was my turn to pick up the check. Now I see that my card was charged twice. Who should I contact about negating the second charge and getting my card credited?",refund_replace
How do I query a payment on my card? It looks like I have paid for the same thing twice.,refund_replace
I have duplicated transactions on my statement,refund_replace
"I only made one transaction at this place, but it's appearing multiple times.",refund_replace
"One of my charges was declined, but the second one went through.  But I notice on my App that one of them has gone through, and the other one is still pending.  Please ensure that only one charge is processed. Thanks",refund_replace
What do I do if I've been charged twice for the same transaction?,refund_replace
"I think I was charged twice, please help!",refund_replace
I think there is a mistake.  I am being charged twice.,refund_replace
"My transaction history is looking a little off. I have been charged twice for multiple different purchases, and would like to have those duplicate charges refunded.",refund_replace
I was charged for the same thing twice,refund_replace
My account was charged twice for one purchase,refund_replace
"I was charged twice for a restaurant, can you take the second charge off?",refund_replace
I have a transaction that shows multiple times.,refund_replace
What happens when I am charged twice?,refund_replace
I have been charged twice for the same transaction.,refund_replace
How do I get my money back for a duplicated charge?,refund_replace
I have a duplicate payment on my card.,refund_replace
Several items I have charged this week are appearing twice.  Please review my statement and remove any duplicate charges.,refund_replace
I have a transaction showing multiple times.,refund_replace
"Hi, I just looked at my card transactions and saw that I've been charged twice for a restaurant I went to this week. Can you remove the double charge, please?",refund_replace
I have been double charged,refund_replace
I was double charged at a restaurant can you take the second charge off?,refund_replace
I have a duplicate charge,refund_replace
I got charged two times for a transaction,refund_replace
What happens with the duplicate charge in my account?,refund_replace
Why have I been charged twice?,refund_replace
I have two of the same charges on my account!,refund_replace
Why am I being charged for the same thing twice?,refund_replace
Who do I talk to for transactions debited twice?,refund_replace
There is a duplicate charge on my account.,refund_replace
I have been charged twice this week for a couple of things on my card. Can you please check this out for me and return the double charged items back?,refund_replace
I got charged twice for the same payment. Please removed the pending payment. Thank you.,refund_replace
I think I got charged twice for the same thing,refund_replace
It looks like I was charged twice for a single transaction,refund_replace
"I had a duplicate card and bought something and it showed up twice. I canceled my card, how do I get my money back?",refund_replace
There is a transaction showing up several times.,refund_replace
Transaction showing up many times.,refund_replace
"Looks like my card payment was made twice by mistake. I went to pay at the store earlier which rejected once, second time it worked. App is on pending for one of the payments. Can you please remove one of them as it's wrong and clearly was declined?",refund_replace
Please tell me why the same transaction is showing up on my account more than once.,refund_replace
I have duplicate charges for the same transaction,refund_replace
I got double charged!,refund_replace
"Looks like my card payment was duplicated after all. I went to pay at the store earlier, got declined once, second time it works. App still stays pending for one of the payments. Can you please remove one of them as it's wrong and clearly was declined?",refund_replace
There are two of the same charges on my account.,refund_replace
"Hello, I just checked my card transactions and saw that I was charged twice for a restaurant visit I did earlier this week. Is it possible to remove one of them and get my false paid money pack?",refund_replace
"I'm really concerned because I only made one transaction, but it's appearing multiple times.",refund_replace
"Hello,  I am a college student who I recently attended my high school reunion at a local restaurant. I paid with my credit card and now my transaction history reflects a second charge of the seemingly same payment. What could be the reason for this?  Is there any way to have the fraudulent  payment credited back onto my card?",refund_replace
I was charged twice for an in-store purchase that I thought was declined.  My App says that it's still pending for one of the payments. Please make sure one of the charges is removed.,refund_replace
"Good day, in reviewing my credit card activity over the last several days, I see a repeated charge for a restaurant that I went to. The charge was put through twice, so I would like one of the charges corrected and the amount that was withdrawn to be reinstated please.",refund_replace
Why do I have duplicate transactions for one purchase?,refund_replace
I have a payment that shows twice,refund_replace
I have been overcharged.,refund_replace
I have noticed that my account was double charged for a couple of items this week. Please review and refund the double charged items back.,refund_replace
Why was I double charged?,refund_replace
There's a duplicate charge on my account?,refund_replace
Why does the same transaction appear multiple times?,refund_replace
Why did I get charged twice for the same thing,refund_replace
I have been charged two times for one transaction.,refund_replace
Duplicate transactions appear on my account,refund_replace
I made a payment and it is showing up twice,refund_replace
I was charged several times for something,refund_replace
My card is showing the same transaction over and over again.,refund_replace
A transaction is showing more than once.,refund_replace
I was charged multiple times at the same location at the same time,refund_replace
Hello. I checked my transactions and saw I was double charged for a restaurant visit. Can I get my money back?,refund_replace
"Hi, I was at a restaurant later the week and when I went to look at my account I noticed that I got charged twice. I would like to get my money back from one of those transactions.",refund_replace
I was charged twice.,refund_replace
I was charged twice for the same purchase!,refund_replace
I was charged multiple times for one transaction.,refund_replace
I got charged twice with a duplicate card. How do I resolve this?,refund_replace
I was charged more than once for a card payment I made.,refund_replace
there were two of the same charge to my account,refund_replace
I was charged more than once in a single transaction,refund_replace
You charged me more than once for the same transaction!,refund_replace
Why do I have a transaction showing up more than once?,refund_replace
Why was I charged twice for my item!,refund_replace
My account is showing a double charge.,refund_replace
Why did my card get charged twice for a transaction?,refund_replace
Why am I being charged again?,refund_replace
"I was charged twice, when I didn't purchase anything twice.",refund_replace
One of my payments was doubled,refund_replace
I think I was double charged,refund_replace
"I should only have one charge, but it shows two.",refund_replace
"My account shows I have been charged twice for the same meal. How do I get the second payment voided and returned to me? I do not eat out much and my family is living paycheck to paycheck,  mostly. I cannot afford to spend more money than necessary, as is, so I must see to it that the cost be promptly credited back onto my card.",refund_replace
What do I do if I have been charged twice?,refund_replace
I was charged two times for the same thing.,refund_replace
"Hi, I was looking over my card receipts for the past week and I realize I had a charge put through two times for the same single restaurant visit. Can one of the charges be removed so that I can get the money back that was mistakenly taken from my account?",refund_replace
Can you help me? I have a duplicate transaction on my account and I don't understand why.,refund_replace
Why does a payment show up twice?,refund_replace
There is the same transaction showing more than once.,refund_replace
Why am i being double charged for something?,refund_replace
I see a duplicate payment.,refund_replace
Will the duplicated payment be refunded?,refund_replace
I have been charged twice on my statement.,refund_replace
I am concerned that I am being doubled charged for several items purchased in the past week.  Please review my statement and correct.,refund_replace
"I went to the store and tried to make a purchase.  The first time, it was declined, but the second one went through.  But my App shows me that I've already been charged once and the second charge is still pending.  Can you make sure that I'm not charged twice?",refund_replace
Why was I charged twice?,refund_replace
I was charged multiple times for one purchase,refund_replace
Why have I been charged more than once for the same transaction?,refund_replace
"Hi, I was just checking over my card transactions and notice I was charged twice for a restaurant visit this week. Can you please remove one of these false charges from my account?",refund_replace
Please delete the duplicate payment that was made to my account. One payment is still pending and I do not want to pay twice.,refund_replace
A payment is showing twice. Why is that?,refund_replace
"Hello, I was just went through my recent transaction on my bank account and I just noticed that I was charged twice at a place that ate at this past week. Can I get that second transaction removed from my account?",refund_replace
I received duplicate charges.,refund_replace
Why am I getting double charged for multiple transactions?,refund_replace
After taking over my card transactions I noticed that was charged twice for a restaurant purchased from earlier this week. Can you please remove one of these transactions from my account since it is not accurate?,refund_replace
I made a payment and it appears it is showing twice,refund_replace
"Looks like my card payment was duplicated after all. I went to pay at the store earlier, got declined once,second time it works. App still stays pending for one of the payments. Can you remove one of them as it's wrong and clearly was declined?",refund_replace
I noticed that my card was charged more than once for one thing.,refund_replace
"I got double charged from something, what can I do?",refund_replace
"Hi, I checked my transactions and saw that I was charged twice during a restaurant visit. I would like to get my money back.",refund_replace
Why did I get charged more than once?,refund_replace
Why do I have a transaction showing multiple times?,refund_replace
"Help, I was charged twice!",refund_replace
Hi. Please can you help me fix a double charge on my card? I'm looking at my transactions and this restaurant I went to earlier in the week has charged me twice! Please remove the additional charge for me.,refund_replace
There is a duplicate payment on my card. Why?,refund_replace
To many charges on my card how do I go about fixing that?,refund_replace
There are two of the same charge on my statement.,refund_replace
My statement shows different transaction times.,refund_replace
I have a transaction showing up multiple times.,refund_replace
My card is showing multiple charges for the same items on my recent statement. I was wondering what actions of needed to take to fix this issue,refund_replace
My card was declined but it shows as multiple charges?,refund_replace
It appears as though my card payment was duplicated. I paid at the store earlier today. The first time it was declined and the second time it worked. The app is still showing one of the payments to be pending. Please take one of these off because clearly the first was declined and is not correct.,refund_replace
What do I do if a transaction shows up twice?,refund_replace
Hi. I noticed I have a duplicate charge which I have not made twice. Who should I talk to take care of this?,refund_replace
There is a payment that I was charged two times for.,refund_replace
I got charged in double and want a refund,refund_replace
I have multiple of the same transaction,refund_replace
There is more than one charge on my account for a transaction.,refund_replace
I need a transaction reversed from my account.,refund_replace
"It seems my card payment was completed twice. I paid at the store previously and the first one did not seem to go through. After a second attempt, it did go through. I now see within the app that I have been charged twice with one of them pending. Can you please remove the pending amount because it is clearly something that was declined?",refund_replace
I have been charged for one thing two times.,refund_replace
How come there is a duplicate charge on my card?,refund_replace
Why was I charged twice for the same thing?,refund_replace
I have a duplicate payment on my account,refund_replace
Why does my statement show various transaction times?,refund_replace
Why are there multiple transactions showing for one purchase?,refund_replace
I was double-charged for a transaction,refund_replace
Why do I have two charges It should only be one charge?,refund_replace
My bill shows the same charge more than once,refund_replace
"I went for a meal in Seattle and paid the bill but I think they charged me twice, the first time they swiped the card I got a notification to say the money had gone out the account but then I added a tip and I think they swiped it all again. Can you refund one of the charges?",refund_replace
A transaction posted twice to my account.,refund_replace
I noticed a duplicate charge on my statement.,refund_replace
"Hey there, I just went through my most recent credit card payments and I notice the same charge for a restaurant was processed twice. There was only one meal at this place, so I would like one of the charges to be reversed and my money to be put back in the account.",refund_replace
I was charged twice for the same thing.,refund_replace
Is there a reason to why I was charged twice for a transaction?,refund_replace
There are duplicate transactions on my account,refund_replace
My transaction is showing several times.,refund_replace
"Looks like my card payment was made two time by mistake. I went to pay at the store earlier which rejected once, second time it worked. App is on pending for one of the payments. Can you please remove one of them as it's wrong and clearly was declined?",refund_replace
"In reviewing my statement, I show I have two charges for the same purchase at the same time, which I have not made in duplicate? How do I get this solved?",refund_replace
"Looks like my card payment was made twice by mistake. I paid at the store earlier which rejected once, second time it worked. App stays at pending for one of the payments. Can you please remove one of them as it's wrong and clearly was declined?",refund_replace
"Looks like my card payment was duplicated after all. I went to pay at the store earlier, got declined once,second time it works. App still stays pending for one of the payments. Can you please remove one of them as it's wrong and was declined?",refund_replace
I was charged twice for a few things this week when I only bought one. What do I do?,refund_replace
"I have been double charged for a couple of things this week, and would appreciate a refund for the duplicate charges.",refund_replace
How do a reverse a duplicated charge?,refund_replace
The first payment I attempted for my card at the store earlier did not process so I had to make a second attempt. The second time it worked. It now appears I was charged twice. After looking at the app I see a pending charge. Please remove the pending amount because it is clearly not accurate and was declined.,refund_replace
I've got a repeated tranasaction on my card.,refund_replace
I got charged twice,refund_replace
I have a transaction showing up more than once.,refund_replace
Can you explain the various transaction times shown on my statement?,refund_replace
I was charged too many times for one transaction.,refund_replace
Who should I talk to or go to resolve a duplicate charge on my statement?,refund_replace
Why was I charged twice for the same transaction?,refund_replace
Looking at my statement I see that I was double charged for a payment I made.,refund_replace
I have been charged twice for the same thing!,refund_replace
I think I was charged double for something I bought - how long should I wait before reporting this?,refund_replace
Why is there a payment showing twice?,refund_replace
A duplicated payment was made for something.,refund_replace
Why is there are there two of the same transaction?,refund_replace
My account seems a bit off and getting weird charges.,refund_replace
I have have multiple charges for one transaction.,refund_replace
Hello. I just noticed I was charged two times for a restaurant I visited this week. Can you reverse the additional charge?,refund_replace
where exactly does money come from,support_request
Where did my money come from?,support_request
Can I check to see where the funds came from?,support_request
What are the sources for the funds in my account?,support_request
need to know where money comes from,support_request
Show me how to look at the source of my current funds?,support_request
Can I trace where my funds came from?,support_request
I have to verify my source of funds.,support_request
who can put money in my account?,support_request
Can I see where my money came from?,support_request
My source of funds need verification.,support_request
What source do my fund come from?,support_request
Can you tell me where my readily available cash has come from?,support_request
I would like to know where my source of funds came from.,support_request
What is my source of funds?,support_request
where to i get my funds from?,support_request
"I need to know this, where do my funds come from?",support_request
What information do I need to see my source of money?,support_request
How will I know where my funds are coming from?,support_request
How can I tell where the money came from?,support_request
Is there a way to view the history on where my funds came from?,support_request
Can I see the source of my available money?,support_request
I require verification for my source of funds.,support_request
what is source of my money,support_request
How can I look at where my available cash is coming from?,support_request
Where can I find information about where my money came from?,support_request
Where can I see where funds came from?,support_request
Who is giving me my money?,support_request
Where do I go to see the source of my available money?,support_request
Is there a way for me to check my balance?,support_request
I need to know where do my funds come from,support_request
Where do my available funds come from?,support_request
What kind of security protects my money?,support_request
Can you tell me how I would go about learning where my funds came from?,support_request
Can I track history on funds?,support_request
where can I see who sent me funds,support_request
What do I need to do to verify my funds?,support_request
My source of funds require verification.,support_request
"my money, where is it coming from?",support_request
I need to know where my funds come from.,support_request
I would like to know where the funds are at.,support_request
help me find where this money came from,support_request
What do I need to see my source of money?,support_request
Is there a way to see where my money originally came from?,support_request
where are the transfers originating,support_request
How do I verify my source of funds?,support_request
I want to know where my money comes from.,support_request
I need to verify the source of funds.,support_request
How do I verify the source of my funds?,support_request
How can I lookup the source for my available money?,support_request
I need to see where my money came from.,support_request
Are there steps to see where my funds come from?,support_request
I would like to verify my source of funds.,support_request
How do I find out where my funds came from?,support_request
Can I see where my money is being transferred from?,support_request
I would like to know how to work out where my funds came from?,support_request
Where can I see where my funds came from?,support_request
Is there a way to tell where the money came from?,support_request
need to verify source of funds,support_request
How do I know where my money comes from?,support_request
How can I find the source for my available funds and money?,support_request
Why do I need to verify my funds?,support_request
My funds must be verified,support_request
how do i track the moeney,support_request
What is the source of funds for my money?,support_request
How do I know where my funds come from?,support_request
Can you tell me how to tell where my funds come from?,support_request
Can I see my available money?,support_request
is there a way to see where funds come from,support_request
Is there a way to see my money's source?,support_request
Please verify my source of funds.,support_request
I must verify the source of my funds,support_request
where can I get the info for my funds,support_request
Can you tell me where my funds come from?,support_request
Is there a way to lookup where funds came from?,support_request
Verify my source of funds?,support_request
How can I prove the source of my funds?,support_request
How can I know where did my funds come from?,support_request
How can I receive verification for the source of my funds?,support_request
where is this money from,support_request
How can I tell the source for my available funds?,support_request
I need to verify my funds.,support_request
How do I see my source of funds?,support_request
I require verification of my source of funds.,support_request
Where do my fund come from?,support_request
I want to know the source of my funds.,support_request
where can i see money source?,support_request
where did my funds come from?,support_request
i need to trace a deposit,support_request
How can I find out the source of my available cash?,support_request
can i see money source?,support_request
Where can I find out where my funds came from?,support_request
Show me the source of my money.,support_request
Where can I find my fund information?,support_request
How do I find out my source of funds?,support_request
How do I know where the funds come from?,support_request
Please explain to me how to know where my funds are from.,support_request
Where is my top-up generated from?,support_request
Where did my deposit for my source of funds come from?,support_request
Can I see where my funds come from?,support_request
Where can I check out the source of available funds in my account?,support_request
Can someone please explain to me where my source of funds came from?,support_request
want to know where funds come from,support_request
Where can I check to see where the money in my account came from?,support_request
How can I find out where the funds are flow?,support_request
What do I do to verify my source of funds?,support_request
I'd like to know where my funds come from.,support_request
How can I check to see where my funds come from?,support_request
is there a way i can see source of money?,support_request
How can I verify my source of funds?,support_request
Where do my funds originate from?,support_request
What is the source of the money in my account?,support_request
How do I see the source of my money?,support_request
How long am I to wait before the transfer gets to my account?,inquiry
Will the transfer show up in my account soon?,inquiry
What time will a transfer from the US take?,inquiry
When will the money reach my  account?,inquiry
How long does it take to get my money,inquiry
When does my transfer from the US arrive in my account?,inquiry
"I desperately need to transfer something from China, Please give me the wait time.",inquiry
I am yet to receive the money in my account how long will this take?,inquiry
Does a US transfer take long,inquiry
How long will this transfer from europe take?,inquiry
Will I see the transfer in my account within the week?,inquiry
How long should I have to wait before I see the transfer in my account?,inquiry
When will my transfer post to my account?,inquiry
How long does a European transfer take?,inquiry
How many days do I have to wait for the transfer to reach my account?,inquiry
I am waiting for the money to enter my account. How long does it take?,inquiry
How long will an urgent transfer from China take?,inquiry
How long do transfers from Europe take?,inquiry
I have to quickly transfer something to China. How long will it take to arrive there?,inquiry
How long will I have to wait for my money to be in my account?,inquiry
"In the US, how long is the wait for a transfer?",inquiry
Where is my money transfer?,inquiry
How long does a transfer take to reach one's account.,inquiry
Where's the money from my transfer from Europe?,inquiry
How long will a transfer from Europe take?,inquiry
There is an urgent thing that I need to transfer from China. Approximately how long will it take?,inquiry
I need to transfer funds from China and quick expedition is crucial. Approximately how long does it take for a transfer from China to go through?,inquiry
How long will a transfer from the US take?,inquiry
How long do I wait for a transfer from the United States?,inquiry
What is the timeframe for a transfer in Europe?,inquiry
How long do I have to wait for a US transfer?,inquiry
"I have been waiting for my transfer, shouldn't it be here already?",inquiry
How fast can I transfer something from China?,inquiry
"My Bank is in Europe, how long will the transfer take?",inquiry
I urgently need to transfer something from China. How long can I expect it to take?,inquiry
How many days does it take for a transfer to go through?,inquiry
When will the money show in my account?,inquiry
what is the average wait for transfers,inquiry
How long until the transfer is reflected on my account balance?,inquiry
How long do I have to wait for Europe transfers?,inquiry
When can I use money sent to my account?,inquiry
How long does a transfer from the US take?,inquiry
How long is the transfer?,inquiry
"I've made a transfer, how long until the money reaches my account?",inquiry
"I'm waiting for a transfer from the US, how much longer?",inquiry
What is the estimated time on an urgent transfer from China?,inquiry
Can you please tell me how long it takes for the transfer to be available.,inquiry
Can I quickly send a transfer from China?  How long will it take?,inquiry
What is the wait time until money reaches my account?,inquiry
How long does it take for a transfer to show up in my account?,inquiry
When will my transfer be in my account?,inquiry
How long does it take in Europe to do a transfer?,inquiry
What's the wait time for European transfers?,inquiry
What is the time period for money to be transferred?,inquiry
When can I expect money to be transferred to my account?,inquiry
"How long does it take to transfer from china? Is there a way to transfer it quickly, I need it urgently?",inquiry
I need to transfer something to China. It is urgent. How many days will it take to get there?,inquiry
I need quickly transfer something from China. About how long will it take?,inquiry
I need a quick transfer from China.  How long would that take?,inquiry
How long until transfers from Europe go through?,inquiry
"I have a transfer from the US, How long is the wait?",inquiry
How do i transfer something faster than normal?,inquiry
"I need to transfer something from China, How long will it take?",inquiry
It's been a couple days how much longer do I have to wait for my transfer?,inquiry
When can I expect the transfer to be complete?,inquiry
How long do European transfers take?,inquiry
Why hasn't the transfer shown up in my account yet?,inquiry
When will the money from a transfer be made available on my account?,inquiry
How long does it take for a transfer to be in my account?,inquiry
"If I need to transfer something quick from China, how long does that take?",inquiry
"I just did a transfer, but don't see the money in my account. What's up?",inquiry
How quickly can I transfer something to China?,inquiry
How long will it take the money to appear in my account?,inquiry
How fast are transfers from Europe?,inquiry
"I need to make a transfer from Europe, how many days does this take?",inquiry
What is the longest a US transfer should take to appear in my account?,inquiry
I need to urgently transfer something from China. How long will it approximately take?,inquiry
"I need to transfer something ASAP from China, how long will it take to post to my account?",inquiry
How long will it take for the money to reach my account?,inquiry
When will my transfer from the US get here?,inquiry
"I transferred money from the US, How long does it take?",inquiry
"I need some money transferred ASAP, how long does the process take?",inquiry
How long will a transfer take from Europe?,inquiry
When can I expect my transfer to reach my account?,inquiry
What is the estimated wait time on a US transfer into my account?,inquiry
How long will it take to transfer something to China urgently?,inquiry
How long does it take transfers from Europe to complete?,inquiry
I must make a transfer from China and it is urgent. How long before the transfer is complete?,inquiry
When will my account receive the money?,inquiry
There is an urgent transfer I need to make from China.  How long will it take to get it processed?,inquiry
How long will a transfer from China take? I need to transfer something from there.,inquiry
Help! I need to transfer something to China.,inquiry
"Its been 3 days, How long will my transfer take to get to my wallet?",inquiry
How many days until my US transfer arrives?,inquiry
How long will it take to transfer something from China?,inquiry
"I must quickly transfer something from China, and I need to know how long it will take.",inquiry
how long does a US transfer take,inquiry
How long will it take to transfer from europe?,inquiry
how long does it take for a transfer from Europe to go through?,inquiry
When can I expect the transfer to arrive in my account?,inquiry
When will a transfer from the US post?,inquiry
"I'm having money transferred from Europe, how long will this take?",inquiry
When will my money be in my account?,inquiry
Will it take more than 3 days for my transfer to reach my account?,inquiry
What is the time frame for european transfers?,inquiry
When will I receive a transfer from europe?,inquiry
How long will it take to urgently transfer something to China?,inquiry
Can I transfer something urgently from China? How long does it take?,inquiry
How long does it take to get money from Europe?,inquiry
What's the transfer time from Europe?,inquiry
When will my transfer arrive from Europe?,inquiry
Estimated time arrival for transfers?,inquiry
What are the time frames for the money to be available in my account?,inquiry
How long does it take for the money to show up in my account?,inquiry
what is the time frame for transfers,inquiry
"If I get a transfer from Europe, how long until it is in my account?",inquiry
When will the money be made available in my account?,inquiry
How long does it take for a transfer to reach my account?,inquiry
What is the estimated wait time for transfers from the US?,inquiry
What is the length of time for money to reach the account?,inquiry
When can I expect a transfer from Europe to go through?,inquiry
Why hasn't my transfer from Europe gone through?,inquiry
Transfers from the US how long will the wait be?,inquiry
What is taking so long on my transfer from the US?,inquiry
How long does transfer from the US take?,inquiry
How long does a transfer transaction take?,inquiry
How long does it take to make an urgent transfer from China?,inquiry
Money transfer help? How long?,inquiry
I wanted to purchase something online but the payment was returned back to me. This has been going on for a couple of weeks. Please tell me what is going on here?,refund_replace
"I tried to use my debit card, but the payment did not work.",refund_replace
"Hi, I had an issue with my card payment and It shows on my account that my payment went through. Then I got contacted from the seller saying ""they did not receive my payment"" then the payment was returned to my account. so I would like to see why it did that please.",refund_replace
I think my card payment has been reverted,refund_replace
Tell me why my card payment would be reverted.,refund_replace
Why has my card payment been reversed?,refund_replace
I didn't cancel my card payment.,refund_replace
Can you tell me why the card payment came back?,refund_replace
How come the money from the merchant appeared back into my account?,refund_replace
My payment was terminated,refund_replace
I think my card payment has been refunded,refund_replace
I made a payment and it was reverted and wanted to know why?,refund_replace
Is it on purpose that my payment has been returned to my account?,refund_replace
The app reverted the payment I made.,refund_replace
Why would my payment have been returned to my account?,refund_replace
I bought something and already paid for it but now I don't see it.,refund_replace
"I really wanted to buy something online but seems the card is not working as the payment suddenly came back! What's going on here, I've been trying for a good week or two.",refund_replace
My payment has been cancelled,refund_replace
I made a payment but it was returned.,refund_replace
My card payment has been cancelled,refund_replace
I made a payment with my card that was cancelled?,refund_replace
"Hey a seller just contacted me that my money didn't come through. It was definitely deducted from my account, but now it appears it's back with me! Sort this out asap please.",refund_replace
My payment didn't work and the money is in back in my account.,refund_replace
The payment I made with my card is not showing up.,refund_replace
"Hello,  I noticed the money for an item I purchased online and have already received has been returned to my checking account. Was there an issue with the merchant accepting my payment? Or, possibly, with the bank sending it?",refund_replace
My payment came back for something i'm trying to buy online? it's been doing it for two weeks.  do you know what the issue is?,refund_replace
It looks like my card payment might have been reverted.,refund_replace
Why has my payment been reversed?,refund_replace
I was refunded the money for something I bought already.,refund_replace
I already got my item but just got my money back,refund_replace
I believe that a card payment I made was cancelled.,refund_replace
Why would my card payment be cancelled?,refund_replace
"I dont know what happened, but my payment was cancelled",refund_replace
The card payment didn't work,refund_replace
why did my payment revert,refund_replace
"I would like to make a purchase, however my card has been declined. I would like to ask the reason for this. The past two weeks, the card has been working fine.",refund_replace
I made a payment but the app cancelled it.,refund_replace
The app reverted my recent payment,refund_replace
Why would my card payment get reverted?,refund_replace
I believe my card payment were reverted,refund_replace
"My card has an issue, the payment has been deferred.",refund_replace
Under what condition will my payment revert?,refund_replace
"My card payment was reverted, why?",refund_replace
What should I do if my card payment was cancelled?,refund_replace
What reasons would cause my card payment to be cancelled?,refund_replace
Is my card payment reverted?,refund_replace
I had a payment reverted and would like to figure out why.,refund_replace
"I just checked and my payment was cancelled, why?",refund_replace
My money is back in my account after a seller contacted me stating they never received payment. I am positive it was deducted out of my account. Please get this sorted out right away.,refund_replace
HELP. My account has been deducted already and the Seller says they haven't received the money yet? When can they expect it?,refund_replace
Seems like my card payment has been cancelled,refund_replace
Can you please tell me why my card payments are not going through when I try to buy something online? When I put in my card payment it takes it but it comes back a while later.,refund_replace
I was checking my statement and I think one of my card payments has reverted,refund_replace
Why isn't my payment showing?,refund_replace
What happens when a payment is reverted?,refund_replace
I received a message from a seller stating they hadn't received my money even though it definitely came out of my account. The money has now been deposited back into my account. Please get this resolved as soon as possible.,refund_replace
I cancelled my card payment,refund_replace
"Ive been trying to use my card for two weeks now to purchase somethings online but nothing is going through. It keeps returning my payment to my account. There shouldn't be anything wrong with my account, is it the card?",refund_replace
I used my card to make a payment and wondered why the payment was reverted?,refund_replace
"I bought something and received it, but the payment went back to my account. Is the seller okay?",refund_replace
Looks like my card payment was cancelled.,refund_replace
why would a merchant refuse a payment,refund_replace
How do I fix a payment that was reverted,refund_replace
I just found out from the seller that my money didn't go through. I checked my account and it was deducted at first but now it's back in my account. Can you  please fix this for me quickly?,refund_replace
The seller just told me he didn't get paid. After reviewing my account it did subtract the balance but now it has added it back to my account. I need you to please take care of this promptly.,refund_replace
My card payments have stopped.,refund_replace
My card payment was cancelled it seems.,refund_replace
Why was a payment I made reverted?,refund_replace
"I need help to resolve mix up on my card payment. My account shows the money was taken out and then put back in the account. Then I received a message from the seller, It said that they did not get my payment.",refund_replace
Was my transaction reverted with my card?,refund_replace
"My payment was put back, I think.",refund_replace
"I've got a problem - I purchased an item maybe a week or two ago, but to the payment came back to my account! I've already got what I ordered, so why are the payment funds showing up in my account?",refund_replace
I think my card payment was cancelled. What happened?,refund_replace
"I had a seller reach out to me saying my money didn't come through to them, but I'm sure it was removed from my account. Can you figure out what the deal is here?",refund_replace
What does it mean if it says my card payment has been cancelled?,refund_replace
Why was a payment cancelled on my account?,refund_replace
Card payment has be declined.,refund_replace
Why is a payment I made reverted back to my account?,refund_replace
My payment has been returned.,refund_replace
What does it mean if my payment has been reverted?,refund_replace
I made a payment but the app gave the money back.,refund_replace
I purchased something about one to two weeks ago but for some reason the payment was returned to my account today even though I've already received one of the items. Can you tell me what's going on?,refund_replace
"I've got a problem - I bought something with my card one or two weeks ago, but now exact same amount of the purchase is showing up in my account. I like more money in my account, but this is too good to be true. Can you tell me what's happening?",refund_replace
I think a card payment I made was cancelled.,refund_replace
"I have an issue. I bought something within the past one to two weeks and have received one of the products; however, today the total was returned to my account. What's going on here?",refund_replace
Why did you cancel my card payment?,refund_replace
I did a payment but it was reverted by the app,refund_replace
My payment has not been accepted.,refund_replace
Unknowingly to me the payment sent to seller has been redeposied back in my account. I do not know why it would take out the payment and then put it back in my account. Can you resolve this as soon as possible?,refund_replace
Can you tell me why my card isn't letting me make purchases online? It's been 2 weeks I've been trying.,refund_replace
Why did my payment not go through why did it cancel?,refund_replace
"Hi, I am trying to buy something online, but i think there is some issue in my card. As payment is reverted. Please help me in this as i am facing the same issue from last two weeks.",refund_replace
What is the reason for my card payment to be reverted?,refund_replace
My card payment's cancelled,refund_replace
What does it mean if my payment was reverted?,refund_replace
Please help me with my card payments which keeps getting reverted whenever i do online shopping. I am having this problem since last two weeks.,refund_replace
Why did my payment go back to my account when I bought something?,refund_replace
Why is my card payment cancelled?,refund_replace
"Hello, I was contacted by a seller who let me know my money didn't come through on their side. It most certainly came out of my account so I need this looked at immediately because now it has been returned to me!",refund_replace
has my card payment been reverted?,refund_replace
I have cancelled payments to this card.,refund_replace
"There's a problem - I bought something about a week or two ago but just today the payment somehow came back into my account! I already received the item though, what's going on here?",refund_replace
I see a reverted payment on my account. Why has this happened?,refund_replace
I think the payment from my card was revereted,refund_replace
I think my card payment was reverted,refund_replace
How come I can't find my payment?,refund_replace
I tried to buy something online but my funds were transferred back to my account. What is happening?,refund_replace
I received a returned payment that I made.,refund_replace
Why did the funds for one of my purchase come back to my account?,refund_replace
Why would the app revert my payment?,refund_replace
It looks like my card payment was sent back.,refund_replace
Can you tell me why my card payment was cancelled?,refund_replace
"I purchased something and already received it, why hasn't the money taken out?",refund_replace
One of my card payments has reverted,refund_replace
I was just contacted by a seller that let me know they didn't get my money even though I'm very sure it was removed from my account. Now it's back in my account. Get this resolved quickly.,refund_replace
My card payment has not been withdrawn from my account,refund_replace
My card payment was reverted,refund_replace
I just got refunded for my purchase over two weeks ago,refund_replace
Please tell me why the purchase I made online returned payment. I really wanted this item and I've been trying for 2 weeks.,refund_replace
I paid two weeks ago and just got refunded,refund_replace
My card payment was cancelled.  Why?,refund_replace
"I seem to have a problem here, I bought something about a 2 weeks ago and just now received the payment back into my account and I've already received the item. Can you tell me what is going on here?",refund_replace
Why has my money been returned back to my card.,refund_replace
Why would my card payment be reverted?,refund_replace
"I've got a weird problem: I purchased something a week or maybe it was two weeks ago, and the funds have come back into my account! Can you explain this?",refund_replace
"I purchased something and the seller hasn't received the money yet, but it has been deducted from my account.",refund_replace
I think a payment I made with a card was cancelled.,refund_replace
I notice that I have a card payment that's been cancelled.,refund_replace
why was my payment reverted on the app,refund_replace
I did a payment but the app cancelled it.,refund_replace
I am not able to make a purchase because there is an issue with my card,refund_replace
Explain why a card payment would be cancelled?,refund_replace
What happens if my card payment is cancelled?,refund_replace
Why would a merchant revert my payment?,refund_replace
What happens if a merchant doesn't accept  you payment?,refund_replace
"My card payment reverted back, I think.",refund_replace
I sent a payment but now it's not showing up.,refund_replace
How can I tell if my card payment is reverted?,refund_replace
"I'm not sure what is going on here. I've received payment back into my account  for an item I've already received, from about 2 weeks ago.",refund_replace
Why was my card payment reversed?,refund_replace
Why have I received a rebate for my payment after a week?,refund_replace
"Around one or two weeks ago I purchased something but there's seems to be an issue. I have already received one of the items, but today the money was placed back into my account. What is happening?",refund_replace
Why wasn't my payment accepted by the app,refund_replace
Why would a merchant revert a card payment?,refund_replace
"Hi, I am facing issue with my card payment while shopping online as payment is getting reverted. I am struggling with this issue around two weeks. Please advise.",refund_replace
"I cannot seem to buy something online with my card? the payment comes back, what's going on?",refund_replace
Did a card payment that I made get cancelled?,refund_replace
"I think a card payment I made was cancelled, can you check?",refund_replace
A seller is stating that they haven't received money yet when the money has already deducted from my account.,refund_replace
I an not sure but it looks as if a card payment I made was cancelled.,refund_replace
The money is still in my account even though I already paid -- I don't understand what happened.,refund_replace
My card payment might have been reverted.,refund_replace
"I noticed my card payment was cancelled, can you tell me why?",refund_replace
I am not able to purchase anything online! I have been using my card on multiple sites over a period of two weeks and none of the payments have gone through. Why is this happening?,refund_replace
I believe my card payment has reverted,refund_replace
What do I do if my payment was reverted?,refund_replace
My payment was stopped,refund_replace
My payment was cancelled,refund_replace
My payment did not go through because the app reverted it,refund_replace
Was my card payment reverted?,refund_replace
Is it possible that my card payment was reverted?,refund_replace
Is it possible for me to change my PIN number?,support_request
What are the steps to change my PIN to something else?,support_request
In what way can I change my PIN and where do I need to be?,support_request
Can I change my PIN at any cash machines?,support_request
I need to make my card PIN a different number,support_request
Can I change my PIN abroad?,support_request
Do I have to go to the bank to change my PIN?,support_request
If I want to can I set up a new PIN?,support_request
Do I have to go into the bank to change my PIN?,support_request
Can I change my PIN at my local bank?,support_request
"If I wanted to change my PIN, how would I do that?",support_request
If I want to select a new PIN what do I do?,support_request
How can I change my PIN without going to the bank?,support_request
Do I need to speak to a representative to change my pin?,support_request
Can I pick a new PIN?,support_request
Where can I update my pin number?,support_request
Can I change my PIN remotely?,support_request
I need to change my card PIN.,support_request
If i want to change my pin number can I directly from an ATM?,support_request
Are there any specific cash machines that I have to go to in order to change my PIN?,support_request
Can I change my PIN at any ATM?,support_request
Can I change my pin at an atm?,support_request
Can I change my PIN without being physically present?,support_request
Can you tell me how to change my PIN?,support_request
I want to choose a new PIN.,support_request
Is there a way yo change my PIN?,support_request
Can I change my PIN?,support_request
Do I need to go to a physical bank to change my PIN?,support_request
What cash machines will let me change my PIN?,support_request
Do I need to go to an office to change my pin?,support_request
Which ATM's am i able to change my PIN?,support_request
Can I change my PIN without going to a bank?,support_request
Can my PIN changed remotely without visiting a bank?,support_request
Which countries can I change my PIN in?,support_request
Can I change my pin through the app?,support_request
I want a new PIN please.,support_request
Can I change my PIN at a nearby ATM when in Spain? I think someone saw my PIN and I need to change it but am on vacation.,support_request
Please help me set up a new PIN.,support_request
I have been travelling overseas and I need to change my PIN. Can you tell me how this is done?,support_request
Is there a location where I can change my PIN?,support_request
I am on vacation in Spain and need to change my pin.,support_request
How can I change my PIN even though I'm out of the country in Austria at the moment?,support_request
Can I change my PIN in Austria?,support_request
Can I change my in at all ATM's?,support_request
I'm travelling abroad but I've run into a situation where I need to change my PIN immediately. Can I do this from here?,support_request
I must change my PIN as soon as possible.,support_request
"I think my pin has been compromised, what do I do?",support_request
Where do I need to go to change my PIN?,support_request
Do I have to change my PIN at a bank?,support_request
Can I change my PIN on my phone?,support_request
Help me with a PIN change.,support_request
I want to change my PIN - do I need to be in a bank?,support_request
How do I change the PIN?,support_request
Where can I change my PIN?,support_request
Change my pin?,support_request
Can you tell me where  can change my PIN?,support_request
Can I change my pin at a cash machine?,support_request
Is it possible to change my PIN?,support_request
I really need to know how to change my pin.,support_request
Is going to a bank only way to change my PIN?,support_request
How can I reset my PIN?,support_request
Is it possible to change my pin if i am out of the country?,support_request
How can I set a new pin.,support_request
"I think someone saw my PIN and I am on vacation in Spain, can I change it locally at an ATM?",support_request
Are there cash machines where I can change my PIN?,support_request
"I can't freeze my account as I need the card as I am traveling, how do I change my pin?",support_request
How do I change my card PIN?,support_request
"While on vacation in Spain I think someone saw my PIN and I now need to change it, can I do this at an ATM in Spain?",support_request
How do I go about changing my PIN?,support_request
Am I able to change my PIN at certain cash machines?,support_request
Your ATM pin can be changed at any VISA or MasterCard ATM with PIN services. Certain countries don't support ATM pin changes.,support_request
I am on vacation in Spain and think someone saw my pin when… Can I change it at a local ATM?,support_request
I'm on vacation in Europe but I desperately need to change my PIN. Can I do this from abroad?,support_request
Can I reset my PIN?,support_request
At what cash machines can I change my PIN?,support_request
I want to change my PIN.,support_request
What steps do I have to take to change my PIN?,support_request
I want to change my pin number from an ATM. Is this possible?,support_request
I would like to change the the PIN on my card.,support_request
"I'm in Austria right now, but I really need to change my PIN right now. Can I do this even though I'm in another country?",support_request
How can I alteration my PIN?,support_request
I want to create a new pin.,support_request
"
Do I need to go to a physical bank to change my PIN?",support_request
May I change my PIN?,support_request
Please help me change my PIN.,support_request
Set a new PIN please.,support_request
Can I change my PIN online?,support_request
How do I change my PIN abroad?,support_request
How can I change my Rowlock ?,support_request
How can I change my old pin to a new one?,support_request
Changing my PIN,support_request
Can I get a new pin number at any ATM using my card?,support_request
Please let me know how to change my PIN?,support_request
Can I change my PIN without going to a bank branch?,support_request
Tell me how to setup a new PIN.,support_request
Can my PIN be changed in any cash machine?,support_request
Can you tell me what I need to do to have my pin changed?,support_request
Am I allowed to change my PIN anywhere?,support_request
I want to replace my current PIN.,support_request
Help me change my PIN.,support_request
Are their certain cash machines where I can change my pin?,support_request
"
Which cash machines will allow me to change my PIN?",support_request
How can I change my PIN?  Help.,support_request
Do you know how to change my card PIN?,support_request
Where do I go to change my PIN?,support_request
How do I change my pin while traveling?,support_request
Can I change my PIN if I want to?,support_request
What ATMs will allow me to change my PIN?,support_request
"Your card pin can be changed at any Visa or MasterCard ATM with Pin services, excluding countries such as Belgium, Luxembourg, Austria, Germany, Spain, and France.",support_request
Do I have to go to an actual bank to change my PIN?,support_request
"Can I change my pin at ATMs?  If so, what ones?",support_request
Can I change my card PIN?,support_request
Which atms allow me to change my pin?,support_request
Is there a way to change my PIN without having to go to the bank?,support_request
Tell me what ATMs allow me to change my PIN.,support_request
Can I change my PIN on holiday?,support_request
What is the process to change my PIN?,support_request
Please tell me how to change my pin.,support_request
At what ATM can I change my PIN?,support_request
"If I am not in the country and I need to change my PIN, how can this be done?",support_request
What do I have to do to change my pin?,support_request
Can I change my pin number at a cash machine?,support_request
Do you know how I can verify that I did a top-up to my card?,support_request
where is the code for verifying the top up card?,support_request
The top-up card is verified how?,support_request
Tell me about verifying top-up,support_request
What is the verification code for my top up card?,support_request
Explain to me how to verify the top-up card.,support_request
How can I verify my top-up card?,support_request
Can you show me how to verify the top-up card?,support_request
Can you explain to me the way to verify my top up has gone through?,support_request
I can't find the top-up card verification code.,support_request
I would like to receive instructions showing the verification process for top up cards..,support_request
Where is the top-up verification code located?,support_request
For what reason must I authenticate the top up?,support_request
what's my top-up verification code?,support_request
Why do the top-ups need to be verified?,support_request
Does the top-up need verified?,support_request
I am having trouble finding the top-up card verification code.,support_request
Why do you ask for top-up verification?,support_request
Where can I find the top up verification code?,support_request
How is top-up verified?,support_request
Do I need to verify my top-up card?,support_request
How do i verify my card?,support_request
What is the point of verifying a top up?,support_request
How do I verify my top up?,support_request
How do I find the top-up verification code?,support_request
Why does top-up need to be verified?,support_request
why do i have to verify top up?,support_request
"I'm trying to verify my top-up card, but I can't find the code...?",support_request
How can I verify the top-up card?,support_request
how do I find the code to verify the top up card?,support_request
I need to find the top up verification code,support_request
Please help me find my top-up verification code,support_request
Where can I find the verification code for the card top-up?,support_request
Do I need to verify my top-up?,support_request
Why do we need to verify a top-up card?,support_request
I have a top up card. Where is the verification code?,support_request
How do I find the code needed in order to verify my top-up card?,support_request
How do i find my top-up card's verification code?,support_request
How do I verify the top-up?,support_request
How many digits identify the top-up verification code?,support_request
What is the significance of verifying the top-up?,support_request
Why do we need to verify top-up?,support_request
Please verify my top-up card,support_request
Is there a reason why top-up needs verifying?,support_request
I don't know where the top-up verification code is.,support_request
Verifying the top-up seems like a hassle.,support_request
I can't see a verification code anywhere,support_request
Verify top-up card help?,support_request
What do I do to verify a top-up?,support_request
Is there a way to verify a card top-up?,support_request
How to verify top up card?,support_request
Why are top-ups being verified?,support_request
why verify the top up? it doesnt make sense,support_request
The top-up verification code is not visible.,support_request
"I just tried to top-up and now I'm getting an additional verification message, why?",support_request
Where do I find my code to verify my top-up card?,support_request
Why verify the top-ups?,support_request
can you tell me where to find the top-up verification code?,support_request
How do I verify the top-up card?,support_request
Help me verify the card used on a top-up.,support_request
"On a card top-up, where can I verify?",support_request
"I'm trying to verify my top up card, how do I do that?",support_request
What is the verification process used for?,support_request
Where is my top-up verification code?,support_request
Where can i find my top-up verification code?,support_request
Where is the top-up verification code?,support_request
I don't see a code anywhere on my top-up card? Where can I find it? I need to verify!,support_request
Why do i have to verify my top-up card?,support_request
Do I have to verify the top-up?,support_request
Why do I need to verify the top-up?,support_request
Where can I find the verification code for the top up card?,support_request
I can't see a top-up top-up verification code.,support_request
I don't see the verification code for my card transfer.,support_request
Why does top-up require verification?,support_request
is there a reason i need to verify top up,support_request
Is the verification number on the top up card,support_request
What  is the verification process for a top up card?,support_request
Where is the top-up card verification code?,support_request
How do I verify the top up?,support_request
I am looking for my top-up verification code and cannot find it.,support_request
How do i authenticate a top-up card?,support_request
Do I need to verify the top-up?,support_request
What's the deal with verifying the top-up?,support_request
Can you tell me where to find my top-up verification code?,support_request
Where Is the top up verification code found?,support_request
Please tell me how to verify my top up card.,support_request
How do i secure a top-up card?,support_request
What's up with verifying top-ups?,support_request
Why do I need to verify a top-up?,support_request
Can I verify my top-up card?,support_request
Why is it necessary to verify the top up?,support_request
Why should I verify the top-up?,support_request
this verifying the top up is annoying,support_request
Why do we need to verify top-ups?,support_request
How are top-ups verified?,support_request
Tell me how I can verify a card top-up.,support_request
Do i need to verify my top up?,support_request
My top up card needs verification and I don't know how to do it,support_request
Where's my top up code?,support_request
Where do I find the verification code for the card I'm topping up?,support_request
Where can I find the verification code for a top-up?,support_request
Where do i verify a top-up card?,support_request
What is the top up code for?,support_request
why do you verify the top up,support_request
Tell me why I need top-up to be verified?,support_request
"I just want to top-up, why do I need to verify anything?",support_request
Verifying top-up cards necessary?,support_request
Where is the top-up verification code sent?,support_request
What's a verification code?,support_request
Tell me how to verify a top up.,support_request
Where is the verification code display?,support_request
What can I do to verify my card?,support_request
Why is top-up verified?,support_request
Why do I need top-up to be verified?,support_request
How do I authenticate my top-up?,support_request
What is the verification process for my card?,support_request
i don't see the top-up verification code anywhere,support_request
I'm being asked for a verification code. Where do I find it?,support_request
Why does a top- up need to be verify?,support_request
Help my find the verification code on a top-up.,support_request
How can I verify my top up?,support_request
I need help finding the verification code on the top up card.,support_request
What does top-up verification do?,support_request
I CAN NOT FIND THE TOP-UP VERIFICATION CODE.,support_request
How do I go about verifying the top-up card?,support_request
why do i need to verify the top up?,support_request
Are extra charges added for sending out additional cards?,support_request
I'd like to order an additional card,support_request
I want some extra physical cards.,support_request
"I would like open a second card for my daughter, how can you assist me?",support_request
Am I gonna be charged for sending out more cards?,support_request
Would I have to pay anything if I need an additional card?,support_request
Is it possible to get a second card for my daughter?,support_request
Can I get a few more physical cards?,support_request
What's the limit on total number of cards I can have?,support_request
Is there a charge for sending out more cards?,support_request
How much does it cost to get more cards?,support_request
How can I create another card linked to this account?,support_request
May I order another card?,support_request
Can I order another card?,support_request
Can I order a second card?,support_request
Can I have more physical cards?,support_request
How many physical cards am I allowed to have?,support_request
I want to get few more physical cards,support_request
Please tell me if I'm going to be charged for sending out more cards?,support_request
Can I get more cards just incase?,support_request
Would I be able to get a second card?,support_request
Do you charge for sending out more cards?,support_request
I need a second card on this account for my daughter.,support_request
How can I get another card?,support_request
Can I have a third card?,support_request
I have left my card at my parents house. Can you send me a spare one please to use in the meantime?,support_request
I'd like to provide my daughter with a card - could I get an additional card from my account to give her?,support_request
What is the price for an additional card?,support_request
Can I get a second card for free?,support_request
Will I be charged if I add more cards to the account?,support_request
How many cards am I allowed?,support_request
"Can my daughter also have a card issued in her name, but linked to my account?",support_request
I'd like to order another card,support_request
Can I have a supplementary card?,support_request
"I lost my card and need a new one, will it cost me?",support_request
My daughter need a card from this account. Is that possible?,support_request
My daughter would like a card from my account?  Can I do this?,support_request
Are there any fees to get additional cards?,support_request
Can you send me more cards for my account?,support_request
"I would like some more physical cards, what is my limit?",support_request
Can I have a duplicate second card?,support_request
"I want to give a second card for this account to my daughter, would this be possible?",support_request
What is the procedure for me to get more cards on my account?,support_request
Am I permitted to have a spare card?,support_request
I was wondering if I could get a second card on this account? I would like my daughter to have one.,support_request
Do I have to pay for a second card?,support_request
I would like to purchase another card.,support_request
Is it possible to order another card?,support_request
I'd like to have extra cards. Will I have to pay for that?,support_request
How do I get a spare card?,support_request
How do i request more physical cards?,support_request
What steps do I need to get another card?,support_request
I would like more physical cards,support_request
Is there a charge for getting more cards?,support_request
Can I have a second card issued to another family member?,support_request
How do I obtain a second card?,support_request
How much is it to buy another card? I was hoping to buy another one.,support_request
Where do I order additional cards?,support_request
How much would an extra card cost?,support_request
I would like an extra card.,support_request
Do you send duplicate cards?,support_request
I would like to use one of my cards for a family member. Is that allowed?,support_request
Can another family member hold a card for this account in addition to mine?,support_request
I need another card,support_request
"If I need an additional card, is there a fee for that?",support_request
I want a new card,support_request
Will I get charged for sending out more cards?,support_request
How many different cards can I have for my account?,support_request
I need more physical cards.,support_request
Am I allowed to carry an additional card?,support_request
Does it cost extra to send out more than one card?,support_request
How do I get extra physical cards?,support_request
Can I get spare cards?,support_request
Is it possible to get another card?,support_request
I need more physical cards than I have right now!,support_request
Is a new debit card free?,support_request
How many cards can I have?,support_request
"If I want to send out more cards, do you charge extra for that?",support_request
Do you charge extra for duplicate cards?,support_request
I would like to get additional physical cards at this time,support_request
How do I receive more physical cards,support_request
"If I want to be able to give my daughter a card for my account, would I be allowed to get one for her?",support_request
Would it be possible for me to get a second card?,support_request
"I am interested in giving a second card to my daughter, how can I make this happen?",support_request
Is it possible for me to give my daughter a second card for this account?,support_request
"daughter needs card, how do i add her",support_request
Is there any way to get another card on the same account?,support_request
If I need more than cards will I have to pay a fee to receive them?,support_request
I need a new card.,support_request
I'd like to get another card,support_request
"If I get another card, what kind of fees am I looking at?",support_request
Will there be a charge for sending out more cards?,support_request
I would like to get a few more physical cards.,support_request
How many active cards can I have?,support_request
How much does it cost for additional cards?,support_request
What should I do if I want to get another card for someone in my family?,support_request
How do I order another card?,support_request
I'm looking to get an additional card.,support_request
Can I get another card?,support_request
I would like to get some extra cards?,support_request
Is it free to send out more cards?,support_request
Is it possible to purchase more physical cards with my account?,support_request
Is there a fee for sending out more cards?,support_request
How much is it to send out additional cards?,support_request
Will it cost me to get a second card?,support_request
How do I get another card,support_request
Is there a fee for sending additional cards?,support_request
Is it possible to have a second card?,support_request
I would like a second card.,support_request
What is the charge for sending out more cards?,support_request
"I would like to give another card to my daughter, how can I proceed?",support_request
What's the process to receive a second card?,support_request
how is it possible to add another card to account,support_request
How do I go about ordering another card?,support_request
How do I get extra cards?,support_request
Do you send more than one card?,support_request
Are extra cards free?,support_request
Do you charge for sending more cards?,support_request
Can I have another card in addition to my first one?,support_request
"I need a second card, can I have more than one?",support_request
I want a backup second card. Is this possible?,support_request
Physical cards are what I need more of,support_request
Can I have a spare card for this account please?,support_request
I need two cards. Is this possible?,support_request
Can I have more than one card?,support_request
I need another card for a member of my family. Is this possible? How soon can I get one?,support_request
Is there any way I can get more physical cards to use with my account?,support_request
Can I give a second card for this account to my daughter?,support_request
Is it possible to give a second card from my account to my daughter?,support_request
How much does it cost for a physical card?,support_request
Where can the cards be delivered?,support_request
What do i do to get a physical card?,support_request
Can I request a card?,support_request
Do I have to pay for a physical card?,support_request
"I need an actual card that I can hold in my hand, how do I do that?",support_request
what steps do i do to get a real card,support_request
Can you tell me exactly what fees I will expect to see in regards to your cards?,support_request
What do I do to get ahold of my own card?,support_request
Are cards delivered to my location?,support_request
Is it possible to get a physical card?,support_request
I would like to request a card.,support_request
I need to order a new card.,support_request
Can you send me the actual card?,support_request
"I would like to get a physical card, but I don't know how. Can you help me?",support_request
how do i get a new card,support_request
Where do you need to live to receive card,support_request
How do I get a real card?,support_request
How do I go about getting an actual card?,support_request
Please tell me how I can receive a physical card,support_request
I would like a physical card,support_request
Where are your cards delivered to?,support_request
Can I order a card please?,support_request
tell me how I can order my card.,support_request
Does it cost anyting to get my own card?,support_request
Is a physical card also available,support_request
Do physical cards cost money?,support_request
Are physical card available?,support_request
I want to request a physical card,support_request
Is there a charge for a physical card?,support_request
Do you ship your cards anywhere?,support_request
I want a real card,support_request
Where do you deliver cards to?,support_request
Where are the cards delivered to,support_request
What do I owe for a new card?,support_request
Is it possible to order a card?,support_request
What areas are cards delivered to?,support_request
Where can I order a card?,support_request
Is there a fee to get an actual card?,support_request
do i need to add money before i order a card,support_request
What does the bank charge for lost or stolen card replacements?,support_request
Is there a fee for physical cards?,support_request
How can receive a physical card,support_request
Can I have a tangible form of my virtual card.,support_request
Where will I get my card?,support_request
Help me order my card.,support_request
Where do I go to order my card?,support_request
"Can I get a physical card for free, or is there a charge?",support_request
How do I get my card?,support_request
Is a physical charge extra,support_request
Where do your cards get delivered to?,support_request
Do I receive the physical card for free,support_request
I really want a physical card. How do I get one?,support_request
can i get a physical card online,support_request
What do I need to do to get a card?,support_request
I would like a card please.,support_request
I need to get hold of a physical card?,support_request
Can I get a new card?,support_request
Can I get a card in person?,support_request
How can I order a card?,support_request
Can I order a card?,support_request
Where do you export the cards to?,support_request
Can I receive my card anywhere?,support_request
how do I ask for a physical card?,support_request
How to order my card?,support_request
Where can I get a physical card?,support_request
How much for an actual card?,support_request
Can you tell me how do I get a card?,support_request
How do I actually obtain a card myself?,support_request
Card delivery services? Where?,support_request
Can I get an actual card,support_request
I would like a  physical card sent to me.,support_request
How can I order my card?,support_request
Do I get a card to keep in my wallet?,support_request
How do I order a card?,support_request
What is the process for getting an actual physical card?,support_request
What is the price for a physical card?,support_request
At which locations can I order a card?,support_request
Is it possible to get a real card?,support_request
I would really like a physical card.,support_request
Can I get a physical card,support_request
Where do we mail the card?,support_request
How to receive the actual card,support_request
What is the cost for physical cards?,support_request
Do I get an actual card?,support_request
how much does a card cost and why do you charge me,support_request
How do I order my card?,support_request
How do I receive a card?,support_request
Can cards be delivered? Where?,support_request
Is there a fee to order a physical card?,support_request
How do I go about ordering a card?,support_request
"I need to get a card, how do I do that?",support_request
What do I need to do in order to get a new card?,support_request
Show me where to order my card.,support_request
IS there anywhere that a card cannot be delivered?,support_request
How do i receive a physical card?,support_request
I need a physical card.  What are the fees?,support_request
how much for a physical card?,support_request
Where do I order a card?,support_request
Where do you mail physical cards?,support_request
Is payment required to get a card of my own?,support_request
I still don't have a card. How do I get one?,support_request
Where do I find our how to get a physical card?,support_request
What are the places that you deliver cards to?,support_request
Where are cards available to order?,support_request
What locations are cards delivered to?,support_request
How much is a physical card?,support_request
Do I get a real card?,support_request
What fees do you charge for the standard card?,support_request
I want a physical card,support_request
Will you charge for a physical card?,support_request
I'm interested in getting a card. How does one go about doing that?,support_request
How would I go about getting a physical card to use in stores?,support_request
Will there be a fee to receive a physical card?,support_request
I would like to have a physical card to carry around and use. How can I get one?,support_request
What's the procedure for getting a card?,support_request
Where are the cards transported to?,support_request
What fees are charged for a physical card?,support_request
can i order cards on the app,support_request
Can I revive a physical card.,support_request
Why isn't my disposable virtual card working?,complaint
Can I use my virtual card to complete transactions for memberships?,complaint
Why won't my virtual card work?,complaint
My virtual card is just not going through.,complaint
My virtual card isn't working.,complaint
My disposable virtual card was rejected.,complaint
My disposable virtual card got rejected,complaint
Why was my virtual card rejected?,complaint
My throwaway virtual card won't work,complaint
My disposable virtual card wouldn't process my payment?,complaint
The virtual card won't work.,complaint
Is there a reason why my virtual card won't work?,complaint
Help me get the virtual card working.,complaint
I can't seem to get my virtual card to work.,complaint
My disposable virtual card isn't working.,complaint
I tried paying with my disposable virtual card earlier but it was rejected. What can I do to fix this?,complaint
I can't use my virtual disposable card,complaint
How do I get this damn virtual card to work?,complaint
I can't get the virtual card to work,complaint
This disposable virtual card is not working.,complaint
i cannot get virtual card to work,complaint
My virtual car is not working.,complaint
I cannot get my disposable virtual card to work,complaint
I cannot get my virtual card to function.,complaint
What is the reason I got rejected for using my disposable virtual card to pay a subscription to the gym?,complaint
I can't get my virtual card to work at all,complaint
I can't get my virtual card to work.,complaint
I can't do any business with this virtual card.,complaint
"I received my Virtual card information, but was unable to use it to make a purchase. Why did this happen and what can I do?",complaint
Why can't I make multiple payments with my virtual card?,complaint
Please help me.  My disposable virtual card won't work right.,complaint
Can I use my virtual card for recurring monthly payments?,complaint
virtual card won't work for me,complaint
My disposable virtual card won't work.,complaint
I tried to use my disposable virtual card to pay a subscription to the gym and it got rejected. Any ideas why?,complaint
Why is my disposable card not working?,complaint
What do I have to do to get the virtual card to work?,complaint
What do I do if my disposable virtual card doesn't work?,complaint
I can't make purchases with my virtual card.,complaint
I have a disposable card but it does not work?,complaint
My Virtual card was rejected for a car rental. Why?,complaint
The wrong exchange rate was applied to me while pulling out cash.,complaint
I got less cash because of the exchange rate.,complaint
Why is the fee for taking money out so high?  I feel I was overcharged and I would have never used this ATM if I would have known ahead of time.,complaint
I believe a wrong exchange rate was applied towards a cash transaction I made abroad.,complaint
"When I got my cash, the amount was not what it should have been, based on the exchange rate.",complaint
"I tried using a foreign currency at an ATM, but the ATM provided me an incorrect rate. Why is that?",complaint
"Over the holiday I withdrew cash from the ATM and it seems that I was severely overcharged. Had I known that I would be charged those fees, I would not have used the ATM!",complaint
I think when I withdrew money when out of country the exchange rate was wrong.,complaint
Why did my exchange rate change?,complaint
"Hello, in these holidays i have been overcharged on the amount i have withdrawn on one of your ATMs. I did not had any clue about the horrible charges otherwise i would not have withdrawn.",complaint
Can I make a withdraw in my home currency at an ATM? I'm on vacation and don't have cash with me. This is cause for a bit of concern. Is it possible to withdraw here without additional fees?,complaint
"I have made a withdraw from an ATM this last holiday, why is there such a high charge from this transaction?",complaint
The exchange rate is incorrect for my cash withdrawal transaction.,complaint
I think the exchange rate for my for my cash withdrawal is wrong,complaint
"When I got cash, the exchange rate applied was wrong.",complaint
"While abroad, I got cash, and the exchange rate applied is wrong.",complaint
I think I was charged a different exchange rate than what was posted at the time.,complaint
Foreign currency rates were put in wrong at an ATM i used.,complaint
"I was overcharged at an ATM while on vacation. I needed cash so I had to use it, but your charges are outregous and I wish I would have known beforehand.",complaint
The exchange rate for my withdrawal was wrong.,complaint
"Hi, I have withdrawn cash from the ATM on holiday and i guess withdrawal amount has been overcharged. I did it as i was not aware of these charges.",complaint
I withdrew  money from the ATM and was overcharged.  It said nothing about an extra fee.,complaint
I think the exchange rate was incorrect.,complaint
The exchange rate for the money I took out in a foreign country is wrong.,complaint
When I made a cash transfer abroad the wrong exchange rate was applied,complaint
what are weekend rates for getting cash,complaint
I believe I got a wrong exchange rate when I got cash.,complaint
The exchange rate was messed up from the ATM,complaint
"Do any of your machines provide cash from my home country? I don't have any money on me and I'm on holiday so I'm concerned. Also, will I be charged anything to do this?",complaint
"After I got my cash, I found out my exchange rate was wrong.",complaint
Can you check the exchange rate on a cash transaction I did overseas,complaint
"I was abroad and needed some cash, but I think the wrong exchange rate was applied to the transaction.",complaint
Why did you give me so little currency?,complaint
"I traded some of my money from my native country into an ATM to exchange for foreign currency, and the money I received was a different equating amount!",complaint
what are the exchange rates for getting cash,complaint
Someone may have made an error in figuring out the rate of exchange.  I should have received more cash than I did on my most recent withdrawal.,complaint
Is there extra fees for making a withdraw in a different country at a cash machine.,complaint
I had trouble with an incorrect rate being applied when using the ATM with foreign currency.,complaint
I didnt get the correct exchange rate for getting cash,complaint
Do you offer free ATM withdrawals of ones hometown currency while on holiday?,complaint
Can i get money in my home currency at some ATM ? As I am on holiday and bit concerned because i do not have any cash with me . Is it possible to withdraw without any additional cost.,complaint
I used the ATM to get money out and did not realize I would be charged as much as I was or I would not have done that!,complaint
I didn't get the right amount of  cash because of the exchange rate.,complaint
"Hello,  In my most recent ATM transaction, I didn't receive nearly as much cash as I thought I would - what is your exchange rate policy?",complaint
Using international ATMs messes up the exchange rate.,complaint
You've incorrectly calculated the exchange rate for my cash withdrawal,complaint
I was needing you to see if the exchange rate is correct from when i got cash,complaint
I did not get the right exchange rate while getting my cash out.,complaint
Why is the exchange rate different than expected on my transaction?,complaint
I think the bank made a mistake on the exchange rates,complaint
Is there a fee associated with using foreign exchange ATMs?,complaint
When I exchanged currencies the value of my money changed.,complaint
Can i get money back in my home currency at  ATM? As I am on holiday and bit concerned because i do not have any cash with me . Is it possible to withdraw without any additional cost.,complaint
The wrong exchange rate applied to my cash withdrawal.,complaint
I don't think the exchange rate was right.,complaint
I exchanged cash when traveling and the rate was incorrect.,complaint
what is the exchange rate when i get cash,complaint
I noticed my exchange rate was incorrect when I got cash.,complaint
Why is the exchange rate so high? This should have been a much higher amount of cash for that to apply.,complaint
Is it possible to use an ATM when I am not in the country and make a withdraw with out extra fees?,complaint
"This past holiday I made a withdraw at the ATM machine, and it seems I've been charged too much.",complaint
My exchange rate is wrong when I get cash.,complaint
Why did I only receive this much currency?,complaint
When I got cash the exchange rate was wrong,complaint
An overseas cash transfer did not work correctly,complaint
I didn't receive the correct amount of cash when I exchanged it overseas.,complaint
"I needed some cash while abroad, and I'm pretty sure the wrong exchange rate was applied.",complaint
I believe that the rate of exchange for my cash withdrawl is incorrect.,complaint
what is the correct exchange rate for getting cash,complaint
I'm unhappy with the exchange rate your cash transactions.,complaint
I think that the exchange rate for the withdrawal of my cash is not right.,complaint
The cash withdrawal I took seems to be off. The exchange rate is wrong.,complaint
I got cash abroad and the exchange rate applied is wrong,complaint
I wasn't applied the correct exchange rate when getting cash,complaint
"I need an accurate exchange rate, when I make my withdrawals.",complaint
Can I withdraw money in my hometown currency while on holiday without any additional fees?,complaint
Why is the exchange rate wrong for my cash withdrawal?,complaint
I noticed the exchange rate for cash withdrawal isn't right.,complaint
what is going on with my cash withdrawal? the exchange rate is wrong,complaint
When I was abroad the exchange rate for me was wrong.,complaint
What on earth is up with the exchange rate! This should have been a much higher amount of cash,complaint
Can the exchange rate change while I am in the process of making a withdrawal?,complaint
The exchange rate was wrong?,complaint
how come when i got cash the exchange rate was different than it should be,complaint
My rate is not right when I used my card in a different country's money.,complaint
How can I get money in my home currency while I'm traveling internationally? I wanted to take it out of a local ATM but am worried that I will get charged extra fees.,complaint
I got cash abroad and need to check the exchange rate,complaint
Can I get money in my home currency at an ATM? I'm on vacation and don't have cash with me. This is cause for a bit of concern. Is it possible to withdraw here without additional cost?,complaint
Can I make a withdraw in my home currency at an ATM? I'm on vacation and am a bit worried because I don't have cash with me. Is it possible to withdraw here without any additional costs or fees?,complaint
The amount of cash I requested to withdrawal did not match what I received when exchanged,complaint
I did not have the right exchange rate applied to my situation of pulling out cash,complaint
The exchange rate was different when I got cash,complaint
how come my withdrawal rate is wrong for my cash withdrawal,complaint
I had the wrong exchange rate applied to some cash I got abroad.,complaint
I believe my exchange rate is incorrect,complaint
I found the exchange rate for my cash withdrawal is wrong,complaint
The cash abroad exchange rate is applied wrong.,complaint
The ATM I used for foreign currency provided the wrong exchange rate.,complaint
what is the exchange rate for foreign ATMs,complaint
The exchange rate for me was wrong when I was abroad.,complaint
"Help me!  When I was abroad, the exchange rate was wrong.",complaint
My cash withdrawl has the wrong rate of exchange.,complaint
"While abroad I got cash, and a wrong exchange rate was applied.",complaint
I got money overseas and the exchange rate was wrong,complaint
the exchange rate I got for cash was wrong,complaint
The exchange rate for case abroad is applied wrong.,complaint
"When I received my money, it was not in the correct amount. The exchange rate was not what it should have been.",complaint
I tried withdrawing money in another country and the exchange rate was wrong.,complaint
I withdrew some cash and the exchange rate seems to be wrong.,complaint
I withdraw money abroad but I didn't get the right amount.,complaint
The applied exchange rate is wrong for the cash I got abroad.,complaint
I am reluctant to use ATMs international because I don't get an accurate exchange rate,complaint
I didn't receive the correct exchange rate when I got cash.,complaint
How did you arrive at the rate of exchange? I thought that I would get more cash.,complaint
I think the exchange rate for the cash I withdrew was wrong.,complaint
Can i get money in my home currency at my ATM ?I am on holiday and bit concerned because i do not have any cash with me .Is it possible to withdraw without any additional cost.,complaint
When I received my cash; they had my exchange rate incorrect.,complaint
I was given the wrong exchange rate when getting cash,complaint
I thought I was going to receive more currency?,complaint
While on vacation I used an ATM to get cash and was overcharged. These charges are ridiculous and had I known about them I would have never used it.,complaint
What is wrong with the exchange rate? This should have been a much higher amount of cash for that to apply.,complaint
"When I got cash, my exchange rate was off.",complaint
Please tell me how the exchange rate is determined. I was expecting more money for the transaction.,complaint
the exchange rate was different than expected,complaint
I think that there was an error in calculating the exchange rate.  I recently withdrew cash and received much less than expected.,complaint
what are the exchange rates for foreign currency ATMs,complaint
I'm upset because I got charged a ridiculous fee when making an ATM withdrawal over a holiday weekend.  It didn't notify me beforehand either or I wouldn't have ever done it.,complaint
"When I received my cash, the exchange rate was wrong.",complaint
"I was using foreign currency at an ATM, but the rate was typed in wrong.",complaint
"On my last trip, I received the incorrect exchange rate.",complaint
the exchange rate for my withdrawal is wrong,complaint
The exchange rate applied was incorrect when I was traveling outside the country.,complaint
Whats wrong with my currency exchange?,complaint
Can you please check the exchange rate when I was getting cash?,complaint
The exchange rate for my cash withdrawal was incorrect,complaint
The wrong exchange rate was used for my cash withdrawal,complaint
I'm looking for a machine of yours that will provide me cash from my home country. I went on holiday and don't have any cash on me. Will your machine charge me extra to do this?,complaint
I withdrew cash and I think the exchange rate is wrong.,complaint
How do you figure out the exchange rate? Can you explain why I got less money than expected?,complaint
I got cash and the exchange rate should have been different than it ended up being.,complaint
Rates were applied wrong while using foreign currency at an ATM.,complaint
I was charged an incorrect exchange rate for a withdrawal.,complaint
"My ATM transaction shorted me on cash, and I think the exchange rate was wrong. Did I receive the correct rate?",complaint
"I draw out money from your ATM during holidays, and was charged insanely. I wouldn't have done it, if i had a little sense about the shocking charges.",complaint
In a recent withdrawal I received less cash than I expected to receive.  Did someone make an error with the exchange rate?,complaint
When I got cash I believe that the exchange rate was wrong,complaint
The rate applied to my foreign currency at an ATM was incorrect.,complaint
I tried to use the ATM with foreign currency. The conversion rate applied was wrong.,complaint
I am perplexed. Why is it that I received an extremely wrong rate when I tried to use an ATM using a foreign currency?,complaint
I made an ATM withdrawal over the holiday and then later realized I was charged an exorbitant fee!  I never would've made this withdrawal if I'd known I'd be charged so much.,complaint
I am travelling and I tried to withdraw cash but didn't get what I was supposed to get.,complaint
I got some cash out of the ATM over the holiday and it seems that I've been grossly overcharged. I wouldn't have done that if I knew of these outrageous charges!,complaint
The exchange rate was wrong in the foreign country I got cash in.,complaint
The exchange rate for foreign ATM currency is wrong.,complaint
"Can I get money in my home currency at some ATM? I'm on holiday and am a bit concerned because I don't have any cash with me, it is possible to withdraw here already without any additional cost?",complaint
I think the exchange rate for the cash I withdrew wasn't correct.,complaint
The rate of exchange for my cash withdrawal is wrong.,complaint
"I have a question about ATM transactions. Can I take money out of an ATM when I'm traveling abroad? And, can I get the money in my home currancy?",complaint
you got the exchange rate wrong for my cash withdrawal,complaint
I withdrew cash abroad and the exchange rate applied is wrong.,complaint
You applied the wrong exchange rate while I was traveling outside the country.,complaint
Why was my cash withdrawal given the wrong exchange rate?,complaint
I think the exchange rate is wrong for my ATM withdrawal,complaint
What do you use disposable cards on?,support_request
How do I get a disposable virtual card as well?,support_request
"I want a disposable virtual card, how do I do that?",support_request
What are the disposable cards for?,support_request
I need a disposable virtual card. Please tell me how to order one.,support_request
What systems do you have in place for my security when using my card for everyday purchases?,support_request
Why use a disposable card?,support_request
How can I get disposable virtual cards?,support_request
Can you tell me about these disposable virtual cards?,support_request
Do you offer disposable virtual cards too?,support_request
can i get a virtual card online,support_request
How do I request a disposable virtual card?,support_request
How can I create a disposable virtual card?,support_request
When will you be taking orders for disposable virtual cards?,support_request
Who can purchase a disposable virtual card?,support_request
How does a disposable virtual card work?,support_request
What is the function of the disposable cards?,support_request
Do I need a disposable card?,support_request
Is there a disposable virtual card?,support_request
Please tell me how disposable virtual cards work?,support_request
how do I get a disposable virtual card?,support_request
Can you please explain disposable virtual cards for me?,support_request
How do I create a disposable virtual card?,support_request
Why would I need a disposable card?,support_request
What are the disposable cards used for?,support_request
What are these disposable virtual cards all about?,support_request
What is the process to create a disposable virtual card?,support_request
Will you tell me how I am supposed to use the disposable cards?,support_request
How about disposable virtual cards?,support_request
Please send me a disposable virtual card.,support_request
I want to make an online purchase but I don't want to use my credit card. Can you tell me how a disposable virtual card works and where I can apply for one?,support_request
What can I do with a disposable virtual card?,support_request
Do you have the option for a disposable virtual card?,support_request
What are disposable virtual cards?,support_request
I want a virtual card that is disposable,support_request
"I would like a disposable virtual card, could I get one?",support_request
Please can i get a disposable virtual card as well?,support_request
disposable virtual card can be ordered where?,support_request
Where do I get a disposable card,support_request
In what way can I use the disposable cards?,support_request
How can I go about getting a disposable virtual card?,support_request
how do the cards work?,support_request
I need to get a disposable virtual card?,support_request
How can I get a disposable virtual card?,support_request
Can I get a disposable virtual card?,support_request
How can disposable cards be used?,support_request
Please explain how I use the disposable cards?,support_request
Can you tell me more info about virtual disposable cards?,support_request
I need a disposable virtual card.,support_request
"Can you point me in the right direction of where to go to roder a disposable virtual card, I can't seem to find it.",support_request
What is the procedure for depositing a virtual card,support_request
can i get a virtual card,support_request
I would like to know more about what a disposable virtual card is?,support_request
Are there any disposable virtual cards?,support_request
Please tell me about disposable cards.,support_request
How would I use a disposable card?,support_request
How do I order a disposable virtual card?,support_request
Where do I order a disposable virtual card?,support_request
Can you provide me a disposable virtual card?,support_request
"The disposable cards, what are they for?",support_request
Can you help me get a disposable virtual card?,support_request
Can I order a disposable virtual card?,support_request
Are there virtual disposable cards?,support_request
Is it possible to get a disposable virtual card as well?,support_request
Can you tell me what are disposable cards for?,support_request
Can I use a disposable virtual card for any purchase?,support_request
What can you use the disposable cards for?,support_request
Where do I get a disposable virtual card?,support_request
How do I use disposable cards?,support_request
Can you tell me what the disposable cards are used for?,support_request
Is there a way to use this app with a disposable virtual card?,support_request
What are the uses for disposable cards?,support_request
Tell me more about getting a virtual disposable card.,support_request
How can I get a virtual card for a one-time transaction?,support_request
Can you tell me where I can order a disposable virtual card?,support_request
"I don't understand what a disposable virtual card is, can you help?",support_request
What are these disposable cards meant for?,support_request
What do the disposable cards do?,support_request
How do I receive a disposable virtual card?,support_request
Is there a disposable virtual card option?,support_request
Please explain how disposable virtual card work.,support_request
I'm not sure how disposable virtual cards work. Please help.,support_request
How do I use the disposable cards?,support_request
How do I know if i need a disposable card?,support_request
Am I able to order a disposable virtual card?,support_request
Can you tell me how to get a disposable virtual card?,support_request
How can I obtain a disposable virtual card?,support_request
Can you tell me where to go to get a disposable virtual card?,support_request
Is there any way i get a disposable virtual card as well?,support_request
I'm interested in learning more about disposable virtual cards.,support_request
How to a go about ordering a disposable virtual card?,support_request
I need a single use card for shopping online,support_request
"I need to deposit my virtual card, how do i do that.",support_request
What are the benefits of a disposable card?,support_request
What is the disposable card for?,support_request
I have heard about these disposable virtual cards but don't understand how they work.,support_request
The disposable cards - what are they for?,support_request
I think my top-up has failed.,complaint
Top-up is not working,complaint
My top up is not working,complaint
"My top-up hasn't gone through, what happened?",complaint
My top-up was rejected by an app.,complaint
For what reason did my top-up fail?,complaint
I can't add any more money.,complaint
Why won't my top up work,complaint
I topped up but the app denied it,complaint
My money I added isn't on my card.,complaint
"Hi, My card is getting declined continuously when i am trying to top-up. Request you to look into this issue or tell me any other alternatives.",complaint
My credit card was declined for top-up. Can you see if there is enough funds in my account?,complaint
Why did my credit card get declined for top up?,complaint
"Hello, there was an error while attempting top-up with my card this morning. I was able to use the card two days ago with no issues. Could you please assist?",complaint
"I've been trying to transfer funds to top-up my card, but the transaction is not going through.  Is there something I'm doing wrong?",complaint
Seems like my top-up has failed,complaint
I really need to top-up my card today urgently but my card keeps getting declined!! Can you please resolve this problem or try an alternative,complaint
"Hey, I attempted to top up my card today and for some reason it didn't work. When I did it the other way it worked just fine. Could you help me figure out why this is happening please?",complaint
I believe my top up has failed,complaint
I tried using my credit card with top up but it didn't work! I thought it was supposed to?,complaint
My credit card for was not approved for a top-up transaction.  What happened?,complaint
Why isn't my topup working?,complaint
My credit card did not go through. Can you see if it has insufficient funds?,complaint
Can I tell if my top off didn't work?  It doesn't seem to have.,complaint
"Hi, My card is getting declined during top-up. As it urgent, could you please resolve this issue, or guide me with other alternatives if any.",complaint
My top up is giving me problems. What is wrong with it?,complaint
I got my card a few days ago but am unable to top up. I'm thinking about closing my account because of this. What is going on?,complaint
Looks like my top up failed.,complaint
I urgently need to top-up my card but its getting declined. Please help me in this or advise with other options if any.,complaint
The top-up I ordered didn't process.,complaint
I don't think that my top-up worked.,complaint
Tell me why my topup wouldn't go through?,complaint
"I did a bank transfer to top up, but the money is not available.",complaint
What reasons would a topup fail?,complaint
"I tried topping up my account but it failed, can you help me?",complaint
Why has my top up failed?,complaint
"So my top-up failed, could you tell me why?",complaint
Why has my top-up failed?,complaint
I need to top-up my card today urgently but my card keeps getting declined!! Can you please resolve this problem or let me know if you have any alternatives,complaint
I tried to top up with my card but it was declined. I was able to a couple days ago and it worked. Is something wrong? Can you check it for me please?,complaint
Can you find out why my credit card didn't process payment? It was declined for top up so what's the deal?,complaint
How can correct Top up with the app to work correctly?,complaint
Is there any reason why my card didn't work when I tried to top up?,complaint
The app rejected my top up,complaint
My top-up didn't go through,complaint
Can you tell me why my top-up failed?,complaint
My credit card seems to have been declined for top up. Why is it not going through? Can you tell me what's going on?,complaint
My top-up didn't work.,complaint
My top-up never worked,complaint
It looks like my top up didn't work.  Why?,complaint
I topped up my card but the app rejected it.,complaint
"I attempted to top-up with my card this morning, but the transaction was unsuccessful. I received the card two days ago and was successful using it previously. Could you please help me?",complaint
I tried to top-up but it got denied.,complaint
My top up was denied,complaint
I think the top up failed,complaint
My credit card was just denied for top up! Can you tell me why this happened and what's going on?,complaint
My top up didn't go through,complaint
My top up has failed,complaint
Why is it failing to top-up?,complaint
I can't get the top-up to work! What's going on here.,complaint
How do I know if my top up worked?,complaint
Why can't I topup my account?,complaint
My top-up was declined,complaint
Why is my card being declined when I try to do a top-up? How can this be immediately resolved?,complaint
The app has rejected my top up.,complaint
"I attempted to top up my car today, it failed! I just got it a couple of days before and it worked then. What is going on with it?",complaint
Why was my top-up rejected?,complaint
My credit card got declined for top up! What's going on? Can you check on why it didn't go through?,complaint
My top up isnt working,complaint
Trouble with my top up,complaint
I'm confused as to why my top-up did not go through.,complaint
I added money but my top-up wasn't processed by the app.,complaint
I really need to top-up my card today urgently but my card keeps getting declined!! Can you please resolve this problem or let me know if you have any alternatives,complaint
"I have the funds, why can I not use my top-up?",complaint
"Hello, I trying to top up with my card today but it didn't work. When I tried last time it worked but today it isn't. Could you take a look at it for me?",complaint
Why are you keeping my money from me by declining my card? What is going on?,complaint
"I desperately need to top-up my card, so why is it being declined? Can you solve this for me? I need to use my card immediately!",complaint
Why did the app deny my top-up?,complaint
My top-up was rejected,complaint
Fix my top up,complaint
My top up doesn't work,complaint
I am having problems with a top-up.,complaint
What's the problem? My card keeps getting declined for top up. I need to know what is going on.,complaint
I was trying to top up my account and it isn't working,complaint
I believe my top up did not work.,complaint
I need help reapplying my top-up. It seems it isn't working.,complaint
Could you please recommend what I should do if my card keeps getting declined?  I planned to top-up today but I am unable to get it to work.  I need a fast solution to this problem.,complaint
My credit card transaction was declined for a loan payment.  Can you tell me why?,complaint
Why did the top-up fail?,complaint
I requested for a top-up but it has not reflected,complaint
"I tried to top-up, why didn't it work?",complaint
I tried to top up with my card but it's not working. I had just done this a couple days previously and it worked. Can you tell me what's going on here please?,complaint
I wanted to top up my account and it doesn't look like it worked,complaint
"My top-up does not seem to have worked, what  went wrong?",complaint
I'm not sure if my pop-up went through.,complaint
Top up did not work on the app.,complaint
I tried to top up but the app rejected it.,complaint
It does not appear that my message went through.,complaint
What if my top up didn't work?,complaint
I didn't see the money I added to my card.,complaint
The top up failed,complaint
I have been trying unsuccessfully to top-up my card.  Is the system down or not working properly?,complaint
I am having a huge problem with my card being declined and it's really important that I top-up today.  Would you please look into this further and let me know how I can get this fixed?,complaint
"My card keeps getting declined when I try to use it.  I would like to top-up, but it is not going though.",complaint
"I just topped up, and the app denied it.",complaint
Why did my top-up not work?,complaint
"Hi I've been trying to top up my card for the past day but it gets declined, I need it topped up urgently! Can somebody get back to me to resolve this or explain any different ways I can top up my card?",complaint
Please explain why my top-up didn't go through.,complaint
Can you tell me why my credit card was declined while trying to top-up?,complaint
I need information explaining why my top-up failed to go through,complaint
"Hi, I am experiencing problems while trying to top-up with my card. I have never experienced any problems doing this before. Could you please help me?",complaint
The top-up did not go through.,complaint
"I could not get a top-up to work, why?",complaint
I don't know why my credit card was declined while I was trying to top-up. Was it something on my end or was there something wrong with the top-up function?,complaint
Problems with my top up,complaint
why is my top up failing,complaint
"I tried again to top up my card after doing it a couple days ago when it had worked. Now, it doesn't seem to be working. Can you tell me what the deal is here please?",complaint
Top up keeps failing,complaint
"Hello, I tried to top up with my card, but it didn't work. I just got it a couple days before and it works fine. What's the deal? Can you check into this?",complaint
What was the issue with my topping up?,complaint
My topping up didn't go through.,complaint
Why would the app deny my top-up?,complaint
"I need to add more funds to my card today because it keeps being declined, and I need to use it immediately. Can you fix this or tell me alternatives?",complaint
Why has my top-up been denied?,complaint
I tried to charge my card but it was declined. A couple days ago I was able to charge it and it was accepted. Is something wrong? Will you double check for me please?,complaint
I could not get the top-up to go through,complaint
I can't access my money. Is it because somethings wrong with the top-up? I set it up correctly.,complaint
I was trying to top-up and my credit card was declined. Can you tell me why?,complaint
I topped up my account but the app failed to process it.,complaint
Looks like my top-up has been cancelled,complaint
My top-up is not working. Why is that?,complaint
"Um, my top up didn't work",complaint
"I need assistance finding out why I am unable to top-up my card, it keeps getting refused.  It is extremely imperative I get this resolved quickly.",complaint
I don't think my top up worked,complaint
I added funds to my account but the app didn't process it.,complaint
Why has my top-up not worked?,complaint
Why did my top-up fail?,complaint
is there a way to fix my top up,complaint
I tried to top up my account and it didn't work,complaint
Won't let me top my card up!! Who can get it sorted out for me? It's urgent! How do I find out what the problem is with my card and how else to top it up?,complaint
There has been a red flag on my top up.,complaint
Was there a problem with topping up?,complaint
"Hi, I tried to top up my card today and it did not work. I have tried it in the past and it worked just fine but it won't do it anymore. Can you help me out?",complaint
My top-up failed to go through.,complaint
I really need to top-up my card today urgently but my card keeps getting declined!! Can you please help me with this problem or let me know if you have any alternatives,complaint
help my money isnt showing up,inquiry
how do i see what i transferred,inquiry
Hello. Can you help figure out why the recent transfer from my UK bank account isn't showing up?,inquiry
I've made a transfer from France two days ago but I was wondering if international transfers take longer to arrive because it hasn't made it yet.,inquiry
After I transferred money the balance remained the same.,inquiry
Where is the money that I transferred.,inquiry
"About two days ago now, I made a transfer from France but it hasn't arrived yet. Is it possible that the international transfer just takes longer?",inquiry
Why is my balance the same after a transfer?,inquiry
How long will it take for a bank transfer to show up on my account? It's been a couple hours but I havnt seen anything yet. Also it's from a UK account if that makes any difference.,inquiry
The transfer I made isn't reflected in my balance,inquiry
Can you please check my UK Account to make sure everything went alright?  I made the transfer a couple of hours ago.,inquiry
"Hi, I am unable to see transaction in my account which i made couples of hours ago from my UK account. Please help me in this.",inquiry
"Hello I made a bank account transfer from the UK. The transfer was a couple hours ago, nothing has shown up yet.  Can you check to see if everything okay. Please.",inquiry
My balance didn't change after I transferred some money.,inquiry
I've transferred money into my account but the balance is the same,inquiry
Money that I have transferred hasn't arrived yet,inquiry
I made a transfer from France two days ago now but there hasn't made it there yet. Do international transfers take longer?,inquiry
I transferred money but the balance did not update.,inquiry
I am wondering about a transfer from a different country that doesn't show up yet?,inquiry
I just made a transfer from a UK account. How long does that typically take to show up? I just want to make sure it worked alright.,inquiry
I just made a transfer from France 2 days ago. It has not yet reached my bank. Is it possible it takes longer because it was an international transfer?,inquiry
Im going to need to make a transfer from a UK account but I need it to go through ASAP. Is that going to be possible or will it take forever?? Im hoping it will be a couple hours and not a couple weeks.,inquiry
How long before a bank transfer shows up in the account?,inquiry
How soon will my balance be updated to reflect my transfer?,inquiry
My transfer into my account isn't showing up.,inquiry
How can I fix my bank transfer to show up on my bank account?,inquiry
when does my balance update for a transfer,inquiry
There is a transfer not showing on my account.,inquiry
It is common for an international transfer to take 2 days or longer? I made a transfer from France 2 days ago and I have not seen it yet.,inquiry
I did a money transfer to my account and it is not showing there.,inquiry
I was wondering if international transfers take longer than normal because I made a transfer from France a couple of days ago and nothing has happened yet?,inquiry
What's the time frame normally for a UK account transfer? I just made one and it's not showing up anywhere. I want to be sure that everything is good.,inquiry
My latest transfer seems to be missing.,inquiry
Is there a longer processing time for international bank transfers?,inquiry
Balance hasn't been updated following a bank transfer,inquiry
Why isn't the transfer to my account showing up?,inquiry
Where is my money that I transfered?!,inquiry
"The other bank confirmed a transfer I made, but this account is not reflecting it yet.",inquiry
Why can't I see a transfer to my account?,inquiry
"Hi, I made a transfer from France two days ago and thought it would be here by now. Can you give me an update please?",inquiry
My balance doesn't include my latest transfer,inquiry
How long do bank transfers take to clear,inquiry
How long to UK transfers usually take? I made a transfer but it didn't pop up in my history yet. I just want to make sure it went through.,inquiry
I had transferred some money but the balance hasn't changed.,inquiry
My balance was not updated after transferring money.,inquiry
"For you, how long do transfers normally take from a UK account? I completed one just now but nothing appears. I just need to be sure everything is okay.",inquiry
Do international transfers take longer?? I made a transfer from France 2 days ago but it's still not there yet...,inquiry
I am still waiting for a transfer I did,inquiry
How long does it take for a bank transfer to show on my balance?,inquiry
I transferred some funds but I don't see it,inquiry
"How long do transfers to international banks take? I made one to france a couple of days ago, but it's still not there.",inquiry
The money that I have transferred hasn't arrived yet.,inquiry
How long do transfers take to show up in my account?,inquiry
How long does it take for a transfer to post,inquiry
My money hasn't been transferred yet.,inquiry
What is the normal time to make an international transfer? I made one a few days ago that still hasn't arrived.,inquiry
Tell me why my balance did not change when I tranferred cash.,inquiry
I completed a transfer that isn't showing up on my account.,inquiry
How long does transfers take?,inquiry
I did a transfer but the balance is the same.,inquiry
I made a transfer but my balance hasn't been updated,inquiry
I transfered my balance a while back.  Why doesn't my account reflect this?,inquiry
When will I see an updated balance after a transfer?,inquiry
I am still waiting on my bank transfer,inquiry
There is a missing transfer on my account,inquiry
After making a transfer from a UK account it's not showing up. How long do these transfers normally take for you? I want to be certain everything is all right.,inquiry
Can you check if my money has reached my account since it is not showing up yet?,inquiry
Why hasn't my money transfer shown up yet?,inquiry
Please check to see if the band transfer I made a while ago from my UK account has safely arrived.,inquiry
Where is the transfer to my account?,inquiry
"I made a bank transfer earlier from my UK account.  I don't see it yet, can you check the status?",inquiry
Why isn't my balance reflecting a transfer I did?,inquiry
"I made a bank transfer from my UK account today, but it's not showing.  Can you check status?",inquiry
How long do I need to wait to see an update after I make a bank transfer?,inquiry
Why isn't my balance updating?  I did a bank transfer and it isn't current.,inquiry
"Hello, can you please inform me about international transfers? I am expecting a transfer I made from France two days ago and would like to know when it will arrive.",inquiry
I added money through a bank transfer and it is not showing in my balance.,inquiry
when will the balance on my account change form a transfer,inquiry
What is the time frame that transfers normally take from a UK account? I just completed a transfer and nothing shows up. I need to know if everything is alright.,inquiry
I have transferred some money but the balance hasn't changed,inquiry
The balance does not appear to have updated.,inquiry
Why hasn't my account updated to reflect my current balance?,inquiry
Where is the transfer that I did?,inquiry
After transfering some money my balance hasn't changed.,inquiry
"How long does a transfer from a UK account take? I just made one and it doesn't seem to be working, wondering if everything is okay",inquiry
The transfer on my account is not showing up.,inquiry
When will my transfer come through?,inquiry
I haven't yet received money that I transferred,inquiry
"How long do transfers from a UK bank account usually take for you? I just made a transfer and I'm not seeing anything, wondering if it worked",inquiry
How long does a bank transfer take to show up in available funds?,inquiry
The balance has not been updated.,inquiry
"Although I transferred some money, it has not as of yet, arrived.",inquiry
I am wondering if International Transfers take longer. I a made a transfer from France two days ago and believed it would be here already. Please let me know when I will get it!,inquiry
I don't see any change in my balance.,inquiry
"I just transferred some money into my account and do not see it updated yet, can you assist?",inquiry
I can still see money in my account after making a payment,inquiry
I need to know if everything is okay here. After making a transfer from a UK account it doesn't show up. How long does this normally take to process?,inquiry
I made a bank transfer but it doesn't seem to have gone through?,inquiry
How long does it typically take to make a transfer from a UK bank? I just made one and it hasn't shown up in my account yet.,inquiry
"Hi. A couple hours ago I make a transfer from my UK bank account, but it hasn't shown up. Please, would you see what the delay is?",inquiry
Why hasn't my money transfer showed up yet?,inquiry
My transfer to my account is missing.,inquiry
MY transfer has still not appeared.,inquiry
Why is  my balance not updated?,inquiry
I'm wondering how long it takes for my money to get to me after a bank transfer.,inquiry
"Hi. About two hours ago I made a transfer from my bank which is in the UK, but I don't see it yet! Would you check what's going on with it, please?",inquiry
When does a UK transfer show up?,inquiry
I do not see the money I transferred into this account,inquiry
How long before transferred money shows up?,inquiry
How long do transfers take to go though,inquiry
"Can you tell me how long it would take, to make a transfer from France? I made one 2 days ago and its not there yet.",inquiry
I made a transfer from France a couple days ago and don't see the transaction yet. How long does an international transfer take?,inquiry
"Transferred to account is not successful, help please?",inquiry
My transfer is pending too long.,inquiry
Why isn't the transferred money there?,inquiry
"How long does an international transfer take? I made the transfer from France 2 days ago, but it is not showing up in my bank yet.",inquiry
My account balance has not updated to reflect my recent transfer.,inquiry
Why hasn't the money I transferred into my account shown up yet?,inquiry
"Bank transfer to account did not show up, please help?",inquiry
How long does it take for money to transfer?,inquiry
Where's the money I transferred into my account?,inquiry
Why am I still waiting for a transfer?,inquiry
Why is it taking so long to update my balance transfer?,inquiry
I transferred some money but it hasn't arrived yet,inquiry
I made a transfer a couple hours ago but my balance has not been updated. Why is this? Shouldnt this be instant?,inquiry
I made a transfer from my UK account a couple of hours ago.  Could you please make sure everything went alright.,inquiry
Where is the transfer to my account that I made?,inquiry
I've made a bank transfer but the money doesn't seem to be in my account.,inquiry
I can't see a transfer to my account I made.,inquiry
what amount of time does it take for a transfer to reflect and be available,inquiry
"When is my balance going to update, I just transferred some money",inquiry
When will the money from my bank transfer be available?,inquiry
I transferred some money but the balance stayed the same.,inquiry
Good afternoon. I made a transfer from my UK bank account.  I haven't seen anything on the account in the pass few hours. Please check the account to make sure everything is fine.,inquiry
I did a bank transfer and my balance isn't current.,inquiry
I want to be sure that everything is okay here. I just made a transfer from a UK account and it is still not showing up. How long does this typically take?,inquiry
I recently transferred money to my account when will it show up?,inquiry
I transferred money but the balance hasn't changed.,inquiry
"How long do tranfers from a UK account usuallt take for you? I just made a transfer and nothing shows up, so just wondering if things went ok",inquiry
Why is my transfer not showing,inquiry
Why didn't the money I transferred into my account get added to my balance?,inquiry
Help me find the transfer that I did.,inquiry
"I recently transferred some cash, but the balance has not changed.",inquiry
What's the normal time frame for a transfer from a UK account? After just making a transfer it doesn't appear at all. I need to know if things went okay.,inquiry
Can you see my new balance yet?,inquiry
How long does it take for money to transfer as my balance hasn't been updated,inquiry
How long do I have to wait for my bank transfer to appear in my account?,inquiry
How long does a transfer from the United Kingdom take? I haven't seen it show up yet in my bank account and want to make sure I get the transfer.,inquiry
Are bank transfers immediate?,inquiry
I transferred money to my account but it is not showing.,inquiry
What happened to the transfer I did?,inquiry
I transferred some money a couple days ago but haven't received it yet. How long should I expect to wait?,inquiry
How long does it take for money to reach my account?,inquiry
"I did a transfer to my account, but it hasn't shown up",inquiry
My account isn't showing a transfer I made.,inquiry
The funds I transferred are not in my account,inquiry
How long do bank transfers usually take?,inquiry
Hello I have a UK account.  Can you please check if everything is alright with it?  I made a transfer a couple hours ago but it doesn't show up yet.,inquiry
How long does a transfer from the UK account usually take? After completing the transfer it is not showing up. I need to know that everything I actually went okay.,inquiry
Can you tell me why the transfer isn't showing up on my account?,inquiry
Balance is not up to date.,inquiry
my transfer isn't there,inquiry
I made a bank transfer and the balance hasn't updated yet.,inquiry
Why wasn't my bank balance updated?,inquiry
How long do I have to wait until the transferred money shows up?,inquiry
A few hours ago I made a bank transfer from my UK account but I don't see that it has arrived.   Can you check and see if all is ok please?,inquiry
I can't see the transfer that I put in.,inquiry
When will my transfer process?,inquiry
"Is something wrong with my account, my balance didn't change after I transferred some money",inquiry
"It has been a couple of hours but I do not see my balance updated, can you help?",inquiry
What is the amount of time transfers usually take from the UK? I had just completed a transfer and nothing seems to be showing up so I need to be sure things are alright.,inquiry
Please help me with my card.  It won't activate.,support_request
I tired but an unable to activate my card.,support_request
I want to start using my card.,support_request
How do I verify my new card?,support_request
I tried activating my plug-in and it didn't piece of work,support_request
How do i activate my card,support_request
Can someone assist me with activating my card?,support_request
My card needs to be activated.,support_request
I was unable to activate my card.,support_request
Is my card ready for use or does it need activated and if so how?,support_request
Help me activate my new card.,support_request
Do I need a photo ID to activate a my new card?,support_request
"I just got my new card, how do I activate it?",support_request
Can I have my card activated?,support_request
i cant seem to activate card,support_request
It won't let me activate my card.,support_request
I tried activation my card and it didn't employment,support_request
I want to use my card. How do I activate it?,support_request
Activate my card,support_request
Can I get some help activating my new card?,support_request
Is my card activated?,support_request
I would like to activate my card.,support_request
Can I call to get my card activated?,support_request
How can I activate my new card? I didn't recieve any information with it about how to do so.,support_request
How do I activate my new card I just got?,support_request
will you be able to activate my card,support_request
Can I get some help to get me card activated?,support_request
I want to activate my new card.,support_request
What would II do if I wanted to activate my new card,support_request
What needs to be done to activate and use a card?,support_request
Can I activate my card?,support_request
I need assistance activating my card?,support_request
I need assistance with activating my new card.,support_request
How do I get my card active?,support_request
What do I have to do to activate my card?,support_request
What is needed to activate my card?,support_request
How can my new card be activated?,support_request
Can you activate my card pls,support_request
How do I turn on my new card?,support_request
Please assist me in activating the card.,support_request
Would you be so kind as to activate my card? Thanks,support_request
I tried activating my card and it doesn't work how do I solve this problem?,support_request
Can I activate my card with the app?,support_request
"I want to start using my card, how do I activate it?",support_request
What is the process to activate a card,support_request
"Hi, would you please activate my card?",support_request
What do I need for activation of my card?,support_request
"How do I activate my card, so that I can start using it?",support_request
I need my card activated.,support_request
I would like to be assisted with the activation of my card.,support_request
I just received my card and I'd like to activate it.,support_request
can you assist me in activating my card?,support_request
How do I activate my card to start using it?,support_request
Instructions for activating card,support_request
What do I need to do for the card activation?,support_request
"I am unable to activate my card, it won't let me.",support_request
When are you going to activate my card?,support_request
I need to activate my card.,support_request
How can I activate my new card?,support_request
What do I do to activate?,support_request
What steps do I have to take to activate my card?,support_request
"My new card just arrived, how can I activate it?",support_request
I am having trouble activating my card.,support_request
My card is not able to be activated how do I get it to work?,support_request
I'm not able to activate my card how do I fix this problem?,support_request
I cannot activate my card.,support_request
How can I activate the new card i got?,support_request
how long should i wait ti activate my card,support_request
How do I activate a card?,support_request
What is the procedure for activating this card?,support_request
My card needs to be activated asap,support_request
What is the most efficient way to activate my new card?,support_request
I couldn't complete card activation.,support_request
Who do I call to activate my new card?,support_request
"You can activate your card in a few seconds by going to account, hitting activate, and just following the directions.",support_request
Tell me what I need to do to activate my card.,support_request
What is the process for activating a new card.,support_request
My card activation is failing.,support_request
"I need to activate my card, how is that done?",support_request
I would like to activate my card what do I need to do?,support_request
I have my card now how do I activate it?,support_request
How long does it take to activate my card?,support_request
How do I activate my card so I can start using it?,support_request
Explain the activation method for this card,support_request
Can someone assist me with activating my new card?,support_request
What is the process for activating my new card?,support_request
I would like to have assistance with activating my card.,support_request
Tell me how to renew my new card?,support_request
My new card came in.  How do I activate?,support_request
How do I active this card?,support_request
what are the steps to activate my card?,support_request
I have a new card and need to activate it,support_request
I would like to get help from someone in your customer service department with assisting me with activating my card.,support_request
What are the steps that I need to take to activate a new card?,support_request
I tried activating my card and it didn't work,support_request
I need my card to be activated right now.,support_request
What information do I need to gather in order to activate my card?,support_request
what do i need to have with me to activate card,support_request
What am I going to need in order to activate my card?,support_request
Show me how to activate my card,support_request
I need more assistance with how to activate my card.,support_request
Can you tell me how I go about activating a new card?,support_request
My new card needs activating.,support_request
Where do I activate my card?,support_request
Do you know the process how to activate my card?,support_request
How can i make my card active?,support_request
Please help me with the activation of the new card.,support_request
Can you help me activate my card,support_request
My card activation attempt failed.,support_request
"I just got a new card, and I want to know how to activate.",support_request
Would it be possible to activate my card?,support_request
Card activation steps,support_request
What is the process for activating my card and using it?,support_request
I have a new card and I need to activate it.,support_request
Do I have to go somewhere to activate my card?,support_request
What do I do to activate my new card?,support_request
I just got a new card how do I get it to start working?,support_request
I need assistance to activate the card on my account.,support_request
I can't activate my card?,support_request
"My new card is here, what's the process for activating it?",support_request
Where can I activate my card?,support_request
How can I switch on my new card?,support_request
"With my new card, how may I activate it?",support_request
Help me activate my card.,support_request
"How long does it take to activate the card, as it does not look like its working?",support_request
"You can do that in just a few seconds. Go to account, hit activate, and follow the directions from there.",support_request
Card activation is not working. What do i do?,support_request
What identification is required to activate my card?,support_request
I need to do a card activation.,support_request
"I want to activate my card, how do I do it?",support_request
I want to activate the card.,support_request
I am planning activating my card was it possible?,support_request
The activation process for my card isn't working.,support_request
Could you please tell me how to activate my new card?,support_request
I need to actuate my card.,support_request
I need info on activating my card?,support_request
I would like my card activated.,support_request
How can I make my card ready to use?,support_request
Can I use my new card?,support_request
What steps do I have to go through in order to activate my new card?,support_request
I have a new card. How do I activate it?,support_request
"The activation process did not work, please help?",support_request
I just got my card and cannot get it to work.,support_request
"Just received my replacement card, what steps do i need to take to activate it?",support_request
"I want to use my card, how would I activate it?",support_request
How do I activate my new card,support_request
"What are the steps to activate the card, as it does not seem to work?",support_request
I just got my new card.  How can I activate it?,support_request
Please assist me with activation.,support_request
Where do I go to activate my card?,support_request
"If you to to account, hit activate, and follow the instructions, you can activate it in just a few seconds.",support_request
Is my new card activated?,support_request
Help my activate my card.,support_request
i cannot seem to activate card,support_request
What do I need to do in order to use my card I just got?,support_request
"My new card has arrived, what's the activation procedure?",support_request
How can my new card be renewed?,support_request
What is the proper way to activate a card?,support_request
How do I activate my card that just arrived?,support_request
What do you require for identity verification?,support_request
How can I prove I am me?,support_request
I need to verify my identity. How do I do that?,support_request
How do I verify my identity?,support_request
How do I verify my identity online,support_request
I'm not sure how to complete the identity checks process.,support_request
why must I prove ID,support_request
What am I going to need in order to verify my identity?,support_request
How do I prove I am who I am?,support_request
How and where can I find the identity checks?,support_request
What are the requirements to verify my identity?,support_request
What do I need to do to perform identity checks?,support_request
Show me how to verify my identity?,support_request
How recent do my documents need to be for verification?,support_request
Can you tell me what I need to do for the identity check process?,support_request
What documents are required for proof of identity?,support_request
What documents do I need to validate my identity?,support_request
Hi! What documents can I use to verify my identity?,support_request
what steps do you take to check identity,support_request
What will I need to verify my identity,support_request
How can I verify my identity?,support_request
What proof of identification is needed?,support_request
How do I perform identity checks?,support_request
What do I need for the identity verification?,support_request
Can you tell me what I need for identity validation?,support_request
What do you need for the identity verification,support_request
What documents do I need to get together to verify my identity?,support_request
How do I go through the identity checks?,support_request
What steps do I need to take for the identity checking process?,support_request
What are the steps to verify identity?,support_request
What is the identity verification process?,support_request
What are all of the different steps for identity checks?,support_request
Where do I go to fill out the identity form?,support_request
Please tell me how I verify my identity.,support_request
How can I prove who I am?,support_request
What works for identity verification?,support_request
What do I need in regards to identification?,support_request
Please tell me the steps to verify my identity.,support_request
What forms of ID do you need for identity verification?,support_request
Where can I verify my identity?,support_request
I'm not sure what I need to verify my identity.,support_request
Can you tell me what i need for the identity check?,support_request
What do you require to verify someone's identity?,support_request
What are the steps for identity checks?,support_request
How do I verify my ID?,support_request
If I don't have all my documents can they still verify my identity?,support_request
why do I have to show my ID,support_request
I don't know how to verify my identity.,support_request
Do I need any kind of proof for the identity check?,support_request
Can I get a full list of instructions for identity checks?,support_request
Let me know what the steps for the identity checks are,support_request
What do I need for the verification check?,support_request
Where do I go to verify my identity?,support_request
What needs to be provided for identity verification?,support_request
"I was told to verify my identity, how do I do that?",support_request
Can I use my social security card as a form of identity?,support_request
with what can I verify my identity?,support_request
what documentation do I need for the identity check?,support_request
How do I fill out the identity check?,support_request
What documentation do you accept for the identity check?,support_request
can i verify my identity i the app,support_request
What has to be done to verify my identity?,support_request
I have to verify my identity. What do I need to do?,support_request
What type of ID do you accept?,support_request
What do I need for the identity check?,support_request
"If I'm getting my identity verified, what all do I need?",support_request
Explain how to verify my identity?,support_request
What forms of ID work for verification?,support_request
What are the steps of verifying an identity?,support_request
Can I verify my identity?,support_request
Where can I go to find out how to verify my identity?,support_request
How do I validate my identity.,support_request
im worried about fraud how do you protect my account,support_request
What do you demand for identity verification?,support_request
"I'm trying to verify my identity but can't figure out how, what do I do?",support_request
What documentation is needed for the identity check?,support_request
Which documents do I need for this identity check?,support_request
What can I use to verify my identity?,support_request
What all is needed for the identity verification?,support_request
"For the identity check, do I need any kind of documentation?",support_request
What is needed for identity verification?,support_request
Tell me what the steps for the identity checks are,support_request
What are acceptable documents to prove my identity?,support_request
"For the identity verification, what do you need?",support_request
What documents do you need to verify my identity?,support_request
How do i change my identity?,support_request
Can I get information on the identity checks?,support_request
Where in the app do I go to verify my identity?,support_request
How can you assist on verifying my identity?,support_request
How do I go about verifying my identity?,support_request
why do I need to show ID,support_request
What do you require for identification verification?,support_request
What forms of ID should I use for verification?,support_request
What are the steps for the identity checks?,support_request
What ID do I need to verify my identity?,support_request
How do I complete the ID check?,support_request
How do you check my identity?,support_request
What documents do I need for the identity check?,support_request
What do I use to verify my identity?,support_request
What is needed for the identity verification?,support_request
"For the identity check, what kind of documents do I need to have?",support_request
What form of identification is accepted?,support_request
What is necessary for the identity verification?,support_request
what documents do i need to verify who i am,support_request
Which countries are you available in?,inquiry
Where are you cards supported?,inquiry
How do I get a card if I live in the US?,inquiry
Please list the countries you support.,inquiry
Are these cards available in europe?,inquiry
If I live outside of the UK am I still eligible for a card?,inquiry
Can I get a card in the EU?,inquiry
Can I use my card in Austria?,inquiry
Do you have to be in the UK to get a card?,inquiry
Can I use this all over the world?,inquiry
Can I get a card even though I live in the US,inquiry
Do you provide cards to people not in the UK?,inquiry
What countries are you located in?,inquiry
Which countries does your service work in?,inquiry
Which countries do you operate in,inquiry
From what countries can I use an account?,inquiry
Can the card be mailed to Europe?,inquiry
Who gets support?,inquiry
i live in portugal. do you operate here?,inquiry
I live in the EU - can I get a card?,inquiry
What countries do your accounts send and receive to?,inquiry
How do I get a card in the EU?,inquiry
How does a US resident go about acquiring a new card?,inquiry
Can you tell me the countries you operate in?,inquiry
As far as courtries go which ones are supported?,inquiry
May I get one of your cards?  I live in the EU.,inquiry
can i get a card if I live in the usa?,inquiry
What countries do you operate in?,inquiry
Where are you present globally?,inquiry
What are the countries that you operate in?,inquiry
Which countries are supported,inquiry
Is this open to residents of all countries?,inquiry
Is it possible to get one of your cards in the European Union?,inquiry
Are you located in other countries?,inquiry
"Although I am not located in the UK area, may i still receive a card?",inquiry
can usa residents get a card?,inquiry
What countries can I use my account in?,inquiry
What countries are you available in?,inquiry
Is it possible for a person who lives in the US to get a card?,inquiry
Are your cards supported in the EU?,inquiry
Are cards issued to people living in the US?,inquiry
In which countries does your app work,inquiry
Any chance of getting the card outside the UK?,inquiry
Which countries do you work with?,inquiry
I would like to know the countries you are offer services in?,inquiry
Can I get a card in the US?,inquiry
Can I get support?,inquiry
I don't live in the UK. Can I still get a card?,inquiry
Can you tell me what countries you offer support for?,inquiry
Can I use it outside of Europe?,inquiry
Can I apply for one of your cards if I live in the EU?,inquiry
can i get a card if i live in the US?,inquiry
What countries do your services support?,inquiry
Are cards available to those outside of the UK?,inquiry
Do you do business in the EU?,inquiry
Is it possible to get a card outside the UK?,inquiry
I live in Germany. Is that one of the countries you are in? What other countries are you in?,inquiry
What are the countries you have offices in?,inquiry
How do I sign up for a card if I'm in America?,inquiry
Will my new card work outside of the EU?,inquiry
Is it possible to get a card when i'm not in the UK?,inquiry
Can I get a card if I don't reside in the UK?,inquiry
"If I don't live in the UK, can I get a card?",inquiry
can I use it in any country?,inquiry
What countries are you issuing cards for?,inquiry
Can I get a card? I live in the US.,inquiry
I would like to get your card in EU. Is that possible?,inquiry
Do you offer cards for those in other countries?,inquiry
"I have my residency in the US, but I would love to get a card.",inquiry
"I reside in the US, but I want a card.",inquiry
are there any country restrictions?,inquiry
How do I find out what countries you service and what countries you do not?,inquiry
what countries can i use my card in,inquiry
What countries can I use your services?,inquiry
I live in the EU.  Can I order one of your cards?,inquiry
Where can I get a card in the EU?,inquiry
Can I get a card that works in other countries like Africa and Indonesia?,inquiry
Are you available in my country?,inquiry
How many countries do you work in?,inquiry
Are you only able to get a card if you're in the UK?,inquiry
Which countries do you support?,inquiry
How do I know which countries you provide service in?,inquiry
Please tell me how to get a card if I reside in the US.,inquiry
What countries have access to this service.,inquiry
"I live in America, but I would like a card.",inquiry
Do you issue cards for someone living in the US?,inquiry
Is this card available to Americans?,inquiry
Can I get a card although I'm not in the UK,inquiry
"If I don't live in the UK, can I still get a card?",inquiry
Is there anywhere  In the  Eu  this card can not be delivered in,inquiry
"I'm not in the UK, but can I still get a card?",inquiry
In which countries can I get a card?,inquiry
Can someone in the US have a card?,inquiry
Can I have a card even if I am not living in the UK?,inquiry
You operate in which countries?,inquiry
i want to get a card but i live in the US,inquiry
What are your supported countries?,inquiry
where do you have locations at,inquiry
Do you support countries other than mine?,inquiry
Do you support all countries?,inquiry
Can you tell me the countries you provide support for.,inquiry
"I live in the EU, can I get one of your cards?",inquiry
Can an American resident apply to get a card?,inquiry
What countries can I use the card in?,inquiry
I need a new card and I live in the United States.,inquiry
Supported countries,inquiry
What are the countries you support.,inquiry
Which countries are you in?,inquiry
Where in the European Union can I get a card?,inquiry
I am in the EU. Can I get one of your cards?,inquiry
I live in the UK. Can I get a card?,inquiry
"I need to get a card, but I live in the US.",inquiry
I am not in the UK can i get a card?,inquiry
Which countries do you currently support?,inquiry
Is it possible to get one the your cards in the EU?,inquiry
"I want a card, but I'm not in the UK- can I get one still?",inquiry
Are your cards available in the EU?,inquiry
I'm in the EU. Can I get one of your cards?,inquiry
Is this card available to United States Residents?,inquiry
can I use it all over the world?,inquiry
Do you work in Greece?,inquiry
What countries do your accounts support?,inquiry
I live in the US and I would like to get a card. How do I go about getting one?,inquiry
I just moved to the US how do I get a card?,inquiry
You provide support in what countries?,inquiry
What countries are you supporting?,inquiry
What countries are getting support?,inquiry
Are cards available in the EU?,inquiry
Which countries are represented?,inquiry
adjust your language setting to english,support_request
change and set your language setting to english,support_request
set your language setting to english,support_request
make your preferred language english,support_request
"i would like to have language set to spanish, please",support_request
please give me your responses only in french from now on,support_request
can we speak in english rather than zulu,support_request
i would like to change your language from portuguese to italian,support_request
change the response language to french please,support_request
what languages can i switch to for your responses,support_request
can you give me the answers in italian instead of english,support_request
i want us to speak to each other in spanish from now on,support_request
"switch the language for your responses, please",support_request
let's speak in mandarin instead of english,support_request
how can we start communicating in french rather than english,support_request
please change the language that you are responding in,support_request
how do i change the language that your responses are delivered in,support_request
i need to switch the language for your responses,support_request
i need to change language to spanish,support_request
fix my language to spanish,support_request
speak in the language english,support_request
i need to change my speaking to spanish,support_request
i want to switch speaking to french,support_request
replace my language to chinese,support_request
can you change your language to japanese,support_request
change your language to spanish please,support_request
can you translate that to french,support_request
please respond to me in spanish,support_request
can you speak to me using japanese,support_request
i would appreciate it if you could talk to me in french,support_request
do you know french,support_request
can we talk in french,support_request
can you talk to me in italian,support_request
can you speak to me in french,support_request
can you speak to me in chinese,support_request
talk to me in italian from now on,support_request
can i start talking to you in french,support_request
can you talk to me in french,support_request
can you talk in spanish,support_request
can i start talking to you in spanish,support_request
please talk to me in spanish,support_request
"can you understand me, if i start talking in italian",support_request
is it ok if i start speaking to you in german,support_request
can i give you instructions in japanese,support_request
talk to me in spanish from now on,support_request
can you talk to me in chinese,support_request
i am going to switch to greek,support_request
i want to use spanish as my language,support_request
i will be speaking chinese going forward,support_request
the language i am using will now be italian,support_request
i am changing over to italian now,support_request
is there an option to speak only in mandarin,support_request
let's go ahead and switch your language,support_request
i want to edit the language,support_request
is it possible to only talk in spanish,support_request
let me talk to you in greek,support_request
change the native language,support_request
can i speak to you in german,support_request
is there an option to change the language,support_request
i need to change the language to french,support_request
how can i adjust the spoken language,support_request
answer me in french,support_request
please respond in latin from now on,support_request
talk to me in italian,support_request
let’s chat using spanish,support_request
i need the language set to swahili,support_request
change the language you're using to american english,support_request
switch the language setting over to german,support_request
"change language to french, please",support_request
can you swap the language to afrikaans for me,support_request
i want you to address me in italian,support_request
i want you to speak in french,support_request
start talking in spanish,support_request
can you speak in french,support_request
i want to hear from you in german,support_request
change your language setting to german,support_request
alter your language to french,support_request
change your language prefrences japanese,support_request
change your language setting to chinese,support_request
alter your language choice to dutch,support_request
change your language,support_request
can i change your language,support_request
select a new language,support_request
i want to put you in a different language,support_request
let's change the language for you,support_request
set default language to english,support_request
you should respond in english,support_request
please respond in english,support_request
change your spoken language to english,support_request
change language setting to english,support_request
switch your language setting to english,support_request
i want your language changed to chinese,support_request
can you start talking to me in spanish from here on out,support_request
please speak to me in chinese,support_request
please make your language setting french,support_request
please speak german to me from now on,support_request
i need your language setting to be russian now,support_request
please change your language setting to spanish,support_request
i want your responses to be in french,support_request
"from now on, i want you to answer me using japanese",support_request
can you block my chase account right away please,complaint
i want my chase account blocked immediately,complaint
i need you to block my chase account immediately,complaint
can you put a block on my chase account right away,complaint
please block my chase account right away,complaint
what do i do to freeze my account,complaint
place a hold on my bank account,complaint
how can i stop transactions on my account,complaint
freeze my account immediately,complaint
block my monkey market right now,complaint
put a stop on my deposit account,complaint
stop any future processing on my savings account,complaint
put a hault on my savings account,complaint
"could you put a stop on my bank account, please",complaint
can you put a stop on my bank account now,complaint
"can you put a stop on my bank account, please",complaint
could you freeze my account,complaint
"could you freeze my account, please",complaint
can you put a stop on my bank account,complaint
"can you freeze my account, please",complaint
could you freeze my account now,complaint
can you freeze my account,complaint
could you put a stop on my bank account,complaint
do you mind putting a stop on my bank account,complaint
i would like you to put a stop on my bank account,complaint
please turn my account to frozen,complaint
please make my account a frozen one,complaint
please make sure my account is frozen,complaint
is it too much trouble to put a stop on my bank account,complaint
i would love it if you could put a stop on my bank account,complaint
i would appreciate it if you put a stop on my bank account,complaint
please set my account as frozen,complaint
please freeze my account,complaint
i need my account frozen,complaint
i'd like my account frozen,complaint
i would like my account frozen,complaint
i want my account frozen,complaint
i really want my account frozen,complaint
no payments on my bank account,complaint
turn off my bank account,complaint
stop all payments to my bank account,complaint
shut down my account,complaint
close out my account,complaint
turn off my account,complaint
i need to hold off on my account,complaint
plase hold my account for now,complaint
terminate the account,complaint
i am going to need a block put on my chase account right away,complaint
would you please put a block on my chase account right away,complaint
i would like a block put on my chase account asap,complaint
can you please put a block on my chase account quickly,complaint
i need a block put on my chase account right away,complaint
i need to put a freeze on my banking account,complaint
put a freeze on my bank account,complaint
freeze my bank account,complaint
can i freeze my bank account,complaint
i want you to immediatly block any further activity on my bb&t bank account,complaint
block my citibank account right away,complaint
add a block to my capital one bank account so it cannot be used any more,complaint
please immediatly block my presidential bank account right now,complaint
put a block on my amalgamated bank account right now,complaint
please put a stop on my back account,complaint
please put a block on my td ameritrade account now,complaint
i'd like a stop placed on my bank account,complaint
place a block on my capital one account right now,complaint
i'd like a block on my charles schwab account immediately,complaint
"i need you to place a stop on my bank account, thank you",complaint
place a stop on my bank account,complaint
i need you to freeze my account,complaint
i need you to block my mutualone account now,complaint
"help me freeze my bank account, please",complaint
i'd like to put a freeze on my bank account,complaint
block my chase account asap,complaint
can you please freeze my bank account,complaint
can you please put a stop on my bank account,complaint
pause my account,complaint
put a hold on my bank account,complaint
please do a stop on my bank account,complaint
stop payments from my bank,complaint
put a hold on my account,complaint
stop my account activity,complaint
please pause my banking actions,complaint
dont allow any action on my account,complaint
don't let payments go through using my bank account,complaint
please freeze my bank account,complaint
i want my bank account frozen,complaint
my bank account must be frozen,complaint
please ask the bank to freeze my account,complaint
i need to freeze my bank account,complaint
put a block on my chase account right away,complaint
put a hold on my chase account right away please,complaint
freeze my account,complaint
place a stop on my main account for me please,complaint
please put a block on my wells fargo account,complaint
put a hold on my bank account please,complaint
put a hold on my bank of america account right away please,complaint
can you notify the bank to put a stop on my account,complaint
can you put a stop on my account,complaint
i need a stop placed on my bank account please,complaint
can you put a block on my visa account right away,complaint
what's the nutritional info for spaghetti,inquiry
what's the nutritional info for pizza,inquiry
how healthy are potato skins,inquiry
how healthy is spaghetti,inquiry
share the nutrition info for brownies with me,inquiry
share the nutrition info for french fries with me,inquiry
what's the nutritional info for potato skins,inquiry
what's the nutritional info for lasagna,inquiry
how healthy are french fries,inquiry
share the nutrition info for spaghetti with me,inquiry
share the nutrition info for cake with me,inquiry
what's the nutritional info for french fries,inquiry
how healthy is tomato soup,inquiry
share the nutrition info for pizza with me,inquiry
what do you know to be the nutritional info for macaroni and cheese to be,inquiry
the nutritional info for macaroni and cheese is what,inquiry
can you read to me the nutritional info for macaroni and cheese,inquiry
do you know the nutritional info for macaroni and cheese,inquiry
can you remember the nutritional info for macaroni and cheese,inquiry
is it healthy to eat pizza,inquiry
is pizza healthy,inquiry
how healthy is pizza,inquiry
could pizza be healthy,inquiry
is pizza considered healthy,inquiry
"i'd like to know the nutritional content of eggs, please",inquiry
what's the nutrition content of chicken nuggets,inquiry
give me the nutrition facts for chicken breast,inquiry
what's the nutritional information for steak,inquiry
can you tell me the nutritional content of chicken nuggets,inquiry
what's the nutritional information of iceberg lettuce,inquiry
what kind of nutritional content do carrots have,inquiry
nutritional information for celery,inquiry
what are the nutritional facts of waffles,inquiry
can you tell me the nutrition info for pork sausage,inquiry
what's the nutritional info for an apple,inquiry
what's the nutritional info for chicken breast,inquiry
what's the nutritional info for a banana,inquiry
what's the nutritional info for a cheeseburger,inquiry
what's the nutritional info for a loaf of bread,inquiry
mashed potato's nutrition,inquiry
nutrition information of mashed potatoes,inquiry
what are the nutritional data for mashed potatoes,inquiry
are mashed potatoes good nutrition,inquiry
give me the nutritional information for mashed potatoes,inquiry
how healthy are apples,inquiry
i want to know if pizza is healthy,inquiry
can you tell me how healthy apples are,inquiry
are pasta dishes healthy,inquiry
do you know the nutrition facts for grapes,inquiry
i must know the nutritional info for grapes,inquiry
grapes have what kind of nutritional facts,inquiry
tell me the nutrition for grapes,inquiry
can you show me the nutrition facts for grapes,inquiry
i want to know the nutrition info for chicken nuggets,inquiry
tell me the nutritional information for chicken nuggets,inquiry
"nutrition information for chicken nuggets, please",inquiry
can you tell me the nutritional information for chicken nuggets,inquiry
i would like you to share with me the nutrition info for chicken nuggets,inquiry
i want to know how nutritious an avocado typically is,inquiry
can you give me nutritional info on oranges,inquiry
can you tell me how many calories are in an apple,inquiry
i would like to know how much fat is in tbsp of olive oil,inquiry
can you give the nutritional information for the pasta,inquiry
let me see the nutrition content of the chicken tacos,inquiry
i need to see the chicken salad's nutritional info,inquiry
i need to know all about the nutrition of the beef taco,inquiry
i want to see the nutritional content of the hamburger,inquiry
what sort of nutrients does a steak have,inquiry
what's the facts about nutrients in rice milk,inquiry
what type of nutrition does spaghetti have,inquiry
how many kinds of nutrients does a glass of rice milk have,inquiry
can you give me information about the nutrition facts for celery,inquiry
what's the nutrient make up of a plate of spaghetti,inquiry
what's the nutrient info for a donut,inquiry
what's the nutritional info for a ganola bar,inquiry
can you tell me about the nutrients in jello,inquiry
how many nutrients are there in a bowl of cereal,inquiry
i need to know how healthy meatloaf is,inquiry
what are the nutrition facts of grilled chicken,inquiry
what are the nutrition facts for macaroni and cheese,inquiry
please fill me in on the nutrition facts for shrimp scampi,inquiry
is spaghetti healthy,inquiry
tell me how healthy mac and cheese is,inquiry
please give me the nutrition facts for chicken parmesan,inquiry
how healthy is grilled chicken,inquiry
i want to know the nutrition facts for pizza,inquiry
do you have nutrition facts for cheerios,inquiry
where are the nutrition facts for cheerios,inquiry
how nutritious are cheerios,inquiry
where on the cheerios box are the nutrition facts,inquiry
does the box have nutrition facts for cheerios on it,inquiry
what are the nutrition facts for a mcdouble at mcdonalds,inquiry
how healthy are lunchables,inquiry
what are the nutrition facts for a medium popcorn at the movies,inquiry
what's the nutritional info for a subway chicken sandwhich,inquiry
what are the nutrition facts for a rodeo cheese burger at burger king,inquiry
how healthy is pho,inquiry
what's the nutritional value for a pizza lunchable,inquiry
how healthy is stax chips,inquiry
what's the nutritional info for a cup of noodle soup,inquiry
immediately the credit card company must be told that i lost my card from them,complaint
i lost my debit card and need it reported as lost,complaint
i can't seem to find my gold card and want it reported as lost,complaint
i lost my chase bank card and want it labeled as lost,complaint
can you report my td bank card as lost,complaint
i misplaced my visa and need it marked as lost,complaint
what do i do if my visa card got stolen,complaint
what should i do when my visa card is stolen,complaint
my visa card was stolen,complaint
my visa card got stolen,complaint
i think my visa card was stolen,complaint
my visa has been stolen by someone,complaint
someone stole my mastercade,complaint
my visa was stolen,complaint
my american express card needs to be reported as stolen,complaint
my discover card has been stolen,complaint
report lost card to discover company,complaint
report discover card as lost,complaint
how do i report a lost discover credit card,complaint
where to report lost discover credit card,complaint
report lost card,complaint
report a lost card here,complaint
please report my stolen card,complaint
"could you please help me, my card has been stolen and i need to report it",complaint
"my credit card has been stolen, please report it",complaint
"oh no, report my card, it's stolen",complaint
i would like to have my card reported as stolen,complaint
i need to report a card that's been lost but i dont know how,complaint
how can i report a card that has been lost,complaint
file a report for a lost american express card,complaint
help me report my lost mastercard,complaint
"i lost my card, how should i report that",complaint
what should i do if my card is lost,complaint
report my lost visa card,complaint
i lost my amex and need to report it,complaint
i have to report a lost visa card,complaint
walk me through the process of reporting a lost card,complaint
what can i do if my card is lost,complaint
my card is lost what do i do,complaint
my card is lost how do i report it,complaint
what must i do to report my card lost,complaint
can you help me report my lost card please,complaint
my card is lost please report it,complaint
i need to report that my card has been lost,complaint
i want you to repord my card as lost,complaint
"i lost my card, what do i do",complaint
i need to report that my card is lost,complaint
i need to replace my lost card,complaint
what do i do if i lost my card,complaint
how do i report a lost card,complaint
someone stole my discover card,complaint
my american saving bank was stolen,complaint
someone stole my discover credit card,complaint
someone stole my capital one credit card,complaint
my capital one credit card was stolen,complaint
my card is to be reported stolen,complaint
my stolen card needs to be reported,complaint
i need to report my stolen card,complaint
i have to report my card as stolen,complaint
i am obliged to report my stolen card,complaint
"i need to report my card as stolen, please",complaint
"i can't find my mastercard and i want to report it as lost, please",complaint
i can't find my visa card and i want to report it as lost,complaint
i can't find my mastercard and i want to report it as lost,complaint
i would like to report my card as stolen,complaint
"i can't find my visa card and i want to report it as lost, please",complaint
i'd like to report my card as stolen,complaint
"i'd like to report my card as stolen, please",complaint
"i can't locate my mastercard and i want to report it as lost, please",complaint
"i would like to report my card as stolen, please",complaint
"i need to report a stolen card, please",complaint
i think my card is stolen and needs to be reported,complaint
i would like to report a stolen card,complaint
"is there anyway, i can report my card being stolen",complaint
"my card is stolen, i need to report it",complaint
my new debit card is lost and i need to report it,complaint
my bronze card is missing i would like to report it as lost,complaint
i lost my purple credit card and need to report it,complaint
i lost my silicon valley card,complaint
i lost my commerce card and need to report it as lost,complaint
someone stole my card,complaint
i need help since someone stole my card,complaint
my credit card was stolen,complaint
i need to report credit card theft,complaint
who do i report card theft to,complaint
i want to report my card as lost,complaint
i need to report a lost card,complaint
what do i do to report a lost card,complaint
how do i report my lost card,complaint
help me report a lost card,complaint
can you report my lost discover card,complaint
report my card as lost,complaint
i lost my card how do i report it,complaint
"i lost my discover card, i want to report it",complaint
i want to report my discover card as lost,complaint
"i can't find my discover card, how do i report it",complaint
i can't find my credit card and i want to report it as lost,complaint
i can't find my insurance card and i want to report it as lost,complaint
i can't find my student id card and i want to report it as lost,complaint
"i need to report my card as stolen, who do i tell",complaint
do people like the donuts at tgi,feedback
are the donuts at tgi well reviewed,feedback
how are the donuts reviews at tgi,feedback
what are the comments on the donuts at tgi,feedback
are people recommending the donuts at tgi,feedback
does outback steakhouse have good reviews,feedback
does pizza hut have good reviews,feedback
does have good reviews have great reviews,feedback
does red robin have good reviews,feedback
so does outback steakhouse have good reviews,feedback
how good are the ratings for pizza hut,feedback
how good are the ratings for red robin,feedback
how good are the ratings for outback,feedback
how good are the ratings for papa john's,feedback
how good are the ratings for the olive garden,feedback
what are people saying about chipotle,feedback
tell me the reviews for chipotle,feedback
do people like chipotle,feedback
give me the reviews for chipotle,feedback
what are the ratings for chipotle,feedback
how good are the ratings for chic-fil-a,feedback
how good are the ratings for olive garden,feedback
how good are the ratings for longhorn steakhouse,feedback
does chic-fil-a have good reviews,feedback
how good are the ratings for outback steakhouse,feedback
how good are the ratings for applebees,feedback
does wendy's have good reviews,feedback
does mcdonalds have good reviews,feedback
does longhorn steakhouse have good reviews,feedback
what reviews does miyabi have,feedback
does applebee's have good reviews,feedback
how are the reviews for cracker barrel,feedback
are the reviews for mi casita good,feedback
are the reviews good or bad for burger king,feedback
tell me the ratings for the local denny's,feedback
does the bleu olive have decent reviews,feedback
how are the reviews for la loconda,feedback
how many stars does la vignette have,feedback
does the mediterranean grille have good reviews,feedback
have you heard how the enchiladas are at jose's taco shop,feedback
how does yelp report the enchiladas are at jose's taco shop,feedback
does ihop have good reviews,feedback
can you tell me if eating at outback's any good,feedback
what do people say about village inn,feedback
are the pancakes at ihop any good,feedback
how are the reviews for spaghetti at the olive garden,feedback
how's the lo mein rated at hun lee's,feedback
how's the sausage pizza at pizza hut,feedback
is mcdonalds a good place to eat,feedback
what's the reviews have to say about burger king,feedback
how are the burgers at carl jr's,feedback
are the chili's reviews any good,feedback
are the reviews for applebee's good,feedback
i want to know how the mcdonalds reviews are,feedback
tell me about the reviews for chilis,feedback
let me know how the outback steakhouse reviews are,feedback
how good are the ratings for per se,feedback
what are the reviews like for khin khao,feedback
how good are the ratings for the french laundry,feedback
how good are the ratings for chez panisse,feedback
how good are the ratings for peter luger steakhouse,feedback
what are the reviews like for mission chinese,feedback
what are the reviews like for zazie,feedback
what are the reviews like for bar tartine,feedback
what are the reviews like for la camelia,feedback
how are people liking the sushi at yakamoto,feedback
is there any opinions on the sushi at yakamoto,feedback
is the sushi well-received at yakamoto,feedback
at yakamoto how is their sushi,feedback
what is the sushi like at yakamoto,feedback
what are the reviews like at minnis,feedback
does buffalo wild wings have good reviews,feedback
tell me the reviews for bjs,feedback
what are the ratings about at pho king,feedback
how are the ratings like for buffalo wild wings,feedback
read some of the reviews for wing stop,feedback
does applebees have alright reviews,feedback
does bjs get good reviews,feedback
what are the ratings like for chilis,feedback
what do the ratings say about korean bbq,feedback
what do the ratings say for black bear diner,feedback
what are the reviews for mountain mikes,feedback
i need to hear reviews for panda express,feedback
what are the reviews like for black bear dinner,feedback
does chillis have good reviews,feedback
do people like the food at wendy's,feedback
are there any positive reviews for wendy's,feedback
what kind of reviews does wendy's have,feedback
are there any negative reviews for wendy's,feedback
what do people think about the sandwiches at wendy's,feedback
look up the ratings for olive garden,feedback
pull up the ratings for macaroni grill,feedback
tell me about the reviews for olive garden,feedback
are the reviews for chevy's any good,feedback
has ruby tuesday got good reviews,feedback
does chili's have good reviews,feedback
tell me how good ihop's ratings are,feedback
fill me in on the reviews for ruby tuesday,feedback
does ihop have positive reviews,feedback
what are reviews for ihop like,feedback
i want to know if there is meeting room available at 8,support_request
meeting room availability from 8:00 please,support_request
are there any meetings room available between 8:00 and 9:00 am,support_request
i want to check if there is any meeting room available between 8:00 and 10:00 am,support_request
tell me how do i schedule a meeting,support_request
show me how do i schedule a meeting,support_request
i want to know how do i schedule a meeting,support_request
meeting room availability at 8:00 please,support_request
i want to find out how do i schedule a meeting,support_request
do you know how do i schedule a meeting,support_request
can you schedule a meeting with steve at the office,support_request
"can you schedule a meeting with jessica at the office, please",support_request
"can you schedule a meeting with james at the office, please",support_request
how do i create a meeting,support_request
how can i create a meeting,support_request
how can i schedule a meeting,support_request
"can you schedule a meeting with steve at the office, please",support_request
can you schedule a meeting with james at the office,support_request
do you have a meeting room open from noon until 2:00 pm,support_request
i'd like to schedule a meeting room from 1:00 pm until 2:00 pm,support_request
can i book a meeting room from 2:00 pm to 3:00 pm,support_request
are there any meeting rooms free from 10:00 am until 10:30 am,support_request
what is your availability for conference rooms between one and two today,support_request
i want to schedule a meeting with tom for 6pm,support_request
add a new meeting with tom for 6pm,support_request
how can you schedule a meeting for me,support_request
can you schedule a meeting for me,support_request
schedule a meeting with tom for 6pm,support_request
i need to schedule a meeting,support_request
schedule a meeting for me,support_request
add a meeting with tom at 6pm,support_request
i need to set a meeting with tom at 6pm,support_request
would you schedule a meeting with carrie and lisa please,support_request
i need you to schedule a meeting with carrie and lisa,support_request
schedule a meeting with carrie and lisa,support_request
i want you to schedule a meeting with carrie and lisa,support_request
could you please schedule a meeting with carrie and lisa,support_request
i want a meeting to be scheduled,support_request
tell me how i can schedule a meeting,support_request
help me schedule a meeting,support_request
how does scheduling a meeting work,support_request
help me get a meeting set up,support_request
i need a meeting scheduled with bob for 7:00am on 9/11,support_request
get me a meeting with bill for 5:30pm tomorrow,support_request
i have to meet with sam at 9:00am in two days,support_request
set a meeting with tom for 5:30 tomorrow,support_request
i'm having trouble scheduling a meeting,support_request
put a meeting on my schedule with pam for 3:00pm on february 11th,support_request
are there meeting rooms available between 9-10,support_request
are there meeting rooms available between 7-9,support_request
are there meeting rooms available between 11-12,support_request
are there meeting rooms available between 4-8,support_request
are there meeting rooms available between 10-11,support_request
can you put in a meeting for the blue room on friday,support_request
can you sign me up for a meeting in the blue room on friday,support_request
i want to know if there are meeting rooms available between 9:00 am and 11:00 am,support_request
please help me schedule a meeting with john love at 9 am tomorrow,support_request
"between 9:00 am and 11:00 am, are there meeting rooms available",support_request
could you schedule a meeting with john smith at 1 pm tomorrow,support_request
i need you to schedule a meeting with bob brown at noon the day after tomorrow,support_request
can see you see if there are meeting rooms available between 9:00 am and 11:00 am,support_request
see if you can schedule a meeting with don southerland tomorrow at noon,support_request
"i need meeting rooms between 9:00 am and 11:00 am, are there any available",support_request
can you schedule a meeting at 10 am tomorrow with john smith,support_request
please tell me if there are meeting rooms available between 9:00 am and 11:00 am,support_request
can you schedule a meeting room for interviews on thursday,support_request
can you schedule a meeting with damon for 1,support_request
can you schedule a meeting with john for 12,support_request
can you schedule a meeting with steve for 5,support_request
can you schedule a meeting with george for 4,support_request
can you schedule a meeting with matt for 3,support_request
a meeting needs to be schedule and i need to know how,support_request
show me how to schedule a meeting,support_request
tell me how to schedule a meeting,support_request
schedule a meeting room for friday at 3pm,support_request
"at noon, schedule a meeting with saul",support_request
i'd like to pencil in a meeting with seth at 11am,support_request
what's the meeting room availability between noon and 2,support_request
set up a meeting with frank at 2pm,support_request
are there any open meeting rooms between noon and 1,support_request
book me a meeting room for 12pm on february 28th,support_request
are any meeting rooms open between 9 and 10,support_request
is there an open meeting room between 2 and 4,support_request
can you hook me up with a meeting room on saturday morning at 10am,support_request
i need to schedule a meeting with mae at 5pm,support_request
i'm going to need a meeting room on 9am on tuesday,support_request
i need a meeting room at 2pm on friday,support_request
i'm going to need to meet with scott at 1pm,support_request
is it possible to book a meeting room between 10 and 11,support_request
would you be able to help me with a meeting room on wednesday at 3pm,support_request
during afternoon is there a meeting room to use,support_request
is there a meeting room available between one and two,support_request
what is the availability of meeting rooms during the afternoon,support_request
how many rooms are available between 2 and 3,support_request
check if meeting rooms are free from 6 to 7,support_request
please find out if rooms are free from 1 to 2,support_request
are any rooms free from 12 to 1,support_request
are there rooms available between 5 and 530,support_request
"if i want to schedule a meeting, how do i do it",support_request
how is a meeting scheduled,support_request
can i make a reservation for redrobin,inquiry
is it possible to make a reservation at redrobin,inquiry
does redrobin take reservations,inquiry
are reservations taken at redrobin,inquiry
does redrobin do reservations,inquiry
can acero take reservation,inquiry
can you make reservations at hodak's,inquiry
tell me if per se in nyc takes reservations,inquiry
tell me if the cheshire takes reservations,inquiry
will qdoba take reservations,inquiry
does burger king accept reservations,inquiry
does gramercy tavern in new york accept reservations,inquiry
does acero in maplewood allow reservations,inquiry
does cielo take reservations,inquiry
find out if la tour d'argent in paris takes reservations,inquiry
does tony's in downton let you make reservations,inquiry
does gramercy tavern accept reservations,inquiry
does mcdonalds take reservations,inquiry
can you make reservations at steak 'n' shake,inquiry
will nobu take reservations,inquiry
do they take reservations at carrabbas,inquiry
do they take reservations at applebees,inquiry
do they take reservations at olive garden,inquiry
do they take reservations at buffalo wild wings,inquiry
do they take reservations at outback steakhouse,inquiry
i need to know if angelos takes reservations,inquiry
does applebees in trenton do reservations,inquiry
does luigi's take reservations,inquiry
please find out if napolis takes lunch reservations,inquiry
does hannahs in galloway take reservations,inquiry
does stanleys take brunch reservations,inquiry
tell me if luigis in brick takes reservations,inquiry
i need to know if capones does reservations in trenton,inquiry
does marios in brooklyn take reservations,inquiry
do you know if bottlenecks takes dinner reservations,inquiry
do you know if whether or not zeus does reservations,inquiry
can you let me if zeus accepts reservations,inquiry
i need to find out do you know if zeus does reservations,inquiry
please tell me does zeus do reservations,inquiry
can you tell me if zeus does reservations,inquiry
can i get a reservation at melting pot tomorrow,inquiry
what locations of applebee's take reservations,inquiry
can i get a reservation at champs,inquiry
where can i find jimmy john's reservations,inquiry
how many culver's take reservations,inquiry
is there evening reservations available in the eve,inquiry
do you know if bahama breeze does reservations,inquiry
do you know if ruth chris does reservations,inquiry
do you know if cheese cake factory does reservations,inquiry
do you know if benihana does reservations,inquiry
do you know if olive garden does reservations,inquiry
does the steakhouse on main st take reservations,inquiry
does sidetracks take reservations,inquiry
are reservations allowed at burger king,inquiry
does black rock take reservations,inquiry
can i make reservations at applebee's or no,inquiry
does buffalo wild wings do reservations,inquiry
does minnies cafe in modesto take reservations,inquiry
does bjs take reservations,inquiry
will they take reservations at chillis,inquiry
does pho king in ceres take reservations,inquiry
can applebees take any reservations,inquiry
does arbys in lakewood take reservations,inquiry
does minnis take reservations,inquiry
do they take reservations at bjs,inquiry
does buffalo wild wings take reservations,inquiry
does buffalo wild wings in concord take reservations,inquiry
will they take reservations at torris,inquiry
does black bear diner in tracy take reservations,inquiry
does chillis take reservations,inquiry
do they take reservations at bar tartine,inquiry
do they take reservations at mcdonalds,inquiry
do they take reservations at the progress,inquiry
does tartine in san francisco take reservations,inquiry
does cowgirl creamery in san francisco take reservations,inquiry
do they take reservations at state bird,inquiry
does nopa in san francisco take reservations,inquiry
does bar tartine in san francisco take reservations,inquiry
do they take reservations at arby's,inquiry
does pizzeria delfina in san francisco take reservations,inquiry
does iron skillet at the truck stop trake reservations,inquiry
does the zen garden in la take reservations,inquiry
does moes in la except rerservations,inquiry
does ruby tuesday accept reservations,inquiry
can i make a reservation at chevy's,inquiry
is it possible to make reservations in advance for macaroni grill,inquiry
is it possible to make reservations with famous dave's restaurant,inquiry
is it possible to make reservations at chili's,inquiry
does chili's take reservations,inquiry
can you tell me if ruby tuesday does reservations,inquiry
does olive garden take reservations,inquiry
do you know whether ihop does reservations,inquiry
does michael's accept reservations,inquiry
do they accept reservations at michael's,inquiry
can you make a reservation at michael's,inquiry
can i make a reservation at michael's,inquiry
does the restaurant michael's take reservations,inquiry
do they take reservations at mendy's,inquiry
do you know if outback allows reservations,inquiry
do they take reservations at red robin,inquiry
why is there a hold on my american saving bank account,complaint
i am nost sure why my account is blocked,complaint
why is there a hold on my capital one checking account,complaint
i think my account is blocked but i do not know the reason,complaint
can you tell me why is my bank account frozen,complaint
why is there a hold on my edward jones account,complaint
why am i locked out of my bank account,complaint
why in the world am i locked out of my bank account,complaint
what is the reason for frozen status on my bank account,complaint
check for why is my bank account frozen,complaint
i don't know the reason my account is blocked,complaint
find out for me why is my bank account frozen,complaint
can you find out why is my bank account frozen,complaint
why is there a hold on my discover account,complaint
tell me why am i locked out of my bank account,complaint
what is the reason i am locked out of my bank account,complaint
why is my account blocked,complaint
find out the reason why am i locked out of my bank account,complaint
i think my account is block but i am not sure why,complaint
why is there a hold on my charles swab account,complaint
my chase account has a hold why,complaint
what's the reason for a hold on my wells fargo account,complaint
can you find the reason for the block on my account,complaint
"there's a hold on my chase account, but why",complaint
tell me the reason there is a hold or block on my account,complaint
why does my credit union account have a hold on it,complaint
figure out why there is a block on my account please,complaint
why am i seeing a hold on my boa account,complaint
"my account has been blocked, but i have no idea why",complaint
why is there a block on my account,complaint
can you please unlock my bank account,complaint
please let me into my bank account,complaint
why cannot i take any money out from my bank account,complaint
what was the reason my bank account was frozen,complaint
who froze my bank account,complaint
who can i talk to right away about the current freeze on my account,complaint
my checking account has a hold on it and i need to know why,complaint
why is my bank account stopping all transactions from going through,complaint
i need to know why my bank account is blocking all of activity,complaint
can you find out what triggered a hold on my bank account,complaint
can i talk to someone about why there is a hold on my checking account,complaint
what caused a freeze to be put on my bank account,complaint
"my account has a hold on it and i can't access my funds, why",complaint
is there a reason that my bank account has a freeze on it,complaint
what would cause my bank account to be frozen,complaint
do you know why i can't log into my bank account,complaint
why can't i get into my account,complaint
did i do something to get my bank account frozen,complaint
was my bank account frozen for a specific reason,complaint
why are the funds in my bank account frozen,complaint
what would cause me to be locked out of my bank account,complaint
why am i unable to access my bank account,complaint
why is my bank account frozen,complaint
why would i have been locked out of my own account,complaint
can you explain to me why my bank account might be frozen,complaint
i am very confused about why or how my bank would lock me out of my account,complaint
why would the bank have frozen my account,complaint
do you know why the bank put a hold on my joint checking account,complaint
i don't understand why there is a hold on my retirement fund account,complaint
can you explain why there is a hold on my savings account,complaint
what's the deal with my bank account being locked,complaint
what reason could the bank have had for blocking my account,complaint
why would a hold have been placed on my checking account,complaint
why on earth would a block have been placed on my account,complaint
i'm confused about the reason for my bank account being frozen,complaint
i don't understand why i have been barred from accessing my own account,complaint
i don't understand why my bank account is frozen right now,complaint
how come i am being denied access to my bank account,complaint
do you know why my account appears to be blocked,complaint
i am confused because my account seems to have been blocked for no reason,complaint
i am very confused about the block that seems to have been placed on my account why is it there,complaint
how is it possible that my account has been frozen,complaint
how come a hold was placed on my 401k account,complaint
"could you please tell me, my wells fargo account, is there a hold and why",complaint
"i am unable to complete my order, why could there be a hold on my wells fargo account",complaint
"was a hold placed on my wells fargo account, and if so why",complaint
"in regards to my wells fargo account, why is there a hold",complaint
why was a hold placed on my wells fargo account,complaint
call my bank customer service number,complaint
why is my account locked,complaint
what's with the block on my bank account,complaint
why did my bank account freeze,complaint
why'd they put a freeze on my bank account,complaint
why is my bank account blocking me,complaint
why can't i access my bank account,complaint
i think my account is blocked,complaint
for what reason is my account blocked,complaint
can you tell me why there's a hold on my mutualone account,complaint
why don't i have access to my bank account,complaint
why isn't it letting me into my bank account,complaint
my capital one account has a hold; why,complaint
why does my visa account have a hold on it,complaint
why am i seeing a hold on my charles schwab account,complaint
tell me about the hold on my chase account,complaint
can you tell me why my bank account is frozen,complaint
do you know why my account is blocked,complaint
"help, my account is blocked",complaint
"help me please, my account is blocked",complaint
help me unblock my account,complaint
"my account is blocked, help me figure out why",complaint
i want to know my interest rate,inquiry
tell me my interest rate,inquiry
what interest rate am i paying,inquiry
my interest rate please,inquiry
how do i know the interest rate for my signature account,inquiry
how can i figure out my interest rate for my umpqua account,inquiry
how can i find my interest rate for my alliance account,inquiry
how can i figure out the interest rate for my columbia account,inquiry
how can i find the interest rate for my red river account,inquiry
what is the rate of interest on my savings account,inquiry
how much interest am i getting on my savings,inquiry
check the interest rate on my savings account,inquiry
tell me my current savings account's interest rate,inquiry
what's the interest rate on my savings,inquiry
what is my interest rate payment,inquiry
how do i figure out my intetest rate,inquiry
how to calculate my interest rate,inquiry
what is my intetest rate,inquiry
i must find the interest rate for my checking account,inquiry
i gotta find the interest rate for my checking account,inquiry
i would love to know the interest rate on my bank of america cd account,inquiry
i need to know the interest rate on my bank of america cd account,inquiry
what is the interest rate on my bank of america cd account,inquiry
i have to find the interest rate for my checking account,inquiry
i must know the interest rate on my bank of america cd account,inquiry
i really need to find the interest rate for my checking account,inquiry
i need to find the interest rate for my checking account,inquiry
i wanna know the interest rate on my bank of america cd account,inquiry
what is the interest rate i am receiving from the start of the year,inquiry
what's the interest rate i have from illinois national,inquiry
can you tell me what my interest rate from first federal is,inquiry
"x has given me an interest rate, what is it",inquiry
what's my interest rate from january,inquiry
i need the interest rate on my capital one account,inquiry
could you help me find the interest on my chase account,inquiry
i need help finding the apr on my aspire loan,inquiry
"hi, can you tell me the interest on my ira",inquiry
can you help me find the interest rate for my sba account,inquiry
where do i go to view the interest rate on my brighton account,inquiry
what do i need to do to look up my 1st republic account's interest rate,inquiry
tell me how to locate the interest rate for my jonah account,inquiry
what is the interest rate on my scotiabank account,inquiry
please tell me what i can expect my bank of america interest rate to be,inquiry
"if i'm using citibank, what is the interest rate",inquiry
what is the interest rate at chase,inquiry
what would the interest rate at wells fargo be,inquiry
i would like to know my chase interest rate,inquiry
what is my current interest rate,inquiry
what is my annual percentage rate,inquiry
do you know what the interest rate is on my account,inquiry
how percentage am i earning annually on my account,inquiry
what interest rate will i get from city national,inquiry
what interest rate will regions give me,inquiry
what is the best interest rate i can get from now on,inquiry
what is the interest rate i can get from the beginning of next year,inquiry
is there any info on my savings interest rate online,inquiry
is my savings interest rate too high,inquiry
i need to know my interest rate,inquiry
can i find out my checking interest rate online,inquiry
is my savings interest rate too low,inquiry
what is my interest rate for chase bank,inquiry
how are the interest rates at chase bank,inquiry
what is my credit card interest rate,inquiry
i want to know td banks interest rates,inquiry
how's my interest rate,inquiry
does my checking interest rate seem low,inquiry
what's the interest rate for my checking account,inquiry
what's td bank's interest rate,inquiry
can you tell me my current interest rate,inquiry
let me know what my interest rate is,inquiry
could you tell me my interest rate,inquiry
"what's my current interest rate, if you could look",inquiry
what's my interest rate,inquiry
what interest rate am i getting,inquiry
could you find my interest rate for me,inquiry
what interest rate am i getting from onewest bank,inquiry
what interest rate am i getting from citigroup,inquiry
what interest rate am i getting from chase,inquiry
will you tell me the interest rate,inquiry
can you tell me the interest rate,inquiry
will you tell me my interest rate,inquiry
would you tell me the interest rate,inquiry
how much is the interest rate for the account i have at bluebird,inquiry
how do i know what interest rate chase has,inquiry
let me know my ally interest rate,inquiry
on my chase bank account what is the interest rate,inquiry
i need to know my b of a interest rate,inquiry
can you tell me my interest rate,inquiry
find my interest rate,inquiry
what is my interest rate,inquiry
help me determine my interest rate,inquiry
what is the interest rate on my charles schwab checking account,inquiry
what is the interest rate on my chase slate credit card,inquiry
what is the interest rate on my barclay card arrival credit card,inquiry
what is the interest rate on my capital one credit card,inquiry
what is the interest rate on my bank of america credit card,inquiry
i need to know the interest rate that applies to my personal loan,inquiry
please tell me my current interest rate for my home equity line of credit,inquiry
what is the interest rate on my money market account,inquiry
can you please tell me the interest rate for cash advances on my visa,inquiry
the bill for water and electricity is how much,inquiry
what's my bill for water and electricity,inquiry
"for my water and electricity, how much is the bill",inquiry
how much is the bill for my water and electricity,inquiry
my water and electricity bill is how much,inquiry
what is the total amount that i owe to sony and verizon,inquiry
please tell me how much i owe sprint and how much i owe hsn,inquiry
tell me how much my verizon and comcast bill come to together,inquiry
how much in total do i need to pay cox and at&t,inquiry
please let me know how much my bills for comcast and sprint total,inquiry
what do my bills add up to,inquiry
how much do i owe in bills,inquiry
what's the balance on my bills,inquiry
read my bill balances,inquiry
how much are my bills,inquiry
find out what my water bill costs please,inquiry
how much is my electricity bill costing me,inquiry
find out the cost of my bill payments,inquiry
let me know the amounts i owe for my utilities and tuition bills,inquiry
how much money do i need to spend on bill payments,inquiry
can you tell me what i owe for this month's phone bill,inquiry
tell me the sum total of my water and electricity bills,inquiry
can you tell me the total cost of my bills please,inquiry
what is the total amount due on my electricity bill,inquiry
what am i being charged for my water bill,inquiry
tell me how much my cable bill is,inquiry
what is the total for my utilities bill this month,inquiry
how much do i owe for my gas and phone bills,inquiry
tell me what is owed for my water and gas bills,inquiry
i need to know the amounts due for my utilities and cable bills,inquiry
let me know how much money i will need to spend on paying bills,inquiry
please let me know how much my gas bill is,inquiry
i need to know the cost of the cable bill,inquiry
how much in total will i be paying for bills,inquiry
what do i owe for my utilities bill,inquiry
please give me the full balance on my water bill,inquiry
how much is the total due for my pgw gas bill,inquiry
what's the amount due on my latest sprint bill,inquiry
"i need the dollar amount due on my verizon bill, please",inquiry
can you tell me what the amount on my directv bill is,inquiry
remind me of the invoice total for my plumbing bill,inquiry
tell me what amount i have to pay for my directv bill please,inquiry
i need to know my bill total for my verizon payment due this month,inquiry
please find the current balance on my con edison bill,inquiry
what's the balance on my sprint account,inquiry
how much is my xfinity bill this month,inquiry
what's the cost of my dte bill plus my electricity bill,inquiry
my dte bill is how much,inquiry
what is my dte bill this month,inquiry
how much are my electric and heating bills,inquiry
my dte and water bills are how much,inquiry
my water bill is how much this month,inquiry
how much is my electric bill for this month,inquiry
how much are my xfinity and dte bills,inquiry
how much are my cable and water bills,inquiry
how much do i have to pay on my bills,inquiry
can you check the balance on the water bill,inquiry
how much do i have to pay for my cable bill,inquiry
how much do i owe on my cable bill,inquiry
can you find out how much i owe on my bills,inquiry
can you check and see how much i owe on my cable bill,inquiry
do you know how much i owe on my cable bill,inquiry
how much do i need to pay on my bills,inquiry
can you tell me how much i owe on my cable bill,inquiry
how much is my comcast bill,inquiry
what is the amount on my comcast bill,inquiry
what is the my comcast bill this month,inquiry
what do i owe bill wise,inquiry
do i have any due bills and how much,inquiry
do i still owe any bills,inquiry
how much do i have to pay for my bills this month,inquiry
do i owe any bills,inquiry
what's the final amount of all the money i need to pay in bills this month,inquiry
add all my bills for this month and tell me the total,inquiry
what's the sum of all i owe on bills this month,inquiry
what's the total i owe on all my bills,inquiry
what's the water bill,inquiry
how much are all my bills combined,inquiry
what's my mortgage payment going to be this month,inquiry
what do i owe on the car this month,inquiry
how much are utilities,inquiry
how much is my gas bill,inquiry
how much is my internet bill,inquiry
how much is my cable bill,inquiry
how much is my rent,inquiry
how much is my cable bill for,inquiry
how much is my current water bill for,inquiry
how much is my electric bill for,inquiry
how much is my water bill for,inquiry
how much is my current cable bill for,inquiry
what is the amount on my water bill,inquiry
how much do i have on credit card bill,inquiry
what is the balance on my bills,inquiry
what is my domain name bill,inquiry
how much is my groceries and gas bill,inquiry
what is the cost of water and electric this month,inquiry
what is the amount of balance i have to pay on my bill,inquiry
how much do i owe on bills,inquiry
how much on bills to i have to pay,inquiry
what is my email subscriction services bill,inquiry
i am ready now to cash in on the many credit card points i have saved up,support_request
i have credit card points but don't know how to use them,support_request
walk me through the best ways to use my credit card points,support_request
i am ready now to use some of the credit card points i have saved,support_request
i want to hear more about how i can use my credit card points,support_request
how can i cash in the rewards i earned with my visa card,support_request
walk me through the process of cashing in on credit card points,support_request
i would like to use my credit card points,support_request
do i have enough credit card points to redeem a new appliance,support_request
i would love to redeem some smart speakers with my credit card points,support_request
how can i redeem rewards earned through my amex card,support_request
how can i cash in on the rewards i earned through my american express card,support_request
could i redeem my credit card points on a new tv,support_request
can you help me figure out how to utilize my credit card points,support_request
can you explain to me how i ought to use my credit card points,support_request
i would like to use my credit card points to acquire a new laptop,support_request
i would like to redeem my credit card reward points,support_request
have i got enough credit card points to get a new tablet device,support_request
i have a lot of credit card points saved up and would like to start redeeming them,support_request
walk me through reward redemption from my barclay's card,support_request
explain to me how to cash in rewards for my mastercard,support_request
help me figure out redemption of my credit card points,support_request
how can i redeem the points i've earned with my credit card,support_request
i have a lot of points saved up from my credit card rewards but don't know how to redeem them,support_request
can you help me begin the process of redeeming credit card points,support_request
"i want to redeem points on my chase card, but how",support_request
how can i cash in rewards on my discover card,support_request
"if i want to redeem miles from my delta skymiles card, how do i do that",support_request
how can i cash in rewards on my chase card,support_request
how can i cash in the rewards i have earned on my amex,support_request
i need you to check if my credit card points are redeemable right now,support_request
call my credit card company and ask can i use my points,support_request
i want to know if i can redeem my credit card points now,support_request
i check my credit card company to see if my points are good to go,support_request
can you check with my credit card company and see if i can redeem my points,support_request
do i need a certain amount of points before i can redeem them,support_request
are there any steps i need to take to use my credit card points,support_request
if i want to use my credit card points what do i do,support_request
can i redeem my credit card points for anything,support_request
how many points do i need before i can redeem them,support_request
at what point balance can i redeem my points,support_request
do i have to contact someone to use my credit card points,support_request
do i have enough points to for a redemption,support_request
what do i do if i want to use my credit card points,support_request
how can i redeem my credit card points,support_request
what steps do i take to redeem my credit card points,support_request
can you tell me how to redeem my credit card points,support_request
"in order to redeem my credit card points, what should i do",support_request
what do i need to do in order to redeem my credit card points,support_request
do you think i could get a target gift card with my credit card points,support_request
is a walmart gift card one of the things i can use my credit card points on,support_request
let's use my credit card points,support_request
tell me how to use credit card points,support_request
my amex rewards; how do i get them,support_request
i'd like to redeem my credit card points,support_request
use my credit card points,support_request
am i able to redeem my credit card points for an amazon gift card,support_request
"if i want to cash in my american express rewards, how do i do that",support_request
cash in rewards for my visa card,support_request
how do i redeem my credit card points,support_request
what do i do to redeem credit card points,support_request
how can i cash in my credit card points,support_request
can i use my credit card points for gas,support_request
what do i need to do for my mastercard rewards,support_request
how can i go about cashing in rewards with discover,support_request
"if i redeem my credit card points, can i get a kroeger gift card",support_request
please inform regarding the procedure to cash in my rewards for my citibank card,support_request
please tell me the procedure to cash in my rewards for my citibank card,support_request
i need information regarding the procedure to cash in my rewards for my citibank card,support_request
tell me how i should cash in my rewards for my citibank card,support_request
what's the way to cash in my rewards for my citibank card,support_request
how do i cash the reward for first bankcard,support_request
how do i use my credit card points,support_request
i want to convert my credit card points,support_request
let me use my credit card points,support_request
how do i use reward for my first hawaiian bank,support_request
i want to utilize my credit card points,support_request
how do i utilize my credit card points,support_request
can i convert my credit card points to milage,support_request
can i use my credit card point on amazon,support_request
can i redeem my credit card points to cash,support_request
how do i use the reward for my bank of hawaii,support_request
i want to use my credit card points,support_request
what are ways to utilize my credit card points,support_request
i want to cash my credit card points,support_request
how do i cash the reward for city,support_request
how do i cash in my reward for chase,support_request
can i redeem my credit card on safeway,support_request
can i use my credit card points to make purchase,support_request
tell me how to utilize my card points,support_request
how do i get cash back for the rewards on my amex card,support_request
transfer my cash reward balance to my bank,support_request
how do i redeem my card points,support_request
what do i do to get cach back for points on my discover card,support_request
i want to redeem my card points for cash,support_request
i want to use the cash that my points have earned on my credit card,support_request
what's the procedure to get cash back rewards on my visa,support_request
tell me how to redeem my credit card points,support_request
how do i obtain the cash for the rewards on my hy-vee card,support_request
i want to cash out my credit card points,support_request
can you please order me more plastic bags,support_request
"i need you to order some more lysol for me,please",support_request
"i need some more lysol, could you order me some",support_request
i'm out of lysol could you order me some,support_request
could you please reorder me some lysol,support_request
will you order me some more lysol spray,support_request
order everything that's on my list for shopping,support_request
i want my entire shopping list ordered,support_request
i want to buy something,support_request
get my entire shopping list ordered,support_request
i want to make a purchase,support_request
take my shopping list and order all,support_request
send the order for my entire shopping list,support_request
add everything to my shopping cart,support_request
submit order for everything,support_request
buy everything on my list,support_request
please order everything you see on my shopping list,support_request
go shopping and order everything on the list,support_request
are you able to get my shopping list and order everything on it,support_request
could you get everything on my shopping list,support_request
i need everything ordered on my shopping list,support_request
can you buy me a toy car,support_request
i'd like to have everything on my shopping list,support_request
i do not have cookies so will you order me some more,support_request
get everything on my shopping list,support_request
i wanna buy a pair of shoes online now,support_request
i do not have flour so will you order me some more,support_request
i need everything on my shopping list,support_request
i do not have pizza so will you order me some more,support_request
i want everything on my shopping list,support_request
i don't have ice cream so will you order me some more,support_request
i am out of ice cream so will you order me some more,support_request
please get everything on my shopping list,support_request
i need you to order all the things on my shopping list,support_request
i want everything on my shopping list to be ordered,support_request
please order me everything that is on my shopping list,support_request
would you buy me a phone,support_request
i would like everything on my shopping list ordered,support_request
i would like you to buy me some paper plates,support_request
i'd like you to purchase me canned soup,support_request
i need you to buy a mouse for me,support_request
purchase a computer for me,support_request
i would like all of these things on my shopping list ordered,support_request
put in the order for everything on my shopping list,support_request
"please order some more cat food, i'm out",support_request
i'm ready to put in the order for everything on my shopping list,support_request
go ahead and order everything on my shoping list,support_request
"i need more cat food, please order some",support_request
"i'm out of cat food, order more",support_request
will you buy me underpants,support_request
"order some cat for me, i ran out",support_request
"order more cat food, i'm out",support_request
are you able to purchase underpants for me,support_request
can you go to amazon a repurchase my last purchase,support_request
please order me a 7lb bag of world's best cat litter from targetcom,support_request
submit the order for everything on my shopping list,support_request
can you buy something from walmartcom for me,support_request
can you purchase underpants for me,support_request
can you order underpants for me,support_request
can you order everything on my shopping list,support_request
i'm out of detergent so will you order me some more,support_request
i'm out of fabric softener so will you order me some more,support_request
i'm out of soap so will you order me some more,support_request
i'm out of toothpaste so will you order me some more,support_request
i'm out of razors so will you order me some more,support_request
i just used up my toothpaste and need you to order more,support_request
i'm making a purchase and need the help of ai,support_request
can you order more chapstick i am all out,support_request
i am currently out of q tips and need more ordered right away,support_request
can you order more printer paper,support_request
ran out of tissues and need you to put an order in for more asap,support_request
i need you to buy a laptop,support_request
i'd like to buy some cooking pans,support_request
i'd like to have everything on the shopping list,support_request
please buy me flowers,support_request
buy all the things on the shopping list,support_request
i want all the things on the shopping list,support_request
i need to buy everything on the shopping list,support_request
purchase me dog food,support_request
purchase all the things on my shopping list,support_request
i'm short on flour so place an order for me,support_request
i'm low on mouthwash so create an order for me,support_request
i'm lacking vitamins so order me more,support_request
i need more candy so could you order me a pack,support_request
i require another filter so can you order me another one,support_request
i'm out of shampoo so will you order me some more,support_request
i'm out of paper plates so will you order me some more,support_request
i'm out of conditioner so will you order me some more,support_request
i'm out of paper towels so will you order me some more,support_request
i need a replacement phone charger ordered online,support_request
can you have some new oakley's shipped to me,support_request
grab me a new belt on amazon please,support_request
order me a new usb cable on amazon,support_request
can you order me new ray bans,support_request
would you order everything on my shopping list,support_request
i need everything on my shopping list to be ordered,support_request
i want you to buy me a shirt,support_request
i want everything on my shopping list ordered,support_request
i am needing you to buy me some shoes,support_request
i want you to order everything on my shopping list,support_request
Show me photos of the bar I'm going to for Rand's birthday,inquiry
Does the View has reserved parking?,inquiry
How much is it to go to the top of Empire State Building?,inquiry
Give me the phone number of the place I'm going to today,inquiry
When is Rao's the most crowded?,inquiry
What's the phone number of the Dead Rabbit?,inquiry
Is there a parking at my hotel?,inquiry
How crowded is Per Se right now?,inquiry
What time does Pouring Ribbons open tonight?,inquiry
How crowded is the bar near my place?,inquiry
Is there wifi at the coffee place where I'm meeting with John?,inquiry
What's the address of the place where I was yesterday night?,inquiry
Is the Swan Oyster Depot cash-only?,inquiry
Is there a wifi at The Smile?,inquiry
Can I pay by credit card at Boom Boom Room?,inquiry
What's the phone number of my hotel in Chicago next month?,inquiry
Is Pates Et Traditions cash only?,inquiry
Are there good tips to know when going to the Modern?,inquiry
What's the price range for a dinner at Galli?,inquiry
How far is Frying Pan from the Highline Ballroom?,inquiry
Who is playing tonight at the Madison Square Garden?,inquiry
What's planned at Slim's tonight?,inquiry
Show me photos of Mondrian Soho,inquiry
What time does Employees Only close?,inquiry
I want to see photos of the place we're going to tonight,inquiry
What's happening this week at Smalls Jazz Club?,inquiry
Is there a children's menu at The Standard Grill?,inquiry
Show me the Butcher's Daughter's menu,inquiry
Give me the address of the biggest Wallmart in Boston area,inquiry
Where's Irving Plaza located?,inquiry
How expensive is the best French restaurant near work?,inquiry
How far is the NoMad Bar?,inquiry
How much does it cost to go to Disneyland?,inquiry
How far am I from the Guggenheim museum?,inquiry
Is there wifi at my Airbnb in London next week end?,inquiry
Are there activities for children at Hard Rock Cafe?,inquiry
Does the Butcher's Daughter serve vegetarian food only?,inquiry
Can I park at Gershwin Theatre?,inquiry
Give me the address of State Grill and bar,inquiry
Show me the menu of the restaurant I booked for tonight,inquiry
What are the opening hours of Please Don't Tell?,inquiry
What's Lori's home address?,inquiry
Where can I get tickets for a concert at Blue Note?,inquiry
Are there some tips to know when going to Battery Park?,inquiry
How much is a dinner at La Chine?,inquiry
Give me Steve's address in Manhattan,inquiry
Does Cafe Gitane have wifi?,inquiry
What's today's menu at The Water Club?,inquiry
When is it the quietest at Good Luck bar?,inquiry
Is there valet parking at Kang Ho Dong Baekjeong?,inquiry
Show me the cheapest cocktail bar near the hotel my sister stays in,inquiry
Find me a restaurant similar to the one I went to yesterday evening,inquiry
Show me the closest restaurants with all you can eat buffets,inquiry
Find me a 3 stars restaurant in Los Angeles,inquiry
I want to eat some fried chicken. Any suggestions?,inquiry
What's the closest pizza restaurant around here?,inquiry
Show me the top 5 French restaurants in Manhattan,inquiry
Where can I eat the best burger in Soho?,inquiry
Show me veggie restaurants nearby,inquiry
Find me a salad bar I can go to for my lunch meeting,inquiry
What's the best irish pub in hell's kitchen?,inquiry
Find a store near Sia's place where I can buy champagne,inquiry
Is there a place similar to Per Se in Williamsburg?,inquiry
Find the top 3 family attractions in Hollywood not far from Angie's place,inquiry
Find the best restaurants near my airbnb that serve brunch all day,inquiry
Find me a romantic restaurant that serves good expensive wine near my girlfriend's work,inquiry
Show me the best museums to visit near my London Airbnb,inquiry
Find me a brunch spot in Lower Manhattan,inquiry
Find me a coffee place similar to Starbucks that has gluten free food,inquiry
Find me the cheapest seafood restaurant near the Golden Bridge,inquiry
Find me a place that sells burritos in South Harlem,inquiry
What are the fanciest clubs in New York?,inquiry
Where is the nearest Starbucks?,inquiry
Find me a good expensive japanese restaurant near work,inquiry
Find a good fried chicken restaurant that is not a fast food,inquiry
Find me the closest theatre for tonight,inquiry
Show me the parks with swings and pony rides around my aunt's place,inquiry
Find me the finest sushi restaurant in the area of my next meeting,inquiry
Find me a table for four for dinner tonight,support_request
Book a table for today's lunch at Eggy's Diner for 3 people,support_request
Book a table at a restaurant near Times Square for 2 people tomorrow night,support_request
Book a table for friday 8pm for 2 people at Katz's Delicatessen,support_request
Book a table at Joan's on Third for my family reunion on Saturday,support_request
I'd like a table in a peaceful restaurant around Times Square,support_request
Book a table at Seven Hills for 6 people with a nice view,support_request
Book a table for 6 people at Mr Donahue's for tomorrow's lunch,support_request
Book a restaurant for 6 near my morning meeting tomorrow at 1pm,support_request
I want reservations to grab brunch for 5 in hells kitchen tomorrow,support_request
Book a table for Sophie and me at the Red Lobster tonight,support_request
Book a table for 3 people at a restaurant that serve tapas and wine for tonight,support_request
Book a table near my London hotel next Wednesday evening,support_request
Book me a table for 8:45pm at a restaurant with wifi near my Airbnb,support_request
Figure out if I can get a reservation at Ma Peche after the concert,support_request
Book a table for four people at Tapestry for 9pm tonight,support_request
Get me a spot at Ippudo for lunch,support_request
Book a table at the best chinese restaurant in town for today's lunch,support_request
Book a restaurant for brunch next Sunday,support_request
Book me a table for 2 people at the sushi place next to the show tomorrow night,support_request
Make a reservation for 4 people for today's lunch at Daniel,support_request
Book a table for four people at Mondrian Soho for 8pm,support_request
Get me a table at Din Tai Fung for the 4th of December at 12:30,support_request
Get me a table at a restaurant nearby that is not too crowded for tomorrow evening,support_request
Find me an outdoor table at Five leaves for 3,support_request
Get me a table at Delmonico's next monday at 8pm,support_request
We are a party of 4 people and we want to book a table at Seven Hills for sunset,support_request
I need reservations at Quince at 9:30,support_request
Make a reservation at Delmonico's on Saturday 8pm for 10 people,support_request
Book a table at an italian restaurant nearby for dinner with 5 people,support_request
Book a table at the nearest sushi restaurant for 2 for 1pm,support_request
Book me a table for 4 at Delmonico's around 8pm this friday,support_request
Is there a table for boozy brunch at around 11 nearby?,support_request
Need a table for lunch to eat steak near penn station,support_request
Get me a table at a restaurant near Emily's place for tomorrow 9pm,support_request
Book a table for 5 people at the restaurant I'm used to going to every week,support_request
Make a reservation for breakfast at Batter & Berries tomorrow,support_request
Get me a place near chelsea with good brunch cocktails tomorrow at 10,support_request
Book a table for two people at a restaurant near work,support_request
Table for a group of 12 near west village tomorrow? go!,support_request
I want a reservation for 5 at Alinea,support_request
Make a reservation for 4 people for today's lunch at a Starbucks nearby,support_request
Get me a table at a good deli near Mission Dolores Park for lunch,support_request
Please book a table at Delmonico's this evening for 3 at 8pm,support_request
I need a reservation for five people at Galli for friday night,support_request
"Can you make a reservation at a lebanese restaurant nearby, for lunch, party of 5?",support_request
See if there's a table outside for noon at that fried chicken restaurant I like,support_request
Book a table at Chops Lobster Bar for 5 people at 7:30pm,support_request
I want to find a reservation at an old red sauce joint at 6,support_request
Book a table for 3 people at the restaurant I went to last week,support_request
Make a reservation for 3 at the finest restaurant in the area where I was yesterday afternoon,support_request
I want a table in a good japanese restaurant near Trump tower,support_request
Table for two at Nobu New York tonight,support_request
Book a table at The Standard Grill for four people for the day after tomorrow at 8:30pm,support_request
Book for 4 people at Per Se for Tuesday evening,support_request
I want a table for friday 8pm for 2 people at Katz's Delicatessen,support_request
Need a table for 6,support_request
I want a reservation to get drinks after class tomorrow for 10,support_request
Book a table at an American restaurant for Thanksgiving,support_request
Book a table at Galli for 6 people tonight,support_request
Book for 4 at Nobu for tomorrow evening,support_request
Book a table for four people at La Chine for the 11th at 8pm,support_request
Book a table at Saddle Peak Lodge for my diner with friends tonight,support_request
Can I have a table at the Russian Tea Room for 4pm?,support_request
Book a table for 8 at Tavern on the Green for 8 pm,support_request
Need a table for 12 in 3 hours,support_request
Book a table for me and my girlfriend in a romantic restaurant for Valentine's day,support_request
Need a reservation for brunch for 5 in williamsburg near the bridge,support_request
Book me and my sister a spot at the milk bar place near the hotel she stays at in midtown,support_request
Book me a table for 4 at Delmonico's,support_request
Get a taxi to Emmit's Irish Pub,support_request
Get me a ride to the airport,support_request
Order a taxi for tomorrow 8am,support_request
Get a cab at my place right now,support_request
Order a taxi,support_request
I need a taxi for 6 to go to Audrey and Sam's wedding,support_request
Book an Uber to my next meeting,support_request
I need a taxi to catch my flight tomorrow morning,support_request
Book a cab,support_request
Book a taxi to go to Sebastian's,support_request
Find a taxi,support_request
I need a cab to go to work,support_request
I need a taxi in 5 minutes at 36 5th avenue,support_request
Book an Uber to home,support_request
Can you find me a ride at this hour?,support_request
Order a cab for 6 people,support_request
I need an Uber right now,support_request
Book me a ride at my current location,support_request
Order a cab at my mother's place to go to the LA stadium,support_request
Get an Uber to go to my dinner tonight,support_request
Book a Lyft car to go to 33 greene street,support_request
I want a taxi right now,support_request
Is there any Uber around?,support_request
Get a taxi to the nearest japanese restaurant,support_request
Order a cab at Shake Shack to go to the Empire State Building,support_request
Get a Lyft car at Scott's place,support_request
How do I go to Montauk avoiding tolls?,support_request
Directions to Disneyworld avoiding traffic,support_request
Show me the way to go to 33 Greene Street,support_request
Give me directions to my parents' place avoiding toll roads,support_request
Show me directions to my next meeting avoiding traffic,support_request
Quickest directions to go pick up my son at soccer practice,support_request
Show me directions to my yoga retreat avoiding the highway,support_request
Bicycling directions to Millenium park,support_request
Directions to La Guardia airport using Waze,support_request
Cycling directions to Chelsea Market,support_request
Cycling directions to my surf lesson at 10am,support_request
Show me the fastest itinerary to my Airbnb on a Friday night,support_request
Driving directions to Tavern on the Green,support_request
Transit directions to Barcelona Wine Bar,support_request
Navigate to Palo Alto avoiding traffic,support_request
Directions to JFK airport at 7am,support_request
How do I go back home?,support_request
Walking directions to my Christmas party with Citymapper,support_request
Get me directions to John's place if I leave at 6pm,support_request
Walking directions from home to my Halloween party stopping by a wine store,support_request
Directions to Tulsa with road 66,support_request
Show me the way to go to work,support_request
Give me transit directions from Grand Central to Brooklyn bridge,support_request
Navigate me to Empire State Building using the shortest way,support_request
Show me walking directions to MOMA,support_request
Get me directions to Las Vegas avoiding toll roads,support_request
Show me directions to Jersey City avoiding the highway,support_request
Show me the directions from the LA County Museum to Santa Monica,support_request
Directions to my beach house avoiding tolls,support_request
Show me directions to my hotel,support_request
Show me the fastest itinerary to go to Williamsburg,support_request
Fastest way to go to my next meeting,support_request
Directions to Joe's pub,support_request
I want to go to Boston with the quickest itinerary,support_request
Show me the way to Rand's birthday party by car,support_request
Should I expect traffic from here to Kennedy international airport?,inquiry
Any traffic problems to go to my dinner?,inquiry
Any accidents from my Airbnb to Golden Gate Bridge?,inquiry
Is there traffic from work to gym?,inquiry
Is there traffic on my way to the gym?,inquiry
How's traffic to go to my hotel?,inquiry
How's the road on the 11th avenue?,inquiry
I want to know if there is traffic to go to my upcoming meeting,inquiry
Is there traffic jam on 6th avenue?,inquiry
Any accidents to expect to go to my cousin's place?,inquiry
How's the traffic from here to Jo's place?,inquiry
Is there traffic on 8th avenue and west 14th street?,inquiry
Shoud I expect traffic between broadway and prince street?,inquiry
Is there traffic on the US 50 portion I'm going to take to go to my client meeting?,inquiry
Are there any accidents from home to work?,inquiry
Should I expect any traffic to go meet my friends tonight?,inquiry
Is there traffic jam from here to Brooklyn bridge?,inquiry
How's the traffic from here to Central Park?,inquiry
Is the road to work congested?,inquiry
Is there any traffic on US 20?,inquiry
Show me the forecast for New Orleans,inquiry
Will it be cloudy at my facebook event?,inquiry
What's the weather like at my parents'?,inquiry
Is the weather good for a walk today?,inquiry
Is it cold outside? ,inquiry
Is it going to rain tomorrow?,inquiry
What's the weather like at Jo's place right now?,inquiry
Can I walk to my next meeting?,inquiry
Show me the weather forecast for my upcoming trip to Los Angeles,inquiry
Will it rain in the next 30 minutes?,inquiry
"What's the weather like in Paris, New York and Chicago?",inquiry
What's the weather forecast for the rest of the week?,inquiry
What's the weather like from New York to Boston?,inquiry
How windy will it be tomorrow?,inquiry
Should I have an umbrella with me tomorrow?,inquiry
What will the weather be like at Jo's place this afternoon?,inquiry
Can I go hiking this afternoon?,inquiry
What is the temperature tomorrow morning?,inquiry
Is it cold outside?,inquiry
Should I take an umbrella to walk to my dinner?,inquiry
What will the weather be like from Home to Jo's place?,inquiry
What's the weather like in 3 days?,inquiry
What will the weather be like from 8am to 2pm in Central Park?,inquiry
What will the weather be like tomorrow morning?,inquiry
Can I take my bike to go to work today?,inquiry
What will the weather be like in London next week?,inquiry
Is it windy today?,inquiry
What's the weather like at work?,inquiry
Is it going to be sunny next week?,inquiry
I want the weather in Paris,inquiry
It is a beautiful day for a walk?,inquiry
What's it like outside?,inquiry
What will the weather be like when I land in Paris?,inquiry
Is it raining right now?,inquiry
What will the weather be like at my Airbnb this week end?,inquiry
Whats the weather like in Bordeaux?,inquiry
What's the weather like near my upcoming event?,inquiry
Will it rain tomorrow near my all day event?,inquiry
I need the weather at Jo's place around 8 pm,inquiry
What will the weather be like when I get out of my afternoon meeting?,inquiry
Show me the forecast for my upcoming weekend,inquiry
Should I take a rain coat today?,inquiry
Thank you for clarifying my doubts about the system notification and handling it with care.,appreciation
I appreciate your patience with my questions with the password reset and handling it with care.,appreciation
Huge thanks for your professionalism about the system notification which really helped a lot.,appreciation
I genuinely appreciate the prompt assistance related to the subscription update and being so courteous.,appreciation
So thankful for resolving my issue on the login difficulty and resolving it so smoothly.,appreciation
Huge thanks for the fast turnaround regarding the app settings and ensuring a smooth experience.,appreciation
Endless thanks for your consistent support with my recent order which made me feel valued as a customer.,appreciation
I'm grateful for the fast turnaround about the service interruption and making everything stress free.,appreciation
I'm really grateful for handling my concern so efficiently regarding the app settings and being so courteous.,appreciation
I appreciate your patience with my questions with the profile update and making everything stress free.,appreciation
Thanks so much for the smooth support experience with the payment clarification and resolving it so smoothly.,appreciation
Many thanks for following up so quickly with my recent order and being so courteous.,appreciation
Thank you for helping me sort this out with the payment clarification and providing such reliable service.,appreciation
I'm really grateful for clarifying my doubts regarding the app settings and ensuring a smooth experience.,appreciation
I truly appreciate your consistent support about the service interruption and taking the time to explain clearly.,appreciation
So thankful for your patience with my questions with the password reset and providing such reliable service.,appreciation
I want to thank you for the detailed explanation about the delivery question which really helped a lot.,appreciation
Huge thanks for your outstanding assistance with the recent transaction and going above and beyond.,appreciation
I'm grateful for your quick response with the recent transaction and delivering excellent service.,appreciation
I truly appreciate your patience with my questions regarding the account verification and going above and beyond.,appreciation
I genuinely appreciate addressing my request about the system notification and taking the time to explain clearly.,appreciation
Warm thanks for the prompt assistance about the system notification and making it simple to understand.,appreciation
I want to thank you for the fast turnaround regarding the support ticket which exceeded my expectations.,appreciation
I can't thank you enough for your attentive service with the upgrade inquiry and making everything stress free.,appreciation
I'm grateful for handling my concern so efficiently about the system notification and providing such reliable service.,appreciation
I deeply appreciate making the process easy regarding the technical glitch and taking the time to explain clearly.,appreciation
My thanks for the smooth support experience about the billing concern and making it simple to understand.,appreciation
I'm grateful for handling my concern so efficiently about the system notification and responding so professionally.,appreciation
I'm really grateful for making the process easy with the profile update and making it simple to understand.,appreciation
Thanks so much for your helpful guidance on the login difficulty which exceeded my expectations.,appreciation
I appreciate your helpful guidance about the service interruption and delivering excellent service.,appreciation
Thank you for clarifying my doubts about the billing concern and making it simple to understand.,appreciation
Thank you for the detailed explanation on the login difficulty which made me feel valued as a customer.,appreciation
Thank you for the detailed explanation about the system notification and handling it with care.,appreciation
Many thanks for guiding me through the process about the feature request which made a big difference.,appreciation
I'm very thankful for the prompt assistance regarding the app settings and making the whole process seamless.,appreciation
I'm very thankful for your consistent support about the system notification and making the whole process seamless.,appreciation
I sincerely value your helpful guidance regarding the app settings and taking the time to explain clearly.,appreciation
I truly appreciate taking care of this about the delivery question which made a big difference.,appreciation
Much appreciation for your patience with my questions about the service interruption which I truly appreciate.,appreciation
I truly appreciate your professionalism regarding my account access which really helped a lot.,appreciation
I deeply appreciate following up so quickly about the service interruption which really helped a lot.,appreciation
I deeply appreciate following up so quickly with the payment clarification and making everything stress free.,appreciation
My thanks for resolving my issue regarding the support ticket which made a big difference.,appreciation
Many thanks for the prompt assistance about the system notification and keeping me informed throughout.,appreciation
Thanks so much for your quick response related to the subscription update and making the whole process seamless.,appreciation
So thankful for the prompt assistance about the feature request which saved me a lot of time.,appreciation
Thanks so much for your outstanding assistance with the upgrade inquiry which saved me a lot of time.,appreciation
I deeply appreciate resolving my issue regarding the app settings and handling it with care.,appreciation
Much appreciation for taking care of this related to the subscription update and responding so professionally.,appreciation
I want to thank you for your consistent support regarding my account access and taking the time to explain clearly.,appreciation
I want to thank you for clarifying my doubts with the upgrade inquiry and ensuring a smooth experience.,appreciation
I'm very thankful for clarifying my doubts with the payment clarification and keeping me informed throughout.,appreciation
I'm very thankful for helping me sort this out regarding my account access which exceeded my expectations.,appreciation
I can't thank you enough for clarifying my doubts with the password reset which I truly appreciate.,appreciation
My thanks for the detailed explanation regarding the account verification and handling it with care.,appreciation
So thankful for your consistent support about the delivery question which exceeded my expectations.,appreciation
Warm thanks for following up so quickly with the recent transaction and resolving it so smoothly.,appreciation
I deeply appreciate clarifying my doubts about the feature request and offering such thoughtful support.,appreciation
So thankful for your patience with my questions with the profile update which made a big difference.,appreciation
Much appreciation for your outstanding assistance about the delivery question which really helped a lot.,appreciation
Thank you for your consistent support regarding the technical glitch and resolving it so smoothly.,appreciation
I truly appreciate the prompt assistance about the plan modification which I truly appreciate.,appreciation
Thanks so much for the detailed explanation about the feature request which exceeded my expectations.,appreciation
I appreciate your patience with my questions about the feature request which I truly appreciate.,appreciation
Thank you for the detailed explanation with the profile update and offering such thoughtful support.,appreciation
I want to thank you for the fast turnaround with my recent order and offering such thoughtful support.,appreciation
Thank you for your patience with my questions with the profile update which I truly appreciate.,appreciation
Warm thanks for making the process easy regarding my account access and making it simple to understand.,appreciation
My thanks for the smooth support experience regarding the technical glitch and offering such thoughtful support.,appreciation
I appreciate resolving my issue regarding the account verification and taking the time to explain clearly.,appreciation
I sincerely value the detailed explanation regarding the app settings and offering such thoughtful support.,appreciation
Thanks so much for your attentive service related to the subscription update and going above and beyond.,appreciation
A big thank you for following up so quickly about the plan modification which made me feel valued as a customer.,appreciation
I'm very thankful for handling my concern so efficiently about the feature request and making the whole process seamless.,appreciation
I want to thank you for resolving my issue with the payment clarification and handling it with care.,appreciation
A big thank you for your patience with my questions about the plan modification and making the whole process seamless.,appreciation
Much appreciation for your professionalism regarding my account access which exceeded my expectations.,appreciation
I'm very thankful for following up so quickly about the delivery question and responding so professionally.,appreciation
Endless thanks for your consistent support regarding the support ticket and making it simple to understand.,appreciation
Thanks so much for handling my concern so efficiently regarding the technical glitch and offering such thoughtful support.,appreciation
So thankful for taking care of this related to the subscription update and being so courteous.,appreciation
Thanks so much for the prompt assistance regarding the app settings and providing such reliable service.,appreciation
I truly appreciate making the process easy with the recent transaction and offering such thoughtful support.,appreciation
I can't thank you enough for handling my concern so efficiently about the delivery question and offering such thoughtful support.,appreciation
I sincerely value making the process easy with my recent order and handling it with care.,appreciation
Huge thanks for making the process easy about the delivery question and providing such reliable service.,appreciation
I'm very thankful for handling my concern so efficiently about the billing concern and making the whole process seamless.,appreciation
A big thank you for addressing my request regarding the app settings and keeping me informed throughout.,appreciation
I can't thank you enough for your professionalism regarding the app settings and making the whole process seamless.,appreciation
So thankful for your quick response about the delivery question and providing such reliable service.,appreciation
I appreciate the detailed explanation with the password reset and ensuring a smooth experience.,appreciation
I genuinely appreciate handling my concern so efficiently about the delivery question and delivering excellent service.,appreciation
I'm very thankful for making the process easy regarding the account verification and offering such thoughtful support.,appreciation
Warm thanks for the fast turnaround with the recent transaction and being so courteous.,appreciation
Thank you for making the process easy with the recent transaction and offering such thoughtful support.,appreciation
Endless thanks for the smooth support experience about the plan modification and making everything stress free.,appreciation
My thanks for following up so quickly with the profile update and making it simple to understand.,appreciation
Huge thanks for your patience with my questions with the password reset which saved me a lot of time.,appreciation
I deeply appreciate the prompt assistance on the login difficulty which really helped a lot.,appreciation
Endless thanks for the detailed explanation with my recent order and making the whole process seamless.,appreciation
I deeply appreciate following up so quickly regarding the refund process and providing such reliable service.,appreciation
Many thanks for your professionalism about the feature request and taking the time to explain clearly.,appreciation
Endless thanks for the smooth support experience regarding the refund process and resolving it so smoothly.,appreciation
Endless thanks for following up so quickly regarding my account access and ensuring a smooth experience.,appreciation
So thankful for your patience with my questions about the feature request and going above and beyond.,appreciation
I truly appreciate your helpful guidance about the delivery question and handling it with care.,appreciation
I genuinely appreciate your outstanding assistance regarding my account access and providing such reliable service.,appreciation
I'm very thankful for following up so quickly regarding the technical glitch which made me feel valued as a customer.,appreciation
Endless thanks for your consistent support regarding the app settings and keeping me informed throughout.,appreciation
I can't thank you enough for the prompt assistance about the delivery question and taking the time to explain clearly.,appreciation
So thankful for your professionalism related to the subscription update which saved me a lot of time.,appreciation
Huge thanks for your quick response with the upgrade inquiry and making everything stress free.,appreciation
Much appreciation for resolving my issue with the upgrade inquiry and providing such reliable service.,appreciation
So thankful for guiding me through the process related to the subscription update and taking the time to explain clearly.,appreciation
Thank you for your quick response regarding the app settings and offering such thoughtful support.,appreciation
So thankful for your outstanding assistance about the service interruption which exceeded my expectations.,appreciation
Much appreciation for your quick response with the payment clarification which made me feel valued as a customer.,appreciation
I deeply appreciate making the process easy with the password reset and being so courteous.,appreciation
Much appreciation for the fast turnaround regarding the app settings which really helped a lot.,appreciation
Warm thanks for making the process easy about the plan modification and offering such thoughtful support.,appreciation
A big thank you for following up so quickly about the delivery question which made a big difference.,appreciation
So thankful for taking care of this about the system notification and offering such thoughtful support.,appreciation
I genuinely appreciate your outstanding assistance about the system notification and making everything stress free.,appreciation
Thanks so much for the detailed explanation with the recent transaction and delivering excellent service.,appreciation
I want to thank you for the prompt assistance about the service interruption and providing such reliable service.,appreciation
Many thanks for your professionalism about the feature request and handling it with care.,appreciation
Many thanks for taking care of this on the login difficulty which exceeded my expectations.,appreciation
Many thanks for your professionalism regarding the account verification and taking the time to explain clearly.,appreciation
Many thanks for your consistent support with the upgrade inquiry and ensuring a smooth experience.,appreciation
I genuinely appreciate your helpful guidance regarding the app settings which I truly appreciate.,appreciation
Warm thanks for clarifying my doubts about the service interruption and making everything stress free.,appreciation
Thanks so much for addressing my request regarding the app settings and resolving it so smoothly.,appreciation
I can't thank you enough for making the process easy regarding the account verification which made me feel valued as a customer.,appreciation
Many thanks for helping me sort this out regarding my account access and ensuring a smooth experience.,appreciation
Endless thanks for your professionalism with the recent transaction which saved me a lot of time.,appreciation
I can't thank you enough for your professionalism about the feature request which exceeded my expectations.,appreciation
I'm really grateful for your outstanding assistance about the plan modification and offering such thoughtful support.,appreciation
Warm thanks for your professionalism with the password reset which made me feel valued as a customer.,appreciation
Warm thanks for addressing my request regarding the account verification which I truly appreciate.,appreciation
I appreciate the smooth support experience about the delivery question which made me feel valued as a customer.,appreciation
Thanks so much for clarifying my doubts related to the subscription update and handling it with care.,appreciation
I sincerely value your attentive service with the profile update which made a big difference.,appreciation
I sincerely value making the process easy with the recent transaction and responding so professionally.,appreciation
Thank you for your quick response with my recent order and resolving it so smoothly.,appreciation
Many thanks for taking care of this related to the subscription update and keeping me informed throughout.,appreciation
I'm very thankful for your outstanding assistance about the delivery question which exceeded my expectations.,appreciation
So thankful for your attentive service with the upgrade inquiry and taking the time to explain clearly.,appreciation
Many thanks for your helpful guidance regarding my account access and taking the time to explain clearly.,appreciation
I can't thank you enough for your attentive service with the recent transaction and responding so professionally.,appreciation
Warm thanks for your outstanding assistance regarding my account access and ensuring a smooth experience.,appreciation
I genuinely appreciate the fast turnaround regarding the support ticket which made a big difference.,appreciation
I can't thank you enough for clarifying my doubts with the profile update and going above and beyond.,appreciation
I'm very thankful for the fast turnaround about the system notification and making the whole process seamless.,appreciation
I deeply appreciate making the process easy with my recent order and responding so professionally.,appreciation
Thank you for your patience with my questions with the password reset and being so courteous.,appreciation
Thanks so much for your quick response regarding the support ticket and delivering excellent service.,appreciation
I'm very thankful for your helpful guidance about the delivery question and being so courteous.,appreciation
Endless thanks for your professionalism with the payment clarification and providing such reliable service.,appreciation
I genuinely appreciate your outstanding assistance with the recent transaction which I truly appreciate.,appreciation
I deeply appreciate the prompt assistance on the login difficulty and delivering excellent service.,appreciation
I genuinely appreciate the prompt assistance with the recent transaction and providing such reliable service.,appreciation
A big thank you for following up so quickly on the login difficulty which I truly appreciate.,appreciation
I truly appreciate resolving my issue regarding the refund process and resolving it so smoothly.,appreciation
Many thanks for clarifying my doubts on the login difficulty and providing such reliable service.,appreciation
I truly appreciate making the process easy regarding the refund process and ensuring a smooth experience.,appreciation
Huge thanks for your consistent support with the payment clarification and being so courteous.,appreciation
Huge thanks for the fast turnaround regarding the app settings and keeping me informed throughout.,appreciation
Thank you for taking care of this about the delivery question and providing such reliable service.,appreciation
Much appreciation for the prompt assistance with the profile update and handling it with care.,appreciation
I can't thank you enough for your patience with my questions with the payment clarification and making the whole process seamless.,appreciation
Endless thanks for your outstanding assistance about the system notification and responding so professionally.,appreciation
Endless thanks for your attentive service regarding the refund process and making the whole process seamless.,appreciation
I truly appreciate the smooth support experience regarding my account access and being so courteous.,appreciation
My thanks for resolving my issue about the plan modification and keeping me informed throughout.,appreciation
Many thanks for your consistent support regarding the technical glitch and providing such reliable service.,appreciation
My thanks for your outstanding assistance regarding the technical glitch and taking the time to explain clearly.,appreciation
Huge thanks for the prompt assistance with the payment clarification and taking the time to explain clearly.,appreciation
I can't thank you enough for the smooth support experience on the login difficulty and being so courteous.,appreciation
My thanks for resolving my issue with my recent order which I truly appreciate.,appreciation
Warm thanks for your quick response regarding the technical glitch which made me feel valued as a customer.,appreciation
I can't thank you enough for handling my concern so efficiently with my recent order which I truly appreciate.,appreciation
I want to thank you for the smooth support experience regarding the support ticket and making everything stress free.,appreciation
I'm really grateful for guiding me through the process regarding the app settings and making it simple to understand.,appreciation
I truly appreciate the fast turnaround regarding the support ticket and being so courteous.,appreciation
I truly appreciate helping me sort this out on the login difficulty and taking the time to explain clearly.,appreciation
I truly appreciate your helpful guidance related to the subscription update and taking the time to explain clearly.,appreciation
I appreciate making the process easy with the payment clarification which saved me a lot of time.,appreciation
Thank you for your consistent support with the recent transaction and making it simple to understand.,appreciation
I sincerely value the prompt assistance about the system notification and making everything stress free.,appreciation
I deeply appreciate helping me sort this out regarding the support ticket and resolving it so smoothly.,appreciation
Endless thanks for your professionalism regarding the technical glitch which made me feel valued as a customer.,appreciation
Warm thanks for clarifying my doubts regarding the support ticket and ensuring a smooth experience.,appreciation
I sincerely value the fast turnaround regarding the technical glitch and making the whole process seamless.,appreciation
Warm thanks for the prompt assistance with the upgrade inquiry and going above and beyond.,appreciation
I'm really grateful for your helpful guidance about the delivery question which really helped a lot.,appreciation
Much appreciation for taking care of this about the service interruption and making the whole process seamless.,appreciation
A big thank you for your helpful guidance with the profile update which exceeded my expectations.,appreciation
I'm very thankful for your consistent support regarding the account verification which really helped a lot.,appreciation
Thanks so much for your patience with my questions with the payment clarification and taking the time to explain clearly.,appreciation
I deeply appreciate your professionalism about the billing concern and responding so professionally.,appreciation
I deeply appreciate your helpful guidance about the system notification which saved me a lot of time.,appreciation
I'm really grateful for resolving my issue regarding the refund process and ensuring a smooth experience.,appreciation
I sincerely value your patience with my questions regarding my account access and going above and beyond.,appreciation
Much appreciation for taking care of this with the payment clarification and handling it with care.,appreciation
I'm very thankful for resolving my issue with the profile update and delivering excellent service.,appreciation
Warm thanks for handling my concern so efficiently with the profile update and responding so professionally.,appreciation
Thanks so much for your professionalism about the plan modification and being so courteous.,appreciation
I'm really grateful for resolving my issue regarding the account verification and offering such thoughtful support.,appreciation
I'm grateful for your consistent support with the password reset and being so courteous.,appreciation
I appreciate your patience with my questions related to the subscription update and being so courteous.,appreciation
Huge thanks for helping me sort this out about the system notification which exceeded my expectations.,appreciation
I'm very thankful for the prompt assistance with the password reset which I truly appreciate.,appreciation
Much appreciation for your helpful guidance about the plan modification which saved me a lot of time.,appreciation
I deeply appreciate resolving my issue with the recent transaction and making everything stress free.,appreciation
I deeply appreciate your quick response on the login difficulty which saved me a lot of time.,appreciation
I can't thank you enough for handling my concern so efficiently with the profile update and responding so professionally.,appreciation
My thanks for the prompt assistance with the upgrade inquiry and being so courteous.,appreciation
I genuinely appreciate your patience with my questions regarding my account access and making it simple to understand.,appreciation
My thanks for the prompt assistance on the login difficulty which made me feel valued as a customer.,appreciation
I want to thank you for taking care of this regarding the app settings and providing such reliable service.,appreciation
I appreciate helping me sort this out about the billing concern and offering such thoughtful support.,appreciation
I can't thank you enough for your consistent support regarding the support ticket which made a big difference.,appreciation
I'm really grateful for handling my concern so efficiently with the upgrade inquiry and making it simple to understand.,appreciation
Many thanks for following up so quickly with the recent transaction and ensuring a smooth experience.,appreciation
Thank you for taking care of this regarding the support ticket and responding so professionally.,appreciation
I'm very thankful for your attentive service with the profile update and responding so professionally.,appreciation
I'm very thankful for your helpful guidance about the feature request and making everything stress free.,appreciation
I'm grateful for your attentive service about the billing concern and ensuring a smooth experience.,appreciation
Much appreciation for your quick response with the upgrade inquiry and going above and beyond.,appreciation
Thanks so much for taking care of this regarding my account access and making the whole process seamless.,appreciation
I sincerely value guiding me through the process with the profile update and providing such reliable service.,appreciation
I genuinely appreciate the fast turnaround on the login difficulty which exceeded my expectations.,appreciation
Thanks so much for your consistent support regarding the technical glitch and delivering excellent service.,appreciation
Thanks so much for your patience with my questions about the billing concern and resolving it so smoothly.,appreciation
I genuinely appreciate clarifying my doubts about the feature request which made me feel valued as a customer.,appreciation
I can't thank you enough for the smooth support experience regarding my account access and offering such thoughtful support.,appreciation
So thankful for your consistent support about the feature request and handling it with care.,appreciation
I appreciate helping me sort this out regarding the technical glitch and making the whole process seamless.,appreciation
Much appreciation for following up so quickly about the delivery question and making everything stress free.,appreciation
I genuinely appreciate your quick response about the system notification and offering such thoughtful support.,appreciation
Endless thanks for resolving my issue with the upgrade inquiry which made me feel valued as a customer.,appreciation
I sincerely value your professionalism about the plan modification which I truly appreciate.,appreciation
My thanks for clarifying my doubts regarding the account verification and resolving it so smoothly.,appreciation
I want to thank you for your consistent support with my recent order and responding so professionally.,appreciation
I genuinely appreciate clarifying my doubts with the payment clarification which really helped a lot.,appreciation
So thankful for following up so quickly regarding the account verification and taking the time to explain clearly.,appreciation
I'm really grateful for making the process easy with the password reset and responding so professionally.,appreciation
I truly appreciate addressing my request with the profile update which saved me a lot of time.,appreciation
I deeply appreciate taking care of this with the upgrade inquiry and being so courteous.,appreciation
A big thank you for your professionalism with my recent order and responding so professionally.,appreciation
Endless thanks for the prompt assistance regarding the refund process which saved me a lot of time.,appreciation
I can't thank you enough for guiding me through the process about the delivery question and handling it with care.,appreciation
Thanks so much for guiding me through the process with the upgrade inquiry and providing such reliable service.,appreciation
Thanks so much for taking care of this about the delivery question and providing such reliable service.,appreciation
I'm very thankful for your outstanding assistance with the payment clarification and providing such reliable service.,appreciation
Thank you for guiding me through the process regarding the support ticket which I truly appreciate.,appreciation
Much appreciation for resolving my issue about the billing concern and taking the time to explain clearly.,appreciation
I deeply appreciate your quick response related to the subscription update and taking the time to explain clearly.,appreciation
I genuinely appreciate addressing my request regarding the account verification and delivering excellent service.,appreciation
I genuinely appreciate following up so quickly on the login difficulty which exceeded my expectations.,appreciation
So thankful for clarifying my doubts about the billing concern and making the whole process seamless.,appreciation
Thanks so much for the fast turnaround with the upgrade inquiry and making it simple to understand.,appreciation
I appreciate your patience with my questions regarding my account access and responding so professionally.,appreciation
Warm thanks for clarifying my doubts regarding the account verification which made me feel valued as a customer.,appreciation
I want to thank you for following up so quickly with the profile update which saved me a lot of time.,appreciation
Warm thanks for the prompt assistance with the payment clarification and taking the time to explain clearly.,appreciation
I sincerely value the detailed explanation on the login difficulty which really helped a lot.,appreciation
My thanks for the prompt assistance about the service interruption and responding so professionally.,appreciation
I'm really grateful for your patience with my questions with the password reset and taking the time to explain clearly.,appreciation
Thank you for guiding me through the process on the login difficulty which saved me a lot of time.,appreciation
My thanks for helping me sort this out related to the subscription update and resolving it so smoothly.,appreciation
I truly appreciate your outstanding assistance about the billing concern and going above and beyond.,appreciation
Many thanks for taking care of this with the password reset and providing such reliable service.,appreciation
I can't thank you enough for resolving my issue on the login difficulty and making everything stress free.,appreciation
A big thank you for resolving my issue regarding the app settings which exceeded my expectations.,appreciation
Much appreciation for addressing my request about the plan modification which saved me a lot of time.,appreciation
Huge thanks for resolving my issue regarding the account verification and delivering excellent service.,appreciation
Warm thanks for taking care of this related to the subscription update which made a big difference.,appreciation
I want to thank you for following up so quickly about the delivery question which made me feel valued as a customer.,appreciation
I genuinely appreciate following up so quickly with my recent order and responding so professionally.,appreciation
I'm really grateful for handling my concern so efficiently about the system notification which saved me a lot of time.,appreciation
Thanks so much for making the process easy about the service interruption which made a big difference.,appreciation
I deeply appreciate the smooth support experience regarding the support ticket and resolving it so smoothly.,appreciation
Thank you for making the process easy regarding the account verification and making the whole process seamless.,appreciation
Warm thanks for your helpful guidance on the login difficulty which made a big difference.,appreciation
Much appreciation for handling my concern so efficiently with the upgrade inquiry and keeping me informed throughout.,appreciation
I want to thank you for your attentive service about the system notification and being so courteous.,appreciation
I appreciate handling my concern so efficiently with the upgrade inquiry and making the whole process seamless.,appreciation
I can't thank you enough for taking care of this related to the subscription update and being so courteous.,appreciation
Many thanks for addressing my request related to the subscription update and keeping me informed throughout.,appreciation
I deeply appreciate your consistent support with the profile update and making it simple to understand.,appreciation
So thankful for your outstanding assistance regarding my account access which I truly appreciate.,appreciation
Thank you for handling my concern so efficiently about the service interruption which I truly appreciate.,appreciation
I'm really grateful for following up so quickly related to the subscription update and resolving it so smoothly.,appreciation
I'm grateful for following up so quickly about the system notification and providing such reliable service.,appreciation
Many thanks for the prompt assistance regarding the refund process which made a big difference.,appreciation
I genuinely appreciate the detailed explanation regarding the app settings and delivering excellent service.,appreciation
Thanks so much for taking care of this about the feature request and going above and beyond.,appreciation
Huge thanks for your patience with my questions on the login difficulty and handling it with care.,appreciation
I appreciate your professionalism regarding the technical glitch and handling it with care.,appreciation
I'm grateful for your quick response with my recent order and responding so professionally.,appreciation
Endless thanks for your professionalism about the billing concern which I truly appreciate.,appreciation
I'm grateful for following up so quickly regarding the technical glitch and ensuring a smooth experience.,appreciation
A big thank you for your quick response with the recent transaction and making everything stress free.,appreciation
I can't thank you enough for taking care of this regarding the account verification and taking the time to explain clearly.,appreciation
I genuinely appreciate your professionalism with the recent transaction and keeping me informed throughout.,appreciation
I want to thank you for your professionalism about the plan modification and being so courteous.,appreciation
I'm really grateful for resolving my issue about the feature request which exceeded my expectations.,appreciation
Endless thanks for the detailed explanation regarding the technical glitch which exceeded my expectations.,appreciation
Much appreciation for resolving my issue with my recent order which made me feel valued as a customer.,appreciation
Thanks so much for the smooth support experience on the login difficulty which made me feel valued as a customer.,appreciation
I genuinely appreciate your quick response on the login difficulty and handling it with care.,appreciation
Much appreciation for resolving my issue regarding my account access and handling it with care.,appreciation
Much appreciation for resolving my issue regarding the refund process which really helped a lot.,appreciation
I truly appreciate following up so quickly regarding my account access and being so courteous.,appreciation
I want to thank you for helping me sort this out about the billing concern and resolving it so smoothly.,appreciation
Many thanks for guiding me through the process about the service interruption and taking the time to explain clearly.,appreciation
Thank you for following up so quickly about the system notification and ensuring a smooth experience.,appreciation
Huge thanks for handling my concern so efficiently regarding the account verification and making the whole process seamless.,appreciation
My thanks for following up so quickly related to the subscription update which saved me a lot of time.,appreciation
I sincerely value your consistent support about the feature request which I truly appreciate.,appreciation
Thank you for your outstanding assistance about the system notification and ensuring a smooth experience.,appreciation
I sincerely value helping me sort this out regarding the account verification and making the whole process seamless.,appreciation
A big thank you for your patience with my questions regarding my account access and making it simple to understand.,appreciation
I appreciate guiding me through the process with the upgrade inquiry which made me feel valued as a customer.,appreciation
I want to thank you for making the process easy about the service interruption and handling it with care.,appreciation
Warm thanks for your helpful guidance regarding the app settings which really helped a lot.,appreciation
A big thank you for handling my concern so efficiently about the delivery question and keeping me informed throughout.,appreciation
A big thank you for your attentive service with the profile update and delivering excellent service.,appreciation
I deeply appreciate the prompt assistance regarding the app settings and ensuring a smooth experience.,appreciation
A big thank you for your helpful guidance with the recent transaction and being so courteous.,appreciation
Thanks so much for addressing my request regarding the support ticket which made me feel valued as a customer.,appreciation
I truly appreciate your helpful guidance regarding the support ticket which made me feel valued as a customer.,appreciation
A big thank you for helping me sort this out with the password reset which saved me a lot of time.,appreciation
My thanks for your quick response related to the subscription update which made me feel valued as a customer.,appreciation
I appreciate the fast turnaround with the upgrade inquiry and delivering excellent service.,appreciation
So thankful for your quick response with the profile update and making everything stress free.,appreciation
I'm really grateful for resolving my issue regarding the support ticket which saved me a lot of time.,appreciation
A big thank you for your attentive service on the login difficulty and offering such thoughtful support.,appreciation
So thankful for your helpful guidance regarding my account access and resolving it so smoothly.,appreciation
Thank you for clarifying my doubts regarding the technical glitch and providing such reliable service.,appreciation
I'm very thankful for making the process easy regarding the technical glitch and handling it with care.,appreciation
I'm really grateful for your consistent support about the plan modification and handling it with care.,appreciation
I sincerely value addressing my request about the delivery question and making everything stress free.,appreciation
I'm really grateful for taking care of this on the login difficulty and making everything stress free.,appreciation
Endless thanks for the prompt assistance regarding the account verification which made me feel valued as a customer.,appreciation
I appreciate taking care of this with the payment clarification which really helped a lot.,appreciation
I'm very thankful for your consistent support with the recent transaction which made me feel valued as a customer.,appreciation
Thank you for the detailed explanation about the billing concern and responding so professionally.,appreciation
I deeply appreciate your patience with my questions regarding the technical glitch and providing such reliable service.,appreciation
Warm thanks for the fast turnaround about the feature request and keeping me informed throughout.,appreciation
I'm grateful for your patience with my questions with my recent order and keeping me informed throughout.,appreciation
I can't thank you enough for your outstanding assistance about the feature request which exceeded my expectations.,appreciation
I truly appreciate resolving my issue about the system notification and providing such reliable service.,appreciation
Endless thanks for your attentive service about the system notification and offering such thoughtful support.,appreciation
Thanks so much for your consistent support with the upgrade inquiry and offering such thoughtful support.,appreciation
I'm really grateful for your outstanding assistance with the profile update which saved me a lot of time.,appreciation
I'm really grateful for your attentive service about the feature request which exceeded my expectations.,appreciation
So thankful for making the process easy about the delivery question and taking the time to explain clearly.,appreciation
I sincerely value your consistent support regarding my account access and providing such reliable service.,appreciation
I'm grateful for your consistent support on the login difficulty and being so courteous.,appreciation
I deeply appreciate the detailed explanation regarding the app settings which exceeded my expectations.,appreciation
Endless thanks for your patience with my questions on the login difficulty and ensuring a smooth experience.,appreciation
Many thanks for the fast turnaround about the system notification and delivering excellent service.,appreciation
Thank you for the smooth support experience with the recent transaction and resolving it so smoothly.,appreciation
Huge thanks for the fast turnaround with the recent transaction and handling it with care.,appreciation
I genuinely appreciate your professionalism regarding my account access and handling it with care.,appreciation
Thanks so much for resolving my issue regarding the support ticket and offering such thoughtful support.,appreciation
Thank you for your patience with my questions with the payment clarification which made a big difference.,appreciation
I'm really grateful for your outstanding assistance regarding my account access and being so courteous.,appreciation
I can't thank you enough for resolving my issue about the plan modification and making everything stress free.,appreciation
I truly appreciate the detailed explanation with the upgrade inquiry and being so courteous.,appreciation
I can't thank you enough for taking care of this regarding my account access and keeping me informed throughout.,appreciation
I can't thank you enough for taking care of this with the profile update which really helped a lot.,appreciation
I genuinely appreciate guiding me through the process about the delivery question and taking the time to explain clearly.,appreciation
So thankful for your attentive service regarding the account verification which I truly appreciate.,appreciation
Much appreciation for your consistent support about the service interruption which made me feel valued as a customer.,appreciation
Warm thanks for guiding me through the process with the upgrade inquiry and ensuring a smooth experience.,appreciation
Endless thanks for helping me sort this out with my recent order which exceeded my expectations.,appreciation
Thanks so much for your professionalism related to the subscription update and delivering excellent service.,appreciation
I deeply appreciate guiding me through the process regarding the account verification which saved me a lot of time.,appreciation
Thanks so much for guiding me through the process with the recent transaction which really helped a lot.,appreciation
Huge thanks for your patience with my questions regarding the support ticket and providing such reliable service.,appreciation
I truly appreciate clarifying my doubts regarding the app settings and ensuring a smooth experience.,appreciation
My thanks for your outstanding assistance about the plan modification and making the whole process seamless.,appreciation
Warm thanks for your professionalism regarding the technical glitch and responding so professionally.,appreciation
I want to thank you for the fast turnaround with the password reset and making everything stress free.,appreciation
Endless thanks for your patience with my questions regarding the technical glitch which made me feel valued as a customer.,appreciation
So thankful for the fast turnaround regarding the account verification and going above and beyond.,appreciation
I'm really grateful for your quick response about the service interruption and going above and beyond.,appreciation
I'm grateful for your outstanding assistance about the feature request which made a big difference.,appreciation
Much appreciation for resolving my issue on the login difficulty which made a big difference.,appreciation
I'm really grateful for clarifying my doubts regarding the support ticket which made a big difference.,appreciation
Much appreciation for taking care of this with the password reset and responding so professionally.,appreciation
I'm grateful for the fast turnaround about the delivery question and taking the time to explain clearly.,appreciation
I'm grateful for the fast turnaround regarding the refund process and making the whole process seamless.,appreciation
Warm thanks for resolving my issue regarding the app settings and offering such thoughtful support.,appreciation
I can't thank you enough for helping me sort this out regarding the technical glitch and going above and beyond.,appreciation
I want to thank you for resolving my issue regarding the support ticket and responding so professionally.,appreciation
So thankful for your professionalism with the payment clarification and making it simple to understand.,appreciation
Endless thanks for helping me sort this out regarding the account verification and keeping me informed throughout.,appreciation
Thank you for following up so quickly with the payment clarification which really helped a lot.,appreciation
Much appreciation for making the process easy with the password reset which saved me a lot of time.,appreciation
I'm grateful for your consistent support with the payment clarification which exceeded my expectations.,appreciation
I'm grateful for your quick response regarding the account verification which saved me a lot of time.,appreciation
Thank you for handling my concern so efficiently regarding my account access which really helped a lot.,appreciation
I truly appreciate the fast turnaround with the payment clarification and ensuring a smooth experience.,appreciation
Thank you for your outstanding assistance about the feature request which really helped a lot.,appreciation
A big thank you for making the process easy with the password reset which made a big difference.,appreciation
I'm really grateful for your patience with my questions about the feature request which saved me a lot of time.,appreciation
Thanks so much for your professionalism with the upgrade inquiry and providing such reliable service.,appreciation
I want to thank you for making the process easy with the recent transaction and making everything stress free.,appreciation
Warm thanks for the smooth support experience with the payment clarification and keeping me informed throughout.,appreciation
Endless thanks for the smooth support experience with the profile update and delivering excellent service.,appreciation
I want to thank you for clarifying my doubts related to the subscription update which I truly appreciate.,appreciation
I truly appreciate addressing my request about the service interruption and keeping me informed throughout.,appreciation
Thank you for addressing my request regarding the refund process and making it simple to understand.,appreciation
I'm grateful for making the process easy with the recent transaction and handling it with care.,appreciation
I'm grateful for the prompt assistance with the profile update and ensuring a smooth experience.,appreciation
Thanks so much for handling my concern so efficiently about the service interruption and making it simple to understand.,appreciation
I want to thank you for your patience with my questions regarding the account verification and handling it with care.,appreciation
I can't thank you enough for making the process easy regarding the app settings and going above and beyond.,appreciation
So thankful for handling my concern so efficiently regarding the account verification which made me feel valued as a customer.,appreciation
Endless thanks for guiding me through the process about the system notification and keeping me informed throughout.,appreciation
I'm really grateful for helping me sort this out on the login difficulty which saved me a lot of time.,appreciation
I want to thank you for your attentive service on the login difficulty and resolving it so smoothly.,appreciation
A big thank you for handling my concern so efficiently about the system notification and making everything stress free.,appreciation
I'm grateful for following up so quickly about the delivery question and delivering excellent service.,appreciation
I'm grateful for resolving my issue about the system notification and responding so professionally.,appreciation
I want to thank you for guiding me through the process on the login difficulty and responding so professionally.,appreciation
I can't thank you enough for your quick response regarding my account access and keeping me informed throughout.,appreciation
My thanks for your helpful guidance with the upgrade inquiry and making it simple to understand.,appreciation
Thank you for your helpful guidance with the payment clarification and handling it with care.,appreciation
I deeply appreciate your helpful guidance about the system notification and offering such thoughtful support.,appreciation
I want to thank you for helping me sort this out about the billing concern and making everything stress free.,appreciation
I appreciate the smooth support experience with the password reset and being so courteous.,appreciation
A big thank you for your attentive service with the password reset and offering such thoughtful support.,appreciation
I genuinely appreciate helping me sort this out with the profile update and keeping me informed throughout.,appreciation
I'm grateful for the smooth support experience regarding the support ticket and offering such thoughtful support.,appreciation
Many thanks for taking care of this regarding the app settings which made a big difference.,appreciation
I can't thank you enough for resolving my issue regarding the refund process and ensuring a smooth experience.,appreciation
Endless thanks for your professionalism about the billing concern and offering such thoughtful support.,appreciation
Warm thanks for guiding me through the process regarding my account access and handling it with care.,appreciation
I'm grateful for your outstanding assistance with my recent order and taking the time to explain clearly.,appreciation
A big thank you for the prompt assistance regarding the refund process which made me feel valued as a customer.,appreciation
I want to thank you for helping me sort this out regarding the refund process and being so courteous.,appreciation
Huge thanks for your helpful guidance regarding the app settings which I truly appreciate.,appreciation
Much appreciation for the detailed explanation related to the subscription update and responding so professionally.,appreciation
I want to thank you for guiding me through the process regarding the account verification and making everything stress free.,appreciation
Huge thanks for the detailed explanation regarding the app settings which made a big difference.,appreciation
Endless thanks for your attentive service regarding my account access and being so courteous.,appreciation
Thanks so much for addressing my request about the service interruption and making the whole process seamless.,appreciation
I'm very thankful for clarifying my doubts about the billing concern and going above and beyond.,appreciation
Much appreciation for resolving my issue with my recent order and making the whole process seamless.,appreciation
I want to thank you for your outstanding assistance with the recent transaction which really helped a lot.,appreciation
Warm thanks for your quick response regarding the support ticket and responding so professionally.,appreciation
I'm grateful for your patience with my questions about the feature request which saved me a lot of time.,appreciation
I'm grateful for addressing my request about the plan modification and delivering excellent service.,appreciation
I truly appreciate your professionalism with the recent transaction which made a big difference.,appreciation
Huge thanks for the detailed explanation about the delivery question which made me feel valued as a customer.,appreciation
So thankful for taking care of this about the service interruption and being so courteous.,appreciation
I truly appreciate the detailed explanation about the plan modification and delivering excellent service.,appreciation
My thanks for the prompt assistance on the login difficulty and making everything stress free.,appreciation
So thankful for your patience with my questions on the login difficulty and handling it with care.,appreciation
Many thanks for following up so quickly regarding my account access and taking the time to explain clearly.,appreciation
I'm really grateful for taking care of this regarding the app settings and delivering excellent service.,appreciation
I'm really grateful for the prompt assistance about the plan modification and resolving it so smoothly.,appreciation
My thanks for your quick response with the payment clarification and making the whole process seamless.,appreciation
I genuinely appreciate helping me sort this out with the upgrade inquiry which I truly appreciate.,appreciation
I genuinely appreciate taking care of this about the feature request and resolving it so smoothly.,appreciation
I can't thank you enough for your outstanding assistance regarding the technical glitch and going above and beyond.,appreciation
I can't thank you enough for your quick response about the plan modification and going above and beyond.,appreciation
Much appreciation for your patience with my questions related to the subscription update and responding so professionally.,appreciation
Thanks so much for your professionalism about the service interruption and ensuring a smooth experience.,appreciation
I genuinely appreciate your patience with my questions with the profile update which exceeded my expectations.,appreciation
I deeply appreciate your outstanding assistance with my recent order and taking the time to explain clearly.,appreciation
A big thank you for guiding me through the process about the feature request and going above and beyond.,appreciation
I'm really grateful for handling my concern so efficiently regarding my account access and going above and beyond.,appreciation
I'm really grateful for your attentive service regarding my account access which made a big difference.,appreciation
I'm very thankful for making the process easy regarding the app settings which made me feel valued as a customer.,appreciation
I deeply appreciate helping me sort this out about the plan modification and resolving it so smoothly.,appreciation
Thanks so much for handling my concern so efficiently regarding my account access and being so courteous.,appreciation
So thankful for the smooth support experience with the recent transaction which exceeded my expectations.,appreciation
I deeply appreciate your helpful guidance with the payment clarification and handling it with care.,appreciation
I appreciate your consistent support with the password reset which made a big difference.,appreciation
I'm very thankful for clarifying my doubts related to the subscription update and handling it with care.,appreciation
A big thank you for your professionalism regarding the account verification and making it simple to understand.,appreciation
I sincerely value addressing my request about the system notification which I truly appreciate.,appreciation
My thanks for your quick response about the billing concern and making everything stress free.,appreciation
Much appreciation for your professionalism with the payment clarification which exceeded my expectations.,appreciation
Many thanks for resolving my issue about the service interruption and offering such thoughtful support.,appreciation
Huge thanks for making the process easy with my recent order which made me feel valued as a customer.,appreciation
Thank you for your outstanding assistance on the login difficulty which exceeded my expectations.,appreciation
I can't thank you enough for the fast turnaround regarding the account verification which I truly appreciate.,appreciation
My thanks for the detailed explanation regarding the support ticket and being so courteous.,appreciation
Much appreciation for your consistent support about the service interruption and making it simple to understand.,appreciation
Huge thanks for clarifying my doubts regarding my account access which made a big difference.,appreciation
I want to thank you for taking care of this regarding the app settings and going above and beyond.,appreciation
So thankful for addressing my request about the billing concern and providing such reliable service.,appreciation
I feel that the support process needs better performance optimization.,feedback
It seems that the checkout system would benefit from a simpler process flow.,feedback
I noticed that the interface requires more consistent support responses.,feedback
I found that the service would benefit from a simpler process flow.,feedback
I think that the app could be enhanced with better mobile optimization.,feedback
I think that the overall experience requires better coordination between teams.,feedback
I noticed that the platform could be enhanced with better mobile optimization.,feedback
"In my experience, the features provided needs refinement in certain features.",feedback
I believe that the interface made things convenient and simple.,feedback
I found that the features provided needs better performance optimization.,feedback
"In my experience, the customer service should focus more on user friendliness.",feedback
I noticed that the support process requires better coordination between teams.,feedback
I feel that the customer service was fairly standard without any surprises.,feedback
I think that the service was handled very professionally.,feedback
I found that the checkout system should focus more on user friendliness.,feedback
I noticed that the checkout system might improve with better communication updates.,feedback
I found that the service was okay overall.,feedback
"From my perspective, the app did what it was supposed to do.",feedback
"Overall, the service needs refinement in certain features.",feedback
I feel that the interface could improve overall stability.,feedback
I feel that the overall experience could be improved with clearer instructions.,feedback
I feel that the app functioned normally during my use.,feedback
I think that the checkout system made things convenient and simple.,feedback
I believe that the features provided functioned normally during my use.,feedback
It seems that the overall experience requires more consistent support responses.,feedback
I feel that the app would benefit from a simpler process flow.,feedback
I noticed that the checkout system delivered a positive experience overall.,feedback
It seems that the checkout system could be improved with clearer instructions.,feedback
"Overall, the platform was efficient and reliable.",feedback
It seems that the checkout system could improve by reducing unnecessary steps.,feedback
I think that the checkout system was acceptable but not exceptional.,feedback
"Personally, the platform could be enhanced with better mobile optimization.",feedback
"Personally, the overall experience did not cause any major issues.",feedback
I think that the interface worked really well for me.,feedback
It seems that the features provided delivered a positive experience overall.,feedback
"From my perspective, the features provided would benefit from faster response times.",feedback
I believe that the app could include more customization options.,feedback
"Overall, the features provided might improve with better communication updates.",feedback
"From my perspective, the checkout system needs better performance optimization.",feedback
I believe that the website could reduce loading times significantly.,feedback
I think that the support process needs clearer error messages.,feedback
I found that the platform did not cause any major issues.,feedback
"Overall, the features provided needs refinement in certain features.",feedback
"From my perspective, the overall experience was clear and straightforward.",feedback
"From my perspective, the service might work better with more detailed notifications.",feedback
"Personally, the app needs better performance optimization.",feedback
"Personally, the interface would benefit from faster response times.",feedback
I believe that the service could be improved with clearer instructions.,feedback
"Personally, the features provided could be enhanced with better mobile optimization.",feedback
I noticed that the app worked really well for me.,feedback
I think that the website did not cause any major issues.,feedback
"Personally, the service was average compared to similar services.",feedback
I think that the checkout system could improve overall stability.,feedback
"Overall, the features provided was fairly standard without any surprises.",feedback
I feel that the app met my expectations perfectly.,feedback
I found that the support process could improve by reducing unnecessary steps.,feedback
"Overall, the support process should simplify the navigation structure.",feedback
I believe that the customer service could use a more intuitive layout.,feedback
It seems that the interface could reduce loading times significantly.,feedback
It seems that the checkout system met basic expectations.,feedback
I noticed that the interface requires better coordination between teams.,feedback
"From my perspective, the customer service needs better performance optimization.",feedback
"Overall, the features provided was efficient and reliable.",feedback
I feel that the overall experience met my expectations perfectly.,feedback
I think that the interface needs clearer error messages.,feedback
"In my experience, the service would be better with additional features.",feedback
I feel that the checkout system was clear and straightforward.,feedback
I noticed that the features provided could use a more intuitive layout.,feedback
It seems that the website might improve with better communication updates.,feedback
"Personally, the overall experience might work better with more detailed notifications.",feedback
I found that the checkout system was better than I expected.,feedback
I believe that the service delivered a positive experience overall.,feedback
I believe that the website might work better with more detailed notifications.,feedback
I noticed that the customer service functioned normally during my use.,feedback
"Personally, the interface worked really well for me.",feedback
It seems that the website needs refinement in certain features.,feedback
"In my experience, the service was clear and straightforward.",feedback
"From my perspective, the website was fairly standard without any surprises.",feedback
I noticed that the checkout system worked really well for me.,feedback
"From my perspective, the overall experience met my expectations perfectly.",feedback
I noticed that the interface was better than I expected.,feedback
I found that the app requires more consistent support responses.,feedback
"Personally, the customer service could include more customization options.",feedback
It seems that the website could be improved with clearer instructions.,feedback
It seems that the platform functioned normally during my use.,feedback
I found that the platform was okay overall.,feedback
I believe that the interface delivered a positive experience overall.,feedback
It seems that the overall experience functioned normally during my use.,feedback
I think that the customer service needs better performance optimization.,feedback
It seems that the website delivered a positive experience overall.,feedback
I believe that the app would benefit from faster response times.,feedback
It seems that the customer service worked really well for me.,feedback
It seems that the customer service delivered a positive experience overall.,feedback
I found that the overall experience met my expectations perfectly.,feedback
"In my experience, the website did not cause any major issues.",feedback
"From my perspective, the overall experience needs clearer error messages.",feedback
I found that the website was fairly standard without any surprises.,feedback
"From my perspective, the overall experience was smooth and easy to use.",feedback
I noticed that the checkout system met my expectations perfectly.,feedback
I think that the service functioned normally during my use.,feedback
"From my perspective, the support process would benefit from a simpler process flow.",feedback
I found that the customer service would benefit from faster response times.,feedback
"In my experience, the app needs refinement in certain features.",feedback
I found that the customer service could reduce loading times significantly.,feedback
"From my perspective, the interface might work better with more detailed notifications.",feedback
"From my perspective, the website met basic expectations.",feedback
I found that the app met my expectations perfectly.,feedback
"Personally, the service should simplify the navigation structure.",feedback
I feel that the app was acceptable but not exceptional.,feedback
"From my perspective, the overall experience was okay overall.",feedback
I believe that the checkout system was smooth and easy to use.,feedback
"Overall, the checkout system met basic expectations.",feedback
I think that the overall experience needs clearer error messages.,feedback
I found that the support process might improve with better communication updates.,feedback
"Overall, the app delivered a positive experience overall.",feedback
I believe that the platform could be improved with clearer instructions.,feedback
I noticed that the platform was manageable throughout.,feedback
"In my experience, the support process felt like a typical service interaction.",feedback
I noticed that the features provided could reduce loading times significantly.,feedback
"Overall, the customer service might improve with better communication updates.",feedback
"Overall, the features provided met my expectations perfectly.",feedback
I think that the service could use a more intuitive layout.,feedback
It seems that the checkout system was efficient and reliable.,feedback
"From my perspective, the support process needs clearer error messages.",feedback
"In my experience, the platform requires better coordination between teams.",feedback
I feel that the overall experience did what it was supposed to do.,feedback
"In my experience, the website functioned normally during my use.",feedback
"Personally, the customer service met my expectations perfectly.",feedback
"In my experience, the features provided would benefit from a simpler process flow.",feedback
I noticed that the customer service could reduce loading times significantly.,feedback
It seems that the customer service was fairly standard without any surprises.,feedback
"Personally, the app should simplify the navigation structure.",feedback
I noticed that the app felt like a typical service interaction.,feedback
I think that the customer service could be improved with clearer instructions.,feedback
"Personally, the service could improve overall stability.",feedback
I think that the app felt like a typical service interaction.,feedback
I found that the support process could be improved with clearer instructions.,feedback
I noticed that the service could reduce loading times significantly.,feedback
I think that the service could reduce loading times significantly.,feedback
I think that the interface could be enhanced with better mobile optimization.,feedback
I believe that the support process did not cause any major issues.,feedback
"Overall, the support process met my expectations perfectly.",feedback
I believe that the website functioned normally during my use.,feedback
I found that the checkout system needs better performance optimization.,feedback
I think that the interface requires more consistent support responses.,feedback
I noticed that the overall experience would be better with additional features.,feedback
"In my experience, the platform could be enhanced with better mobile optimization.",feedback
I noticed that the app would be better with additional features.,feedback
I found that the service was acceptable but not exceptional.,feedback
I think that the overall experience was average compared to similar services.,feedback
"From my perspective, the features provided requires better coordination between teams.",feedback
I noticed that the customer service was smooth and easy to use.,feedback
"Overall, the support process would be better with additional features.",feedback
I think that the website would be better with additional features.,feedback
"From my perspective, the customer service requires better coordination between teams.",feedback
"From my perspective, the features provided did what it was supposed to do.",feedback
"Overall, the app could improve the design for usability.",feedback
It seems that the service was better than I expected.,feedback
I believe that the overall experience was efficient and reliable.,feedback
I noticed that the customer service was better than I expected.,feedback
"In my experience, the support process was better than I expected.",feedback
I noticed that the overall experience needs refinement in certain features.,feedback
"Personally, the checkout system functioned normally during my use.",feedback
I believe that the checkout system could reduce loading times significantly.,feedback
"Overall, the platform should simplify the navigation structure.",feedback
"In my experience, the support process was acceptable but not exceptional.",feedback
"Personally, the interface could include more customization options.",feedback
It seems that the customer service made things convenient and simple.,feedback
"In my experience, the checkout system requires more consistent support responses.",feedback
I noticed that the overall experience could include more customization options.,feedback
"Personally, the features provided delivered a positive experience overall.",feedback
I found that the interface functioned normally during my use.,feedback
I feel that the features provided might improve with better communication updates.,feedback
"In my experience, the overall experience requires more consistent support responses.",feedback
It seems that the support process could improve by reducing unnecessary steps.,feedback
I found that the app was efficient and reliable.,feedback
I noticed that the customer service did what it was supposed to do.,feedback
I feel that the service met my expectations perfectly.,feedback
It seems that the support process did what it was supposed to do.,feedback
I think that the service was clear and straightforward.,feedback
"Overall, the interface needs better performance optimization.",feedback
"Personally, the features provided made things convenient and simple.",feedback
I feel that the support process could be improved with clearer instructions.,feedback
I feel that the features provided was fairly standard without any surprises.,feedback
"In my experience, the interface left me satisfied with the outcome.",feedback
It seems that the app could include more customization options.,feedback
I feel that the website was average compared to similar services.,feedback
I feel that the overall experience did not cause any major issues.,feedback
I noticed that the features provided could be enhanced with better mobile optimization.,feedback
I believe that the website felt like a typical service interaction.,feedback
I think that the website should focus more on user friendliness.,feedback
"Personally, the website could improve the design for usability.",feedback
I noticed that the features provided was handled very professionally.,feedback
"Personally, the app needs refinement in certain features.",feedback
I found that the app should simplify the navigation structure.,feedback
I feel that the website was manageable throughout.,feedback
"Personally, the overall experience was acceptable but not exceptional.",feedback
"Overall, the customer service requires better coordination between teams.",feedback
"Personally, the website might work better with more detailed notifications.",feedback
I feel that the checkout system was efficient and reliable.,feedback
I feel that the features provided was efficient and reliable.,feedback
I found that the interface might work better with more detailed notifications.,feedback
"Personally, the features provided might work better with more detailed notifications.",feedback
I noticed that the customer service was okay overall.,feedback
I feel that the service needs refinement in certain features.,feedback
"In my experience, the platform should focus more on user friendliness.",feedback
"From my perspective, the service could reduce loading times significantly.",feedback
"In my experience, the customer service did not cause any major issues.",feedback
I found that the platform was handled very professionally.,feedback
I found that the overall experience could reduce loading times significantly.,feedback
I think that the overall experience was smooth and easy to use.,feedback
I noticed that the app could improve the design for usability.,feedback
I feel that the app could be improved with clearer instructions.,feedback
I noticed that the service was average compared to similar services.,feedback
"In my experience, the platform could be improved with clearer instructions.",feedback
It seems that the service should focus more on user friendliness.,feedback
I noticed that the support process left me satisfied with the outcome.,feedback
I think that the customer service was acceptable but not exceptional.,feedback
I think that the features provided needs refinement in certain features.,feedback
I found that the app needs clearer error messages.,feedback
"Personally, the platform did not cause any major issues.",feedback
I noticed that the platform was handled very professionally.,feedback
"In my experience, the interface could use a more intuitive layout.",feedback
I noticed that the customer service might work better with more detailed notifications.,feedback
"In my experience, the features provided needs better performance optimization.",feedback
"Overall, the interface was smooth and easy to use.",feedback
It seems that the platform delivered a positive experience overall.,feedback
"From my perspective, the interface could use a more intuitive layout.",feedback
It seems that the customer service would benefit from faster response times.,feedback
"From my perspective, the platform delivered a positive experience overall.",feedback
It seems that the checkout system requires more consistent support responses.,feedback
It seems that the features provided should focus more on user friendliness.,feedback
"From my perspective, the checkout system could be enhanced with better mobile optimization.",feedback
It seems that the customer service could reduce loading times significantly.,feedback
I found that the interface made things convenient and simple.,feedback
I believe that the service requires more consistent support responses.,feedback
I feel that the overall experience made things convenient and simple.,feedback
I noticed that the website could improve overall stability.,feedback
I think that the app requires better coordination between teams.,feedback
I noticed that the app might improve with better communication updates.,feedback
I noticed that the app met my expectations perfectly.,feedback
"In my experience, the website was manageable throughout.",feedback
I found that the interface should focus more on user friendliness.,feedback
"From my perspective, the checkout system left me satisfied with the outcome.",feedback
"Personally, the app delivered a positive experience overall.",feedback
"In my experience, the interface did not cause any major issues.",feedback
I found that the overall experience met basic expectations.,feedback
"Personally, the app was acceptable but not exceptional.",feedback
"Personally, the customer service was efficient and reliable.",feedback
"Personally, the features provided needs clearer error messages.",feedback
It seems that the interface needs clearer error messages.,feedback
I feel that the service would benefit from a simpler process flow.,feedback
I noticed that the app was average compared to similar services.,feedback
I believe that the app might improve with better communication updates.,feedback
It seems that the service would be better with additional features.,feedback
I think that the overall experience requires more consistent support responses.,feedback
It seems that the overall experience could improve overall stability.,feedback
I noticed that the website worked really well for me.,feedback
It seems that the checkout system was handled very professionally.,feedback
"From my perspective, the overall experience was better than I expected.",feedback
It seems that the checkout system would be better with additional features.,feedback
"In my experience, the features provided could be enhanced with better mobile optimization.",feedback
It seems that the platform would benefit from a simpler process flow.,feedback
"In my experience, the app would benefit from faster response times.",feedback
"In my experience, the overall experience could improve the design for usability.",feedback
I noticed that the platform requires better coordination between teams.,feedback
I feel that the website was clear and straightforward.,feedback
It seems that the platform was handled very professionally.,feedback
I feel that the overall experience would be better with additional features.,feedback
I feel that the interface functioned normally during my use.,feedback
I noticed that the platform did not cause any major issues.,feedback
I believe that the support process was manageable throughout.,feedback
"Overall, the checkout system needs clearer error messages.",feedback
"Overall, the checkout system functioned normally during my use.",feedback
"Overall, the support process could improve overall stability.",feedback
I think that the interface did not cause any major issues.,feedback
"In my experience, the app should focus more on user friendliness.",feedback
I feel that the support process was efficient and reliable.,feedback
"Overall, the platform left me satisfied with the outcome.",feedback
I believe that the features provided was smooth and easy to use.,feedback
I think that the features provided requires more consistent support responses.,feedback
"Overall, the interface was fairly standard without any surprises.",feedback
I found that the service was clear and straightforward.,feedback
It seems that the checkout system was smooth and easy to use.,feedback
I noticed that the support process did not cause any major issues.,feedback
I found that the website made things convenient and simple.,feedback
I think that the website requires more consistent support responses.,feedback
I think that the service made things convenient and simple.,feedback
"Personally, the service was handled very professionally.",feedback
"Overall, the platform functioned normally during my use.",feedback
I feel that the platform was manageable throughout.,feedback
"Personally, the website was manageable throughout.",feedback
I think that the website functioned normally during my use.,feedback
I feel that the website could reduce loading times significantly.,feedback
"Personally, the checkout system was okay overall.",feedback
I feel that the service should focus more on user friendliness.,feedback
"Personally, the website functioned normally during my use.",feedback
I feel that the customer service could include more customization options.,feedback
I feel that the website felt like a typical service interaction.,feedback
"From my perspective, the checkout system was clear and straightforward.",feedback
I found that the features provided left me satisfied with the outcome.,feedback
I believe that the customer service could include more customization options.,feedback
I found that the customer service could be enhanced with better mobile optimization.,feedback
I noticed that the checkout system could be improved with clearer instructions.,feedback
It seems that the support process requires better coordination between teams.,feedback
"In my experience, the support process might improve with better communication updates.",feedback
"Personally, the customer service was manageable throughout.",feedback
"In my experience, the app delivered a positive experience overall.",feedback
I found that the customer service met basic expectations.,feedback
I noticed that the interface was average compared to similar services.,feedback
"From my perspective, the customer service could use a more intuitive layout.",feedback
"Overall, the service could include more customization options.",feedback
I noticed that the checkout system could use a more intuitive layout.,feedback
"Overall, the app could include more customization options.",feedback
"Overall, the checkout system was fairly standard without any surprises.",feedback
"In my experience, the checkout system was handled very professionally.",feedback
I feel that the platform would be better with additional features.,feedback
I believe that the website would benefit from faster response times.,feedback
"Personally, the app might improve with better communication updates.",feedback
I believe that the support process was acceptable but not exceptional.,feedback
I noticed that the service was manageable throughout.,feedback
I think that the service worked really well for me.,feedback
"In my experience, the support process worked really well for me.",feedback
I believe that the website was efficient and reliable.,feedback
"From my perspective, the features provided was smooth and easy to use.",feedback
I noticed that the features provided was better than I expected.,feedback
I feel that the customer service did what it was supposed to do.,feedback
I noticed that the website did what it was supposed to do.,feedback
I believe that the app could improve by reducing unnecessary steps.,feedback
I noticed that the website needs better performance optimization.,feedback
"Personally, the interface requires better coordination between teams.",feedback
It seems that the service did what it was supposed to do.,feedback
I feel that the service could improve the design for usability.,feedback
I feel that the features provided was smooth and easy to use.,feedback
"From my perspective, the service could be improved with clearer instructions.",feedback
I believe that the overall experience would be better with additional features.,feedback
I noticed that the app did not cause any major issues.,feedback
"From my perspective, the checkout system should simplify the navigation structure.",feedback
I found that the website did what it was supposed to do.,feedback
It seems that the platform might work better with more detailed notifications.,feedback
It seems that the website did what it was supposed to do.,feedback
I feel that the customer service was manageable throughout.,feedback
I feel that the checkout system worked really well for me.,feedback
I think that the features provided worked really well for me.,feedback
I noticed that the support process was fairly standard without any surprises.,feedback
"Personally, the features provided would benefit from a simpler process flow.",feedback
"Overall, the service was smooth and easy to use.",feedback
I found that the overall experience needs clearer error messages.,feedback
"From my perspective, the support process was smooth and easy to use.",feedback
"Personally, the overall experience requires more consistent support responses.",feedback
I found that the support process needs refinement in certain features.,feedback
"In my experience, the platform needs refinement in certain features.",feedback
"Personally, the support process was average compared to similar services.",feedback
"In my experience, the customer service needs better performance optimization.",feedback
I believe that the customer service was manageable throughout.,feedback
"From my perspective, the app requires more consistent support responses.",feedback
I think that the support process could be enhanced with better mobile optimization.,feedback
"Overall, the support process should focus more on user friendliness.",feedback
I feel that the overall experience needs better performance optimization.,feedback
"From my perspective, the checkout system functioned normally during my use.",feedback
I think that the app might work better with more detailed notifications.,feedback
"Overall, the checkout system could be improved with clearer instructions.",feedback
I found that the platform could improve by reducing unnecessary steps.,feedback
I feel that the platform left me satisfied with the outcome.,feedback
"Personally, the overall experience could improve by reducing unnecessary steps.",feedback
I think that the website was handled very professionally.,feedback
I found that the overall experience worked really well for me.,feedback
I feel that the features provided functioned normally during my use.,feedback
"In my experience, the overall experience did what it was supposed to do.",feedback
"From my perspective, the overall experience would benefit from a simpler process flow.",feedback
It seems that the platform left me satisfied with the outcome.,feedback
"From my perspective, the website was smooth and easy to use.",feedback
"Personally, the service needs clearer error messages.",feedback
"In my experience, the checkout system did not cause any major issues.",feedback
"Overall, the service was okay overall.",feedback
"Personally, the support process could include more customization options.",feedback
I found that the checkout system should simplify the navigation structure.,feedback
I found that the service delivered a positive experience overall.,feedback
I believe that the support process should simplify the navigation structure.,feedback
"In my experience, the app could improve overall stability.",feedback
I feel that the customer service was handled very professionally.,feedback
"Personally, the app could improve overall stability.",feedback
I found that the platform would be better with additional features.,feedback
"Overall, the support process needs refinement in certain features.",feedback
I found that the support process could use a more intuitive layout.,feedback
I think that the features provided could reduce loading times significantly.,feedback
"Overall, the support process met basic expectations.",feedback
"In my experience, the overall experience could use a more intuitive layout.",feedback
It seems that the customer service was efficient and reliable.,feedback
I noticed that the overall experience would benefit from faster response times.,feedback
It seems that the features provided met basic expectations.,feedback
"Personally, the service was better than I expected.",feedback
I feel that the features provided did what it was supposed to do.,feedback
I found that the service would benefit from faster response times.,feedback
It seems that the interface could include more customization options.,feedback
It seems that the service could include more customization options.,feedback
I found that the platform made things convenient and simple.,feedback
"From my perspective, the overall experience might work better with more detailed notifications.",feedback
"In my experience, the overall experience could improve by reducing unnecessary steps.",feedback
I noticed that the service could include more customization options.,feedback
